   ✅  ATS providers: 0 new offers found


📨  Phase 3 — Processing pipeline (score ≥ 3 → Gmail draft)

      Scanned: 0
      Applied: 0

────────────────────────────────────────────────────────────
✅  Scan complete in 351s
   Job boards (60%):  0 new
   ATS providers (40%): 0 new
   Total new jobs:      0
   Above threshold (≥3): 0
   Gmail drafts created: 0
────────────────────────────────────────────────────────────

💤 Sleeping for 10 minutes before next sweep...

════════════════════════════════════════════════════════════
🕐  Hourly Scan — 29/07/2026, 6:52:21 pm
    Mode: LIVE | Min Score: 3 | 60% Boards / 40% ATS
════════════════════════════════════════════════════════════

📋  Phase 1 of 2 — Scanning job boards (Seek / Indeed / LinkedIn) — 60% budget

   ✅  Job boards: 0 new offers found

🏢  Phase 2 of 2 — Scanning 200+ ATS providers (Greenhouse / Ashby / Lever / ...) — 40% budget

   ✅  ATS providers: 0 new offers found


📨  Phase 3 — Processing pipeline (score ≥ 3 → Gmail draft)

      ✅ EverAI — Mid/Senior AI Cinematic Video Editor: Matches target profile
      ✅ Outsource Access Careers — Content & Digital Marketing Specialist: Matches target profile
      ✅ Clover Labs AI — Campaign Manager - SEO & AI Content: Matches target profile
      ✅ Enhanced CV generated: /Users/ilse/career-ops-2/output/cv-ilse-placencia-2026-07-29.pdf
      ✅ Enhanced cover letter generated: /Users/ilse/career-ops-2/output/cover-letter-everai-2026-07-29.pdf
      ✅ Synced to dashboard inbox
      ✅ Enhanced CV generated: /Users/ilse/career-ops-2/output/cv-ilse-placencia-2026-07-29.pdf
      ✅ Enhanced cover letter generated: /Users/ilse/career-ops-2/output/cover-letter-outsource-access-careers-2026-07-29.pdf
      ✅ Synced to dashboard inbox
      ✅ Enhanced CV generated: /Users/ilse/career-ops-2/output/cv-ilse-placencia-2026-07-29.pdf
      ✅ Enhanced cover letter generated: /Users/ilse/career-ops-2/output/cover-letter-clover-labs-ai-2026-07-29.pdf
      ✅ Synced to dashboard inbox
      Scanned: 295
      Applied: 0

────────────────────────────────────────────────────────────
✅  Scan complete in 436s
   Job boards (60%):  0 new
   ATS providers (40%): 0 new
   Total new jobs:      0
   Above threshold (≥3): 0
   Gmail drafts created: 0
────────────────────────────────────────────────────────────

💤 Sleeping for 10 minutes before next sweep...

════════════════════════════════════════════════════════════
🕐  Hourly Scan — 29/07/2026, 7:09:37 pm
    Mode: LIVE | Min Score: 3 | 60% Boards / 40% ATS
════════════════════════════════════════════════════════════

📋  Phase 1 of 2 — Scanning job boards (Seek / Indeed / LinkedIn) — 60% budget

   ✅  Job boards: 0 new offers found

🏢  Phase 2 of 2 — Scanning 200+ ATS providers (Greenhouse / Ashby / Lever / ...) — 40% budget

   ✅  ATS providers: 0 new offers found


📨  Phase 3 — Processing pipeline (score ≥ 3 → Gmail draft)

      ✅ EverAI — Mid/Senior AI Cinematic Video Editor: Matches target profile
      ✅ Outsource Access Careers — Content & Digital Marketing Specialist: Matches target profile
      ✅ Clover Labs AI — Campaign Manager - SEO & AI Content: Matches target profile
      ✅ Enhanced CV generated: /Users/ilse/career-ops-2/output/cv-ilse-placencia-2026-07-29.pdf
      ✅ Enhanced cover letter generated: /Users/ilse/career-ops-2/output/cover-letter-everai-2026-07-29.pdf
      ✅ Found email on job page: hello@remotive.com
      📧 Creating Gmail draft for hello@remotive.com...
      ✅ Gmail draft created (ID: 3360)
      ✅ Synced to dashboard inbox
      ✅ Enhanced CV generated: /Users/ilse/career-ops-2/output/cv-ilse-placencia-2026-07-29.pdf
      ✅ Enhanced cover letter generated: /Users/ilse/career-ops-2/output/cover-letter-outsource-access-careers-2026-07-29.pdf
      ⚠️  No email found on website
      📧 Creating Gmail draft (no recruiter email found)...
      ✅ Gmail draft created (ID: 3361)
      ✅ Synced to dashboard inbox
      ✅ Enhanced CV generated: /Users/ilse/career-ops-2/output/cv-ilse-placencia-2026-07-29.pdf
      ✅ Enhanced cover letter generated: /Users/ilse/career-ops-2/output/cover-letter-clover-labs-ai-2026-07-29.pdf
      ⚠️  No email found on website
      📧 Creating Gmail draft (no recruiter email found)...
      ✅ Gmail draft created (ID: 3362)

────────────────────────────────────────────────────────────
✅  Scan complete in 414s
   Job boards (60%):  0 new
   ATS providers (40%): 0 new
   Total new jobs:      0
   Above threshold (≥3): 0
   Gmail drafts created: 3
────────────────────────────────────────────────────────────

💤 Sleeping for 10 minutes before next sweep...

════════════════════════════════════════════════════════════
🕐  Hourly Scan — 29/07/2026, 7:26:31 pm
    Mode: LIVE | Min Score: 3 | 60% Boards / 40% ATS
════════════════════════════════════════════════════════════

📋  Phase 1 of 2 — Scanning job boards (Seek / Indeed / LinkedIn) — 60% budget

   ✅  Job boards: 0 new offers found

🏢  Phase 2 of 2 — Scanning 200+ ATS providers (Greenhouse / Ashby / Lever / ...) — 40% budget

   ✅  ATS providers: 0 new offers found


📨  Phase 3 — Processing pipeline (score ≥ 3 → Gmail draft)

      ✅ EverAI — Mid/Senior AI Cinematic Video Editor: Matches target profile
      ✅ Outsource Access Careers — Content & Digital Marketing Specialist: Matches target profile
      ✅ Clover Labs AI — Campaign Manager - SEO & AI Content: Matches target profile
      ✅ Enhanced CV generated: /Users/ilse/career-ops-2/output/cv-ilse-placencia-2026-07-29.pdf
      ✅ Enhanced cover letter generated: /Users/ilse/career-ops-2/output/cover-letter-everai-2026-07-29.pdf
      ✅ Found email on job page: hello@remotive.com
      📧 Creating Gmail draft for hello@remotive.com...
      ✅ Gmail draft created (ID: 3363)
      ✅ Synced to dashboard inbox
      ✅ Enhanced CV generated: /Users/ilse/career-ops-2/output/cv-ilse-placencia-2026-07-29.pdf
      ✅ Enhanced cover letter generated: /Users/ilse/career-ops-2/output/cover-letter-outsource-access-careers-2026-07-29.pdf
      ⚠️  No email found on website
      📧 Creating Gmail draft (no recruiter email found)...
      ✅ Gmail draft created (ID: 3364)
      ✅ Synced to dashboard inbox
      ✅ Enhanced CV generated: /Users/ilse/career-ops-2/output/cv-ilse-placencia-2026-07-29.pdf
      ✅ Enhanced cover letter generated: /Users/ilse/career-ops-2/output/cover-letter-clover-labs-ai-2026-07-29.pdf
      ⚠️  No email found on website
      📧 Creating Gmail draft (no recruiter email found)...
      ✅ Gmail draft created (ID: 3365)

────────────────────────────────────────────────────────────
✅  Scan complete in 422s
   Job boards (60%):  0 new
   ATS providers (40%): 0 new
   Total new jobs:      0
   Above threshold (≥3): 0
   Gmail drafts created: 3
────────────────────────────────────────────────────────────

💤 Sleeping for 10 minutes before next sweep...

════════════════════════════════════════════════════════════
🕐  Hourly Scan — 29/07/2026, 7:43:33 pm
    Mode: LIVE | Min Score: 3 | 60% Boards / 40% ATS
════════════════════════════════════════════════════════════

📋  Phase 1 of 2 — Scanning job boards (Seek / Indeed / LinkedIn) — 60% budget

   ✅  Job boards: 0 new offers found

🏢  Phase 2 of 2 — Scanning 200+ ATS providers (Greenhouse / Ashby / Lever / ...) — 40% budget

   ✅  ATS providers: 0 new offers found


📨  Phase 3 — Processing pipeline (score ≥ 3 → Gmail draft)

      ✅ EverAI — Mid/Senior AI Cinematic Video Editor: Matches target profile
      ✅ Outsource Access Careers — Content & Digital Marketing Specialist: Matches target profile
      ✅ Clover Labs AI — Campaign Manager - SEO & AI Content: Matches target profile
      ✅ Enhanced CV generated: /Users/ilse/career-ops-2/output/cv-ilse-placencia-2026-07-29.pdf
      ✅ Enhanced cover letter generated: /Users/ilse/career-ops-2/output/cover-letter-everai-2026-07-29.pdf
      ✅ Found email on job page: hello@remotive.com
      📧 Creating Gmail draft for hello@remotive.com...
      ✅ Gmail draft created (ID: 3366)
      ✅ Synced to dashboard inbox
      ✅ Enhanced CV generated: /Users/ilse/career-ops-2/output/cv-ilse-placencia-2026-07-29.pdf
      ✅ Enhanced cover letter generated: /Users/ilse/career-ops-2/output/cover-letter-outsource-access-careers-2026-07-29.pdf
      ⚠️  No email found on website
      📧 Creating Gmail draft (no recruiter email found)...
      ✅ Gmail draft created (ID: 3367)
      ✅ Synced to dashboard inbox
      ✅ Enhanced CV generated: /Users/ilse/career-ops-2/output/cv-ilse-placencia-2026-07-29.pdf
      ✅ Enhanced cover letter generated: /Users/ilse/career-ops-2/output/cover-letter-clover-labs-ai-2026-07-29.pdf
      ⚠️  No email found on website
      📧 Creating Gmail draft (no recruiter email found)...
      ✅ Gmail draft created (ID: 3368)

────────────────────────────────────────────────────────────
✅  Scan complete in 412s
   Job boards (60%):  0 new
   ATS providers (40%): 0 new
   Total new jobs:      0
   Above threshold (≥3): 0
   Gmail drafts created: 3
────────────────────────────────────────────────────────────

💤 Sleeping for 10 minutes before next sweep...

════════════════════════════════════════════════════════════
🕐  Hourly Scan — 29/07/2026, 8:00:26 pm
    Mode: LIVE | Min Score: 3 | 60% Boards / 40% ATS
════════════════════════════════════════════════════════════

📋  Phase 1 of 2 — Scanning job boards (Seek / Indeed / LinkedIn) — 60% budget

   ✅  Job boards: 0 new offers found

🏢  Phase 2 of 2 — Scanning 200+ ATS providers (Greenhouse / Ashby / Lever / ...) — 40% budget

   ✅  ATS providers: 0 new offers found


📨  Phase 3 — Processing pipeline (score ≥ 3 → Gmail draft)

      ✅ EverAI — Mid/Senior AI Cinematic Video Editor: Matches target profile
      ✅ Outsource Access Careers — Content & Digital Marketing Specialist: Matches target profile
      ✅ Clover Labs AI — Campaign Manager - SEO & AI Content: Matches target profile
      ⚠️  PDF generation failed: spawnSync /bin/sh ETIMEDOUT
      ✅ Enhanced CV generated: /Users/ilse/career-ops-2/output/cv-ilse-placencia-2026-07-29.pdf
      ✅ Enhanced cover letter generated: /Users/ilse/career-ops-2/output/cover-letter-everai-2026-07-29.pdf
      ✅ Found email on job page: hello@remotive.com
      📧 Creating Gmail draft for hello@remotive.com...
      ✅ Gmail draft created (ID: 3369)
      ✅ Synced to dashboard inbox
      ⚠️  PDF generation failed: spawnSync /bin/sh ETIMEDOUT
      ✅ Enhanced CV generated: /Users/ilse/career-ops-2/output/cv-ilse-placencia-2026-07-29.pdf
      ✅ Enhanced cover letter generated: /Users/ilse/career-ops-2/output/cover-letter-outsource-access-careers-2026-07-29.pdf
      ⚠️  No email found on website
      📧 Creating Gmail draft (no recruiter email found)...
      ✅ Gmail draft created (ID: 3370)
      ✅ Synced to dashboard inbox
      ✅ Enhanced CV generated: /Users/ilse/career-ops-2/output/cv-ilse-placencia-2026-07-29.pdf
      ✅ Enhanced cover letter generated: /Users/ilse/career-ops-2/output/cover-letter-clover-labs-ai-2026-07-29.pdf
      ⚠️  No email found on website

────────────────────────────────────────────────────────────
✅  Scan complete in 700s
   Job boards (60%):  0 new
   ATS providers (40%): 0 new
   Total new jobs:      0
   Above threshold (≥3): 0
   Gmail drafts created: 3
────────────────────────────────────────────────────────────

💤 Sleeping for 10 minutes before next sweep...

════════════════════════════════════════════════════════════
🕐  Hourly Scan — 29/07/2026, 8:22:06 pm
    Mode: LIVE | Min Score: 3 | 60% Boards / 40% ATS
════════════════════════════════════════════════════════════

📋  Phase 1 of 2 — Scanning job boards (Seek / Indeed / LinkedIn) — 60% budget

   ✅  Job boards: 0 new offers found

🏢  Phase 2 of 2 — Scanning 200+ ATS providers (Greenhouse / Ashby / Lever / ...) — 40% budget

   ✅  ATS providers: 0 new offers found


📨  Phase 3 — Processing pipeline (score ≥ 3 → Gmail draft)

      ✅ EverAI — Mid/Senior AI Cinematic Video Editor: Matches target profile
      ✅ Outsource Access Careers — Content & Digital Marketing Specialist: Matches target profile
      ✅ Clover Labs AI — Campaign Manager - SEO & AI Content: Matches target profile
      ⚠️  PDF generation failed: spawnSync /bin/sh ETIMEDOUT
      ✅ Enhanced CV generated: /Users/ilse/career-ops-2/output/cv-ilse-placencia-2026-07-29.pdf
      ✅ Enhanced cover letter generated: /Users/ilse/career-ops-2/output/cover-letter-everai-2026-07-29.pdf
      ✅ Found email on job page: hello@remotive.com
      📧 Creating Gmail draft for hello@remotive.com...
      ✅ Gmail draft created (ID: 3373)
      ✅ Synced to dashboard inbox
      ✅ Enhanced CV generated: /Users/ilse/career-ops-2/output/cv-ilse-placencia-2026-07-29.pdf
      ✅ Enhanced cover letter generated: /Users/ilse/career-ops-2/output/cover-letter-outsource-access-careers-2026-07-29.pdf
      ⚠️  No email found on website
      📧 Creating Gmail draft (no recruiter email found)...
      ✅ Gmail draft created (ID: 3374)
      ✅ Synced to dashboard inbox
      ✅ Enhanced CV generated: /Users/ilse/career-ops-2/output/cv-ilse-placencia-2026-07-29.pdf
      ✅ Enhanced cover letter generated: /Users/ilse/career-ops-2/output/cover-letter-clover-labs-ai-2026-07-29.pdf
      ⚠️  No email found on website
      📧 Creating Gmail draft (no recruiter email found)...

────────────────────────────────────────────────────────────
✅  Scan complete in 929s
   Job boards (60%):  0 new
   ATS providers (40%): 0 new
   Total new jobs:      0
   Above threshold (≥3): 0
   Gmail drafts created: 3
────────────────────────────────────────────────────────────

💤 Sleeping for 10 minutes before next sweep...

════════════════════════════════════════════════════════════
🕐  Hourly Scan — 29/07/2026, 8:47:35 pm
    Mode: LIVE | Min Score: 3 | 60% Boards / 40% ATS
════════════════════════════════════════════════════════════

📋  Phase 1 of 2 — Scanning job boards (Seek / Indeed / LinkedIn) — 60% budget

   ✅  Job boards: 0 new offers found

🏢  Phase 2 of 2 — Scanning 200+ ATS providers (Greenhouse / Ashby / Lever / ...) — 40% budget

   ✅  ATS providers: 0 new offers found


📨  Phase 3 — Processing pipeline (score ≥ 3 → Gmail draft)

      ✅ EverAI — Mid/Senior AI Cinematic Video Editor: Matches target profile
      ✅ Outsource Access Careers — Content & Digital Marketing Specialist: Matches target profile
      ✅ Clover Labs AI — Campaign Manager - SEO & AI Content: Matches target profile
      ✅ Enhanced CV generated: /Users/ilse/career-ops-2/output/cv-ilse-placencia-2026-07-29.pdf
      ✅ Enhanced cover letter generated: /Users/ilse/career-ops-2/output/cover-letter-everai-2026-07-29.pdf
      ✅ Found email on job page: hello@remotive.com
      📧 Creating Gmail draft for hello@remotive.com...
      ✅ Gmail draft created (ID: 3376)
      ✅ Synced to dashboard inbox
      ✅ Enhanced CV generated: /Users/ilse/career-ops-2/output/cv-ilse-placencia-2026-07-29.pdf
      ✅ Enhanced cover letter generated: /Users/ilse/career-ops-2/output/cover-letter-outsource-access-careers-2026-07-29.pdf
      ⚠️  No email found on website
      📧 Creating Gmail draft (no recruiter email found)...
      ✅ Gmail draft created (ID: 3377)
      ✅ Synced to dashboard inbox
      ⚠️  PDF generation failed: spawnSync /bin/sh ETIMEDOUT
      ✅ Enhanced CV generated: /Users/ilse/career-ops-2/output/cv-ilse-placencia-2026-07-29.pdf
      ✅ Enhanced cover letter generated: /Users/ilse/career-ops-2/output/cover-letter-clover-labs-ai-2026-07-29.pdf
      ⚠️  No email found on website
      📧 Creating Gmail draft (no recruiter email found)...

────────────────────────────────────────────────────────────
✅  Scan complete in 925s
   Job boards (60%):  0 new
   ATS providers (40%): 0 new
   Total new jobs:      0
   Above threshold (≥3): 0
   Gmail drafts created: 3
────────────────────────────────────────────────────────────

💤 Sleeping for 10 minutes before next sweep...

════════════════════════════════════════════════════════════
🕐  Hourly Scan — 29/07/2026, 9:13:01 pm
    Mode: LIVE | Min Score: 3 | 60% Boards / 40% ATS
════════════════════════════════════════════════════════════

📋  Phase 1 of 2 — Scanning job boards (Seek / Indeed / LinkedIn) — 60% budget

   ✅  Job boards: 0 new offers found

🏢  Phase 2 of 2 — Scanning 200+ ATS providers (Greenhouse / Ashby / Lever / ...) — 40% budget

   ✅  ATS providers: 0 new offers found


📨  Phase 3 — Processing pipeline (score ≥ 3 → Gmail draft)

      ✅ EverAI — Mid/Senior AI Cinematic Video Editor: Matches target profile
      ✅ Outsource Access Careers — Content & Digital Marketing Specialist: Matches target profile
      ✅ Clover Labs AI — Campaign Manager - SEO & AI Content: Matches target profile
      ✅ Enhanced CV generated: /Users/ilse/career-ops-2/output/cv-ilse-placencia-2026-07-29.pdf
      ✅ Enhanced cover letter generated: /Users/ilse/career-ops-2/output/cover-letter-everai-2026-07-29.pdf
      ✅ Found email on job page: hello@remotive.com
      📧 Creating Gmail draft for hello@remotive.com...
      ✅ Gmail draft created (ID: 3379)
      ✅ Synced to dashboard inbox
      ✅ Enhanced CV generated: /Users/ilse/career-ops-2/output/cv-ilse-placencia-2026-07-29.pdf
      ✅ Enhanced cover letter generated: /Users/ilse/career-ops-2/output/cover-letter-outsource-access-careers-2026-07-29.pdf
      ⚠️  No email found on website
      📧 Creating Gmail draft (no recruiter email found)...
      ✅ Gmail draft created (ID: 3380)
      ✅ Synced to dashboard inbox
      ✅ Enhanced CV generated: /Users/ilse/career-ops-2/output/cv-ilse-placencia-2026-07-29.pdf
      ✅ Enhanced cover letter generated: /Users/ilse/career-ops-2/output/cover-letter-clover-labs-ai-2026-07-29.pdf
      ⚠️  No email found on website
      📧 Creating Gmail draft (no recruiter email found)...
      ✅ Gmail draft created (ID: 3381)

────────────────────────────────────────────────────────────
✅  Scan complete in 550s
   Job boards (60%):  0 new
   ATS providers (40%): 0 new
   Total new jobs:      0
   Above threshold (≥3): 0
   Gmail drafts created: 3
────────────────────────────────────────────────────────────

💤 Sleeping for 10 minutes before next sweep...

════════════════════════════════════════════════════════════
🕐  Hourly Scan — 29/07/2026, 9:32:11 pm
    Mode: LIVE | Min Score: 3 | 60% Boards / 40% ATS
════════════════════════════════════════════════════════════

📋  Phase 1 of 2 — Scanning job boards (Seek / Indeed / LinkedIn) — 60% budget

   ✅  Job boards: 0 new offers found

🏢  Phase 2 of 2 — Scanning 200+ ATS providers (Greenhouse / Ashby / Lever / ...) — 40% budget

   ✅  ATS providers: 0 new offers found


📨  Phase 3 — Processing pipeline (score ≥ 3 → Gmail draft)

      ✅ EverAI — Mid/Senior AI Cinematic Video Editor: Matches target profile
      ✅ Outsource Access Careers — Content & Digital Marketing Specialist: Matches target profile
      ✅ Clover Labs AI — Campaign Manager - SEO & AI Content: Matches target profile
      ✅ Enhanced CV generated: /Users/ilse/career-ops-2/output/cv-ilse-placencia-2026-07-29.pdf
      ✅ Enhanced cover letter generated: /Users/ilse/career-ops-2/output/cover-letter-everai-2026-07-29.pdf
      ✅ Found email on job page: hello@remotive.com
      📧 Creating Gmail draft for hello@remotive.com...
      ✅ Gmail draft created (ID: 3382)
      ✅ Synced to dashboard inbox
      ✅ Enhanced CV generated: /Users/ilse/career-ops-2/output/cv-ilse-placencia-2026-07-29.pdf
      ✅ Enhanced cover letter generated: /Users/ilse/career-ops-2/output/cover-letter-outsource-access-careers-2026-07-29.pdf
      ⚠️  No email found on website
      📧 Creating Gmail draft (no recruiter email found)...
      ✅ Gmail draft created (ID: 3383)
      ✅ Synced to dashboard inbox
      ✅ Enhanced CV generated: /Users/ilse/career-ops-2/output/cv-ilse-placencia-2026-07-29.pdf
      ✅ Enhanced cover letter generated: /Users/ilse/career-ops-2/output/cover-letter-clover-labs-ai-2026-07-29.pdf
      ⚠️  No email found on website
      📧 Creating Gmail draft (no recruiter email found)...
      ✅ Gmail draft created (ID: 3384)

────────────────────────────────────────────────────────────
✅  Scan complete in 403s
   Job boards (60%):  0 new
   ATS providers (40%): 0 new
   Total new jobs:      0
   Above threshold (≥3): 0
   Gmail drafts created: 3
────────────────────────────────────────────────────────────

💤 Sleeping for 10 minutes before next sweep...

════════════════════════════════════════════════════════════
🕐  Hourly Scan — 29/07/2026, 9:48:54 pm
    Mode: LIVE | Min Score: 3 | 60% Boards / 40% ATS
════════════════════════════════════════════════════════════

📋  Phase 1 of 2 — Scanning job boards (Seek / Indeed / LinkedIn) — 60% budget

   ✅  Job boards: 0 new offers found

🏢  Phase 2 of 2 — Scanning 200+ ATS providers (Greenhouse / Ashby / Lever / ...) — 40% budget

   ✅  ATS providers: 0 new offers found


📨  Phase 3 — Processing pipeline (score ≥ 3 → Gmail draft)

      ✅ EverAI — Mid/Senior AI Cinematic Video Editor: Matches target profile
      ✅ Outsource Access Careers — Content & Digital Marketing Specialist: Matches target profile
      ✅ Clover Labs AI — Campaign Manager - SEO & AI Content: Matches target profile
      ✅ Enhanced CV generated: /Users/ilse/career-ops-2/output/cv-ilse-placencia-2026-07-29.pdf
      ✅ Enhanced cover letter generated: /Users/ilse/career-ops-2/output/cover-letter-everai-2026-07-29.pdf
      ✅ Found email on job page: hello@remotive.com
      📧 Creating Gmail draft for hello@remotive.com...
      ✅ Gmail draft created (ID: 3385)
      ✅ Synced to dashboard inbox
      ✅ Enhanced CV generated: /Users/ilse/career-ops-2/output/cv-ilse-placencia-2026-07-29.pdf
      ✅ Enhanced cover letter generated: /Users/ilse/career-ops-2/output/cover-letter-outsource-access-careers-2026-07-29.pdf
      ⚠️  No email found on website
      📧 Creating Gmail draft (no recruiter email found)...
      ✅ Gmail draft created (ID: 3386)
      ✅ Synced to dashboard inbox
      ✅ Enhanced CV generated: /Users/ilse/career-ops-2/output/cv-ilse-placencia-2026-07-29.pdf
      ✅ Enhanced cover letter generated: /Users/ilse/career-ops-2/output/cover-letter-clover-labs-ai-2026-07-29.pdf
      ⚠️  No email found on website
      📧 Creating Gmail draft (no recruiter email found)...
      ✅ Gmail draft created (ID: 3387)

────────────────────────────────────────────────────────────
✅  Scan complete in 683s
   Job boards (60%):  0 new
   ATS providers (40%): 0 new
   Total new jobs:      0
   Above threshold (≥3): 0
   Gmail drafts created: 3
────────────────────────────────────────────────────────────

💤 Sleeping for 10 minutes before next sweep...

════════════════════════════════════════════════════════════
🕐  Hourly Scan — 29/07/2026, 10:10:17 pm
    Mode: LIVE | Min Score: 3 | 60% Boards / 40% ATS
════════════════════════════════════════════════════════════

📋  Phase 1 of 2 — Scanning job boards (Seek / Indeed / LinkedIn) — 60% budget

   ✅  Job boards: 0 new offers found

🏢  Phase 2 of 2 — Scanning 200+ ATS providers (Greenhouse / Ashby / Lever / ...) — 40% budget

   ✅  ATS providers: 0 new offers found


📨  Phase 3 — Processing pipeline (score ≥ 3 → Gmail draft)

      ✅ EverAI — Mid/Senior AI Cinematic Video Editor: Matches target profile
      ✅ Outsource Access Careers — Content & Digital Marketing Specialist: Matches target profile
      ✅ Clover Labs AI — Campaign Manager - SEO & AI Content: Matches target profile
      ✅ Enhanced CV generated: /Users/ilse/career-ops-2/output/cv-ilse-placencia-2026-07-29.pdf
      ✅ Enhanced cover letter generated: /Users/ilse/career-ops-2/output/cover-letter-everai-2026-07-29.pdf
      ✅ Found email on job page: hello@remotive.com
      📧 Creating Gmail draft for hello@remotive.com...
      ✅ Gmail draft created (ID: 3390)
      ✅ Synced to dashboard inbox
      ✅ Enhanced CV generated: /Users/ilse/career-ops-2/output/cv-ilse-placencia-2026-07-29.pdf
      ✅ Enhanced cover letter generated: /Users/ilse/career-ops-2/output/cover-letter-outsource-access-careers-2026-07-29.pdf
      ⚠️  No email found on website
      📧 Creating Gmail draft (no recruiter email found)...
      ✅ Gmail draft created (ID: 3391)
      ✅ Synced to dashboard inbox
      ✅ Enhanced CV generated: /Users/ilse/career-ops-2/output/cv-ilse-placencia-2026-07-29.pdf
      ✅ Enhanced cover letter generated: /Users/ilse/career-ops-2/output/cover-letter-clover-labs-ai-2026-07-29.pdf
      ⚠️  No email found on website
      📧 Creating Gmail draft (no recruiter email found)...
      ✅ Gmail draft created (ID: 3392)

────────────────────────────────────────────────────────────
✅  Scan complete in 810s
   Job boards (60%):  0 new
   ATS providers (40%): 0 new
   Total new jobs:      0
   Above threshold (≥3): 0
   Gmail drafts created: 3
────────────────────────────────────────────────────────────

💤 Sleeping for 10 minutes before next sweep...

════════════════════════════════════════════════════════════
🕐  Hourly Scan — 29/07/2026, 10:33:47 pm
    Mode: LIVE | Min Score: 3 | 60% Boards / 40% ATS
════════════════════════════════════════════════════════════

📋  Phase 1 of 2 — Scanning job boards (Seek / Indeed / LinkedIn) — 60% budget

   ✅  Job boards: 0 new offers found

🏢  Phase 2 of 2 — Scanning 200+ ATS providers (Greenhouse / Ashby / Lever / ...) — 40% budget

   ✅  ATS providers: 0 new offers found


📨  Phase 3 — Processing pipeline (score ≥ 3 → Gmail draft)

      ✅ EverAI — Mid/Senior AI Cinematic Video Editor: Matches target profile
      ✅ Outsource Access Careers — Content & Digital Marketing Specialist: Matches target profile
      ✅ Clover Labs AI — Campaign Manager - SEO & AI Content: Matches target profile
      ✅ Enhanced CV generated: /Users/ilse/career-ops-2/output/cv-ilse-placencia-2026-07-29.pdf
      ✅ Enhanced cover letter generated: /Users/ilse/career-ops-2/output/cover-letter-everai-2026-07-29.pdf
      ✅ Found email on job page: hello@remotive.com
      📧 Creating Gmail draft for hello@remotive.com...
      ✅ Gmail draft created (ID: 3393)
      ✅ Synced to dashboard inbox
      ✅ Enhanced CV generated: /Users/ilse/career-ops-2/output/cv-ilse-placencia-2026-07-29.pdf
      ✅ Enhanced cover letter generated: /Users/ilse/career-ops-2/output/cover-letter-outsource-access-careers-2026-07-29.pdf
      ⚠️  No email found on website
      📧 Creating Gmail draft (no recruiter email found)...
      ✅ Gmail draft created (ID: 3394)
      ✅ Synced to dashboard inbox
      ✅ Enhanced CV generated: /Users/ilse/career-ops-2/output/cv-ilse-placencia-2026-07-29.pdf
      ✅ Enhanced cover letter generated: /Users/ilse/career-ops-2/output/cover-letter-clover-labs-ai-2026-07-29.pdf
      ⚠️  No email found on website
      📧 Creating Gmail draft (no recruiter email found)...
      ✅ Gmail draft created (ID: 3395)

────────────────────────────────────────────────────────────
✅  Scan complete in 993s
   Job boards (60%):  0 new
   ATS providers (40%): 0 new
   Total new jobs:      0
   Above threshold (≥3): 0
   Gmail drafts created: 3
────────────────────────────────────────────────────────────

💤 Sleeping for 10 minutes before next sweep...
◇ injected env (4) from web/.env.local // tip: ⌘ custom filepath { path: '/custom/path/.env' }
🚀 Daemon started. Loop interval set to 10 minutes.

════════════════════════════════════════════════════════════
🕐  Hourly Scan — 29/07/2026, 10:50:36 pm
    Mode: LIVE | Min Score: 3 | 60% Boards / 40% ATS
════════════════════════════════════════════════════════════

📋  Phase 1 of 2 — Scanning job boards (Seek / Indeed / LinkedIn) — 60% budget

   ✅  Job boards: 0 new offers found

🏢  Phase 2 of 2 — Scanning 200+ ATS providers (Greenhouse / Ashby / Lever / ...) — 40% budget

   ✅  ATS providers: 0 new offers found


📨  Phase 3 — Processing pipeline (score ≥ 3 → Gmail draft)

      ✅ EverAI — Mid/Senior AI Cinematic Video Editor: Matches target profile
      ✅ Outsource Access Careers — Content & Digital Marketing Specialist: Matches target profile
      ✅ Clover Labs AI — Campaign Manager - SEO & AI Content: Matches target profile
      ✅ Enhanced CV generated: /Users/ilse/career-ops-2/output/cv-ilse-placencia-2026-07-29.pdf
      ✅ Enhanced cover letter generated: /Users/ilse/career-ops-2/output/cover-letter-everai-2026-07-29.pdf
      ✅ Found email on job page: hello@remotive.com
      📧 Creating Gmail draft for hello@remotive.com...
      ✅ Gmail draft created (ID: 3399)
      ✅ Synced to dashboard inbox
      ✅ Enhanced CV generated: /Users/ilse/career-ops-2/output/cv-ilse-placencia-2026-07-29.pdf
      ✅ Enhanced cover letter generated: /Users/ilse/career-ops-2/output/cover-letter-outsource-access-careers-2026-07-29.pdf
      ⚠️  No email found on website
      📧 Creating Gmail draft (no recruiter email found)...
      ✅ Gmail draft created (ID: 3400)
      ✅ Synced to dashboard inbox
      ✅ Local applications tracker updated
      ✅ Enhanced CV generated: /Users/ilse/career-ops-2/output/cv-ilse-placencia-2026-07-29.pdf
      ✅ Enhanced cover letter generated: /Users/ilse/career-ops-2/output/cover-letter-clover-labs-ai-2026-07-29.pdf
      ⚠️  No email found on website
      📧 Creating Gmail draft (no recruiter email found)...

────────────────────────────────────────────────────────────
✅  Scan complete in 1316s
   Job boards (60%):  0 new
   ATS providers (40%): 0 new
   Total new jobs:      0
   Above threshold (≥3): 0
   Gmail drafts created: 3
────────────────────────────────────────────────────────────

💤 Sleeping for 10 minutes before next sweep...

════════════════════════════════════════════════════════════
🕐  Hourly Scan — 29/07/2026, 11:22:32 pm
    Mode: LIVE | Min Score: 3 | 60% Boards / 40% ATS
════════════════════════════════════════════════════════════

📋  Phase 1 of 2 — Scanning job boards (Seek / Indeed / LinkedIn) — 60% budget

   ✅  Job boards: 0 new offers found

🏢  Phase 2 of 2 — Scanning 200+ ATS providers (Greenhouse / Ashby / Lever / ...) — 40% budget

   ✅  ATS providers: 0 new offers found


📨  Phase 3 — Processing pipeline (score ≥ 3 → Gmail draft)

      ✅ EverAI — Mid/Senior AI Cinematic Video Editor: Matches target profile
      ✅ Outsource Access Careers — Content & Digital Marketing Specialist: Matches target profile
      ✅ Clover Labs AI — Campaign Manager - SEO & AI Content: Matches target profile
      ✅ Enhanced CV generated: /Users/ilse/career-ops-2/output/cv-ilse-placencia-2026-07-29.pdf
      ✅ Enhanced cover letter generated: /Users/ilse/career-ops-2/output/cover-letter-everai-2026-07-29.pdf
      ✅ Found email on job page: hello@remotive.com
      📧 Creating Gmail draft for hello@remotive.com...
      ✅ Gmail draft created (ID: 3402)
      ✅ Synced to dashboard inbox
      ✅ Enhanced CV generated: /Users/ilse/career-ops-2/output/cv-ilse-placencia-2026-07-29.pdf
      ✅ Enhanced cover letter generated: /Users/ilse/career-ops-2/output/cover-letter-outsource-access-careers-2026-07-29.pdf
      ⚠️  No email found on website
      📧 Creating Gmail draft (no recruiter email found)...
      ✅ Gmail draft created (ID: 3403)
      ✅ Synced to dashboard inbox
      ✅ Enhanced CV generated: /Users/ilse/career-ops-2/output/cv-ilse-placencia-2026-07-29.pdf
      ✅ Enhanced cover letter generated: /Users/ilse/career-ops-2/output/cover-letter-clover-labs-ai-2026-07-29.pdf
      ⚠️  No email found on website
      📧 Creating Gmail draft (no recruiter email found)...
      ✅ Gmail draft created (ID: 3404)

────────────────────────────────────────────────────────────
✅  Scan complete in 638s
   Job boards (60%):  0 new
   ATS providers (40%): 0 new
   Total new jobs:      0
   Above threshold (≥3): 0
   Gmail drafts created: 3
────────────────────────────────────────────────────────────

💤 Sleeping for 10 minutes before next sweep...

════════════════════════════════════════════════════════════
🕐  Hourly Scan — 29/07/2026, 11:43:10 pm
    Mode: LIVE | Min Score: 3 | 60% Boards / 40% ATS
════════════════════════════════════════════════════════════

📋  Phase 1 of 2 — Scanning job boards (Seek / Indeed / LinkedIn) — 60% budget

   ✅  Job boards: 0 new offers found

🏢  Phase 2 of 2 — Scanning 200+ ATS providers (Greenhouse / Ashby / Lever / ...) — 40% budget

   ✅  ATS providers: 0 new offers found


📨  Phase 3 — Processing pipeline (score ≥ 3 → Gmail draft)

      ✅ EverAI — Mid/Senior AI Cinematic Video Editor: Matches target profile
      ✅ Outsource Access Careers — Content & Digital Marketing Specialist: Matches target profile
      ✅ Clover Labs AI — Campaign Manager - SEO & AI Content: Matches target profile
      ✅ Enhanced CV generated: /Users/ilse/career-ops-2/output/cv-ilse-placencia-2026-07-29.pdf
      ✅ Enhanced cover letter generated: /Users/ilse/career-ops-2/output/cover-letter-everai-2026-07-29.pdf
      ✅ Found email on job page: hello@remotive.com
      📧 Creating Gmail draft for hello@remotive.com...
      ✅ Gmail draft created (ID: 3405)
      ✅ Synced to dashboard inbox
      ✅ Enhanced CV generated: /Users/ilse/career-ops-2/output/cv-ilse-placencia-2026-07-29.pdf
      ✅ Enhanced cover letter generated: /Users/ilse/career-ops-2/output/cover-letter-outsource-access-careers-2026-07-29.pdf
      ⚠️  No email found on website
      📧 Creating Gmail draft (no recruiter email found)...
      ✅ Gmail draft created (ID: 3406)
      ✅ Synced to dashboard inbox
      ✅ Enhanced CV generated: /Users/ilse/career-ops-2/output/cv-ilse-placencia-2026-07-29.pdf
      ✅ Enhanced cover letter generated: /Users/ilse/career-ops-2/output/cover-letter-clover-labs-ai-2026-07-29.pdf
      ⚠️  No email found on website
      📧 Creating Gmail draft (no recruiter email found)...
      ✅ Gmail draft created (ID: 3407)

────────────────────────────────────────────────────────────
✅  Scan complete in 859s
   Job boards (60%):  0 new
   ATS providers (40%): 0 new
   Total new jobs:      0
   Above threshold (≥3): 0
   Gmail drafts created: 3
────────────────────────────────────────────────────────────

💤 Sleeping for 10 minutes before next sweep...

════════════════════════════════════════════════════════════
🕐  Hourly Scan — 30/07/2026, 12:07:29 am
    Mode: LIVE | Min Score: 3 | 60% Boards / 40% ATS
════════════════════════════════════════════════════════════

📋  Phase 1 of 2 — Scanning job boards (Seek / Indeed / LinkedIn) — 60% budget

   ✅  Job boards: 0 new offers found

🏢  Phase 2 of 2 — Scanning 200+ ATS providers (Greenhouse / Ashby / Lever / ...) — 40% budget

   ✅  ATS providers: 0 new offers found


📨  Phase 3 — Processing pipeline (score ≥ 3 → Gmail draft)

      ✅ EverAI — Mid/Senior AI Cinematic Video Editor: Matches target profile
      ✅ Outsource Access Careers — Content & Digital Marketing Specialist: Matches target profile
      ✅ Clover Labs AI — Campaign Manager - SEO & AI Content: Matches target profile
      ✅ Enhanced CV generated: /Users/ilse/career-ops-2/output/cv-ilse-placencia-2026-07-29.pdf
      ✅ Enhanced cover letter generated: /Users/ilse/career-ops-2/output/cover-letter-everai-2026-07-29.pdf
      ✅ Found email on job page: hello@remotive.com
      📧 Creating Gmail draft for hello@remotive.com...
      ✅ Gmail draft created (ID: 3408)
      ✅ Synced to dashboard inbox
      ✅ Enhanced CV generated: /Users/ilse/career-ops-2/output/cv-ilse-placencia-2026-07-29.pdf
      ✅ Enhanced cover letter generated: /Users/ilse/career-ops-2/output/cover-letter-outsource-access-careers-2026-07-29.pdf
      ⚠️  No email found on website
      📧 Creating Gmail draft (no recruiter email found)...
      ✅ Gmail draft created (ID: 3409)
      ✅ Synced to dashboard inbox
      ✅ Enhanced CV generated: /Users/ilse/career-ops-2/output/cv-ilse-placencia-2026-07-29.pdf
      ✅ Enhanced cover letter generated: /Users/ilse/career-ops-2/output/cover-letter-clover-labs-ai-2026-07-29.pdf
      ⚠️  No email found on website
      📧 Creating Gmail draft (no recruiter email found)...
      ✅ Gmail draft created (ID: 3410)

────────────────────────────────────────────────────────────
✅  Scan complete in 554s
   Job boards (60%):  0 new
   ATS providers (40%): 0 new
   Total new jobs:      0
   Above threshold (≥3): 0
   Gmail drafts created: 3
────────────────────────────────────────────────────────────

💤 Sleeping for 10 minutes before next sweep...
◇ injected env (4) from web/.env.local // tip: ◈ encrypted .env [www.dotenvx.com]
🚀 Daemon started. Loop interval set to 10 minutes.

════════════════════════════════════════════════════════════
🕐  Hourly Scan — 30/07/2026, 12:21:18 am
    Mode: LIVE | Min Score: 3 | 60% Boards / 40% ATS
════════════════════════════════════════════════════════════

📋  Phase 1 of 2 — Scanning job boards (Seek / Indeed / LinkedIn) — 60% budget

   ✅  Job boards: 0 new offers found

🏢  Phase 2 of 2 — Scanning 200+ ATS providers (Greenhouse / Ashby / Lever / ...) — 40% budget

   ✅  ATS providers: 0 new offers found


📨  Phase 3 — Processing pipeline (score ≥ 3 → Gmail draft)

      ✅ EverAI — Mid/Senior AI Cinematic Video Editor: Matches target profile
      ✅ Impact Brands — Executive Assistant to the Chief Marketing Officer: Matches target profile
      ✅ Invisible Technologies — Religion Specialist – Freelance AI Trainer Project: Matches target profile
      ✅ Outsource Access Careers — Content & Digital Marketing Specialist: Matches target profile
      ✅ Clover Labs AI — Campaign Manager - SEO & AI Content: Matches target profile
      ✅ Enhanced CV generated: /Users/ilse/career-ops-2/output/cv-ilse-placencia-2026-07-29.pdf
      ✅ Enhanced cover letter generated: /Users/ilse/career-ops-2/output/cover-letter-everai-2026-07-29.pdf
      ✅ Found email on job page: hello@remotive.com
      📧 Creating Gmail draft for hello@remotive.com...
      ✅ Gmail draft created (ID: 3415)
      ✅ Synced to dashboard inbox
      ✅ Enhanced CV generated: /Users/ilse/career-ops-2/output/cv-ilse-placencia-2026-07-29.pdf
      ✅ Enhanced cover letter generated: /Users/ilse/career-ops-2/output/cover-letter-impact-brands-2026-07-29.pdf
      ✅ Found email on https://himalayas.app/contact: hi@himalayas.app
      📧 Creating Gmail draft for hi@himalayas.app...
      ✅ Gmail draft created (ID: 3416)
      ✅ Synced to dashboard inbox
      ✅ Enhanced CV generated: /Users/ilse/career-ops-2/output/cv-ilse-placencia-2026-07-29.pdf
      ✅ Enhanced cover letter generated: /Users/ilse/career-ops-2/output/cover-letter-outsource-access-careers-2026-07-29.pdf
      ⚠️  No email found on website

────────────────────────────────────────────────────────────
✅  Scan complete in 1023s
   Job boards (60%):  0 new
   ATS providers (40%): 0 new
   Total new jobs:      0
   Above threshold (≥3): 0
   Gmail drafts created: 4
────────────────────────────────────────────────────────────

💤 Sleeping for 10 minutes before next sweep...

════════════════════════════════════════════════════════════
🕐  Hourly Scan — 30/07/2026, 12:48:21 am
    Mode: LIVE | Min Score: 3 | 60% Boards / 40% ATS
════════════════════════════════════════════════════════════

📋  Phase 1 of 2 — Scanning job boards (Seek / Indeed / LinkedIn) — 60% budget

   ✅  Job boards: 0 new offers found

🏢  Phase 2 of 2 — Scanning 200+ ATS providers (Greenhouse / Ashby / Lever / ...) — 40% budget

   ✅  ATS providers: 0 new offers found


📨  Phase 3 — Processing pipeline (score ≥ 3 → Gmail draft)

      ✅ EverAI — Mid/Senior AI Cinematic Video Editor: Matches target profile
      ✅ Impact Brands — Executive Assistant to the Chief Marketing Officer: Matches target profile
      ✅ Invisible Technologies — Religion Specialist – Freelance AI Trainer Project: Matches target profile
      ✅ Outsource Access Careers — Content & Digital Marketing Specialist: Matches target profile
      ✅ Clover Labs AI — Campaign Manager - SEO & AI Content: Matches target profile
      ✅ Enhanced CV generated: /Users/ilse/career-ops-2/output/cv-ilse-placencia-2026-07-29.pdf
      ✅ Enhanced cover letter generated: /Users/ilse/career-ops-2/output/cover-letter-everai-2026-07-29.pdf
      ✅ Found email on job page: hello@remotive.com
      📧 Creating Gmail draft for hello@remotive.com...
      ✅ Gmail draft created (ID: 3419)
      ✅ Synced to dashboard inbox
      ✅ Enhanced CV generated: /Users/ilse/career-ops-2/output/cv-ilse-placencia-2026-07-29.pdf
      ✅ Enhanced cover letter generated: /Users/ilse/career-ops-2/output/cover-letter-impact-brands-2026-07-29.pdf
      ✅ Found email on https://himalayas.app/contact: hi@himalayas.app
      📧 Creating Gmail draft for hi@himalayas.app...
      ✅ Gmail draft created (ID: 3420)
      ✅ Synced to dashboard inbox
      ✅ Enhanced CV generated: /Users/ilse/career-ops-2/output/cv-ilse-placencia-2026-07-29.pdf
      ✅ Enhanced cover letter generated: /Users/ilse/career-ops-2/output/cover-letter-outsource-access-careers-2026-07-29.pdf
      ⚠️  No email found on website

────────────────────────────────────────────────────────────
✅  Scan complete in 524s
   Job boards (60%):  0 new
   ATS providers (40%): 0 new
   Total new jobs:      0
   Above threshold (≥3): 0
   Gmail drafts created: 4
────────────────────────────────────────────────────────────

💤 Sleeping for 10 minutes before next sweep...

════════════════════════════════════════════════════════════
🕐  Hourly Scan — 30/07/2026, 1:07:05 am
    Mode: LIVE | Min Score: 3 | 60% Boards / 40% ATS
════════════════════════════════════════════════════════════

📋  Phase 1 of 2 — Scanning job boards (Seek / Indeed / LinkedIn) — 60% budget

   ✅  Job boards: 0 new offers found

🏢  Phase 2 of 2 — Scanning 200+ ATS providers (Greenhouse / Ashby / Lever / ...) — 40% budget

   ✅  ATS providers: 0 new offers found


📨  Phase 3 — Processing pipeline (score ≥ 3 → Gmail draft)

      ✅ EverAI — Mid/Senior AI Cinematic Video Editor: Matches target profile
      ✅ Impact Brands — Executive Assistant to the Chief Marketing Officer: Matches target profile
      ✅ Invisible Technologies — Religion Specialist – Freelance AI Trainer Project: Matches target profile
      ✅ Outsource Access Careers — Content & Digital Marketing Specialist: Matches target profile
      ✅ Clover Labs AI — Campaign Manager - SEO & AI Content: Matches target profile
      ✅ Enhanced CV generated: /Users/ilse/career-ops-2/output/cv-ilse-placencia-2026-07-29.pdf
      ✅ Enhanced cover letter generated: /Users/ilse/career-ops-2/output/cover-letter-everai-2026-07-29.pdf
      ✅ Found email on job page: hello@remotive.com
      📧 Creating Gmail draft for hello@remotive.com...
      ✅ Gmail draft created (ID: 3429)
      ✅ Synced to dashboard inbox
      ✅ Enhanced CV generated: /Users/ilse/career-ops-2/output/cv-ilse-placencia-2026-07-29.pdf
      ✅ Enhanced cover letter generated: /Users/ilse/career-ops-2/output/cover-letter-impact-brands-2026-07-29.pdf
      ✅ Found email on https://himalayas.app/contact: hi@himalayas.app
      📧 Creating Gmail draft for hi@himalayas.app...
      ✅ Gmail draft created (ID: 3430)
      ✅ Synced to dashboard inbox
      ✅ Enhanced CV generated: /Users/ilse/career-ops-2/output/cv-ilse-placencia-2026-07-29.pdf
      ✅ Enhanced cover letter generated: /Users/ilse/career-ops-2/output/cover-letter-outsource-access-careers-2026-07-29.pdf
      ⚠️  No email found on website

────────────────────────────────────────────────────────────
✅  Scan complete in 490s
   Job boards (60%):  0 new
   ATS providers (40%): 0 new
   Total new jobs:      0
   Above threshold (≥3): 0
   Gmail drafts created: 4
────────────────────────────────────────────────────────────

💤 Sleeping for 10 minutes before next sweep...

════════════════════════════════════════════════════════════
🕐  Hourly Scan — 30/07/2026, 1:25:15 am
    Mode: LIVE | Min Score: 3 | 60% Boards / 40% ATS
════════════════════════════════════════════════════════════

📋  Phase 1 of 2 — Scanning job boards (Seek / Indeed / LinkedIn) — 60% budget

   ✅  Job boards: 0 new offers found

🏢  Phase 2 of 2 — Scanning 200+ ATS providers (Greenhouse / Ashby / Lever / ...) — 40% budget

◇ injected env (4) from web/.env.local // tip: ⌘ suppress logs { quiet: true }
🚀 Daemon started. Loop interval set to 10 minutes.

════════════════════════════════════════════════════════════
🕐  Hourly Scan — 30/07/2026, 1:27:08 am
    Mode: LIVE | Min Score: 3 | 60% Boards / 40% ATS
════════════════════════════════════════════════════════════

📋  Phase 1 of 2 — Scanning job boards (Seek / Indeed / LinkedIn) — 60% budget

◇ injected env (4) from web/.env.local // tip: ⌘ custom filepath { path: '/custom/path/.env' }
🚀 Daemon started. Loop interval set to 10 minutes.

════════════════════════════════════════════════════════════
🕐  Hourly Scan — 30/07/2026, 1:28:14 am
    Mode: LIVE | Min Score: 3 | 60% Boards / 40% ATS
════════════════════════════════════════════════════════════

📋  Phase 1 of 2 — Scanning job boards (Seek / Indeed / LinkedIn) — 60% budget

   ✅  Job boards: 0 new offers found

🏢  Phase 2 of 2 — Scanning 200+ ATS providers (Greenhouse / Ashby / Lever / ...) — 40% budget

   ✅  ATS providers: 0 new offers found


📨  Phase 3 — Processing pipeline (score ≥ 3 → Gmail draft)

      ✅ EverAI — Mid/Senior AI Cinematic Video Editor: Matches target profile
      ✅ Impact Brands — Executive Assistant to the Chief Marketing Officer: Matches target profile
      ✅ Invisible Technologies — Religion Specialist – Freelance AI Trainer Project: Matches target profile
      ✅ Outsource Access Careers — Content & Digital Marketing Specialist: Matches target profile
      ✅ Clover Labs AI — Campaign Manager - SEO & AI Content: Matches target profile
      ✅ Bentley Systems — Content Marketing Manager: Matches target profile
      ✅ TE Connectivity — AI Business Acceleration Manager (Remote - Harrisburg, PA area): Matches target profile
      ✅ Vidalytics — AI Automation Engineer, In-House MarTech Video SaaS: Matches target profile
      ✅ Qventus — Senior/Lead Product Manager, Agentic AI Platform: Matches target profile
      ✅ Rimini Street — Forward Deployed Engineer (Agentic AI): Matches target profile
      ✅ Reveleer — Full Stack AI Engineer: Matches target profile
      ✅ Tether — AI Research Engineer: Matches target profile
      ✅ A.Team — Senior Independent AI Engineer / Architect: Matches target profile
      ✅ New Law Business Model — Marketing Automation SaaS + Services Line of Business Owner: Matches target profile
      ✅ EverAI Limited — Mid/Senior AI Cinematic Video Editor (Full Remote - Worldwide): Matches target profile
      ✅ EverAI — Mid/Senior AI Cinematic Video Editor: Matches target profile
      ✅ Boardway — Senior AI Engineer: Matches target profile
      ✅ Mark Firth Marketing LLC — AI Automation Specialist: Matches target profile
      ✅ TOMORROW HIRE — AI Automation Specialist: Matches target profile
      ✅ Bank of America — AVP / VP - Operations Manager - Data and Reporting Operations Management: Matches target profile

────────────────────────────────────────────────────────────
✅  Scan complete in 2503s
   Job boards (60%):  0 new
   ATS providers (40%): 0 new
   Total new jobs:      0
   Above threshold (≥3): 0
   Gmail drafts created: 16
   Errors: 1 (see log)
────────────────────────────────────────────────────────────

💤 Sleeping for 10 minutes before next sweep...
◇ injected env (5) from web/.env.local // tip: ⌘ suppress logs { quiet: true }
🚀 Daemon started. Loop interval set to 10 minutes.

════════════════════════════════════════════════════════════
🕐  Hourly Scan — 30/07/2026, 2:16:52 am
    Mode: LIVE | Min Score: 3 | 60% Boards / 40% ATS
════════════════════════════════════════════════════════════

📋  Phase 1 of 2 — Scanning job boards (Seek / Indeed / LinkedIn) — 60% budget

   ✅  Job boards: 0 new offers found

🏢  Phase 2 of 2 — Scanning 200+ ATS providers (Greenhouse / Ashby / Lever / ...) — 40% budget

   ✅  ATS providers: 0 new offers found


📨  Phase 3 — Processing pipeline (score ≥ 3 → Gmail draft)

      ✅ EverAI — Mid/Senior AI Cinematic Video Editor: Matches target profile
      ✅ Impact Brands — Executive Assistant to the Chief Marketing Officer: Matches target profile
      ✅ Invisible Technologies — Religion Specialist – Freelance AI Trainer Project: Matches target profile
      ✅ Outsource Access Careers — Content & Digital Marketing Specialist: Matches target profile
      ✅ Clover Labs AI — Campaign Manager - SEO & AI Content: Matches target profile
      ✅ Bentley Systems — Content Marketing Manager: Matches target profile
      ✅ TE Connectivity — AI Business Acceleration Manager (Remote - Harrisburg, PA area): Matches target profile
      ✅ Vidalytics — AI Automation Engineer, In-House MarTech Video SaaS: Matches target profile
      ✅ Qventus — Senior/Lead Product Manager, Agentic AI Platform: Matches target profile
      ✅ Rimini Street — Forward Deployed Engineer (Agentic AI): Matches target profile
      ✅ Reveleer — Full Stack AI Engineer: Matches target profile
      ✅ Tether — AI Research Engineer: Matches target profile
      ✅ A.Team — Senior Independent AI Engineer / Architect: Matches target profile
      ✅ New Law Business Model — Marketing Automation SaaS + Services Line of Business Owner: Matches target profile
      ✅ EverAI Limited — Mid/Senior AI Cinematic Video Editor (Full Remote - Worldwide): Matches target profile
      ✅ EverAI — Mid/Senior AI Cinematic Video Editor: Matches target profile
      ✅ Boardway — Senior AI Engineer: Matches target profile
      ✅ Mark Firth Marketing LLC — AI Automation Specialist: Matches target profile
      ✅ TOMORROW HIRE — AI Automation Specialist: Matches target profile
      ✅ Bank of America — AVP / VP - Operations Manager - Data and Reporting Operations Management: Matches target profile

────────────────────────────────────────────────────────────
✅  Scan complete in 1734s
   Job boards (60%):  0 new
   ATS providers (40%): 0 new
   Total new jobs:      0
   Above threshold (≥3): 0
   Gmail drafts created: 21
   Errors: 1 (see log)
────────────────────────────────────────────────────────────

💤 Sleeping for 10 minutes before next sweep...

════════════════════════════════════════════════════════════
🕐  Hourly Scan — 30/07/2026, 2:55:46 am
    Mode: LIVE | Min Score: 3 | 60% Boards / 40% ATS
════════════════════════════════════════════════════════════

📋  Phase 1 of 2 — Scanning job boards (Seek / Indeed / LinkedIn) — 60% budget

   ✅  Job boards: 0 new offers found

🏢  Phase 2 of 2 — Scanning 200+ ATS providers (Greenhouse / Ashby / Lever / ...) — 40% budget

   ✅  ATS providers: 0 new offers found


📨  Phase 3 — Processing pipeline (score ≥ 3 → Gmail draft)

      ✅ Later — Senior AI Automation Engineer: Matches target profile
      ✅ hurra.com — Senior SEA & Google Ads Manager (m/w/d) - Performance Max, Automation & AI - 100 % remote: Matches target profile
      ✅ 1KOMMA5˚ — (Senior) QA Engineer - AI-Driven Testing (m/f/d): Matches target profile
      ✅ Toptal — SharePoint & Microsoft 365 / Copilot Automation Specialist: Matches target profile
      ✅ Toptal — Marketing Automation Specialist — Dynamics CRM / Remote: Matches target profile
      ✅ Coinbase — Senior Staff Software Engineer, Legal Automation: Matches target profile
      ✅ Coinbase — Senior Staff Software Engineer, Finance Automation: Matches target profile
      ✅ Jitterbit — Software QA Engineer: Matches target profile
      ✅ E Source — Testing Lead, Utility Systems: Matches target profile
      ✅ Smartcat — QA Engineer (Remote): Matches target profile
      ✅ Devire — Senior Tester Manualny: Matches target profile
      ✅ Blackthorn — Sr. QA Engineer: Matches target profile
      ✅ Experis Manpower Group — Tester Ferryt M/K: Matches target profile
      ✅ Billennium — Starszy Tester Manualny: Matches target profile
      ✅ Lumicode Sp. z o.o. (Pentacomp Group) — Tester/-ka Oprogramowania: Matches target profile
      ✅ Svitla Systems — Senior QA Engineer: Matches target profile
      ✅ Web Impact — Fullstack Engineer (AI, Distributed Systems, Automation): Matches target profile
      ✅ Awareson Sp. z o.o. — Technical Solutions Lead – AI Automation & Finance Transformation: Matches target profile
      ✅ Vecten — Senior Cloud Network Engineer (Automation / IaC): Matches target profile
      ✅ SCALO — Tester Manualny: Matches target profile

────────────────────────────────────────────────────────────
✅  Scan complete in 1763s
   Job boards (60%):  0 new
   ATS providers (40%): 0 new
   Total new jobs:      0
   Above threshold (≥3): 0
   Gmail drafts created: 9
   Errors: 1 (see log)
────────────────────────────────────────────────────────────

💤 Sleeping for 10 minutes before next sweep...

════════════════════════════════════════════════════════════
🕐  Hourly Scan — 30/07/2026, 3:35:09 am
    Mode: LIVE | Min Score: 3 | 60% Boards / 40% ATS
════════════════════════════════════════════════════════════

📋  Phase 1 of 2 — Scanning job boards (Seek / Indeed / LinkedIn) — 60% budget

   ✅  Job boards: 0 new offers found

🏢  Phase 2 of 2 — Scanning 200+ ATS providers (Greenhouse / Ashby / Lever / ...) — 40% budget

   ✅  ATS providers: 0 new offers found


📨  Phase 3 — Processing pipeline (score ≥ 3 → Gmail draft)

      ✅ Coinbase — Senior Staff Software Engineer, Finance Automation: Matches target profile
      ✅ Ness Solution — QA Test Lead / Koordynator Testów 100% remote: Matches target profile
      ✅ N-iX — Automation QA Engineer: Matches target profile
      ✅ Connectis — Test Automation Engineer: Matches target profile
      ✅ RITS — Test Automation Engineer: Matches target profile
      ✅ B3 Consulting Poland — Test Automation Engineer: Matches target profile
      ✅ OTCF — Quality Assurance Engineer: Matches target profile
      ✅ DCV Technologies — Test Coordinator & Automation Quality Engineer: Matches target profile
      ✅ ASTEK Polska — Senior QA Automation Engineer (K/M): Matches target profile
      ✅ act digital — Tester Automatyzujący z Backend: Matches target profile
      ✅ Andersen — AI Automation Engineer: Matches target profile
      ✅ Superdevs — Senior AI Tester (German & English): Matches target profile
      ✅ Devapo — Automation Tester: Matches target profile
      ✅ Tukano Software House Sp. z o. o. — Tester Automatyzujący / QA Automation Engineer: Matches target profile
      ✅ Pirxey — QA lead: Matches target profile
      ✅ .intent — Senior QA Engineer (Mobile & IoT): Matches target profile
      ✅ Ness Solution — QA Test Lead / Koordynator Testów (Branża Energetyczna) 100% remote: Matches target profile
      ✅ SCALO — Automation Tester/QA (Playwright+TypeScript): Matches target profile
      ✅ TSS — Tester automatyczny: Matches target profile
      ✅ BTRUST.PL sp. z o.o. — Mid QA Engineer (Manual / Automation): Matches target profile

────────────────────────────────────────────────────────────
✅  Scan complete in 1628s
   Job boards (60%):  0 new
   ATS providers (40%): 0 new
   Total new jobs:      0
   Above threshold (≥3): 0
   Gmail drafts created: 17
   Errors: 1 (see log)
────────────────────────────────────────────────────────────

💤 Sleeping for 10 minutes before next sweep...

════════════════════════════════════════════════════════════
🕐  Hourly Scan — 30/07/2026, 4:12:17 am
    Mode: LIVE | Min Score: 3 | 60% Boards / 40% ATS
════════════════════════════════════════════════════════════

📋  Phase 1 of 2 — Scanning job boards (Seek / Indeed / LinkedIn) — 60% budget

   ✅  Job boards: 0 new offers found

🏢  Phase 2 of 2 — Scanning 200+ ATS providers (Greenhouse / Ashby / Lever / ...) — 40% budget

   ✅  ATS providers: 0 new offers found


📨  Phase 3 — Processing pipeline (score ≥ 3 → Gmail draft)

      ✅ Coinbase — Senior Staff Software Engineer, Finance Automation: Matches target profile
      ✅ Holisticon Connect — Quality Assurance Engineer: Matches target profile
      ✅ SOFLAB TECHNOLOGY — Playwright Practice Lead / Automation Solutions Architect: Matches target profile
      ✅ emagine Polska — Senior QA Automation Specialist: Matches target profile
      ✅ Cognizant Technology Solutions — Senior Power Platform & Automation Engineer: Matches target profile
      ✅ Xebia sp. z o.o. — 👉QA Architect: Matches target profile
      ✅ CrustLab — QA Automation Engineer: Matches target profile
      ✅ Link Group — Test Automation Engineer: Matches target profile
      ✅ Green Hive Technology — QA Automation Engineer (she/he/they): Matches target profile
      ✅ Miaplaza — QA Engineer: Matches target profile
      ✅ Link Group — QA Engineer (AI-Assisted): Matches target profile
      ✅ Code and Pepper — QA Engineer (freelance): Matches target profile
      ✅ Future Processing — Solutions Architect QA/QE: Matches target profile
      ✅ Piwik PRO — QA Engineer: Matches target profile
      ✅ P&P Solutions — Tester oprogramowania: Matches target profile
      ✅ NTT DATA Business Solutions — Test Automation Expert/Architect: Matches target profile
      ✅ SCALO — Automation Tester/QA (Playwright): Matches target profile
      ✅ B2Bnetwork — Automation Test Specialist (VMware Aria / vRO): Matches target profile
      ✅ Shimi Sp. z o.o. — QA Automation Engineer (m/f/n): Matches target profile
      ✅ Transition Technologies PSC — Test Automation Engineer - Talent Pool: Matches target profile

────────────────────────────────────────────────────────────
✅  Scan complete in 2003s
   Job boards (60%):  0 new
   ATS providers (40%): 0 new
   Total new jobs:      0
   Above threshold (≥3): 0
   Gmail drafts created: 9
   Errors: 1 (see log)
────────────────────────────────────────────────────────────

💤 Sleeping for 10 minutes before next sweep...

════════════════════════════════════════════════════════════
🕐  Hourly Scan — 30/07/2026, 4:55:39 am
    Mode: LIVE | Min Score: 3 | 60% Boards / 40% ATS
════════════════════════════════════════════════════════════

📋  Phase 1 of 2 — Scanning job boards (Seek / Indeed / LinkedIn) — 60% budget

   ✅  Job boards: 0 new offers found

🏢  Phase 2 of 2 — Scanning 200+ ATS providers (Greenhouse / Ashby / Lever / ...) — 40% budget

   ✅  ATS providers: 0 new offers found


📨  Phase 3 — Processing pipeline (score ≥ 3 → Gmail draft)

      ✅ Coinbase — Senior Staff Software Engineer, Finance Automation: Matches target profile
      ✅ Coinbase — Senior Staff Software Engineer, Finance Automation: Matches target profile
      ✅ Team Connect — Senior CRM & Marketing Automation Specialist: Matches target profile
      ✅ Upvanta sp. z o.o. — QA Automation Engineer with AI: Matches target profile
      ✅ B:RIGHT — Solutions Engineer (AI & Automation): Matches target profile
      ✅ B:RIGHT — AI & Automation Architect: Matches target profile
      ✅ j-labs — Senior QA Engineer: Matches target profile
      ✅ Xebia — 👉 QA Automation Specialist: Matches target profile
      ✅ Link Group — Senior Test Automation Engineer: Matches target profile
      ✅ Scalo — Automation Tester: Matches target profile
      ✅ DCV Technologies — Quality Engineer / QA Analyst - Salesforce: Matches target profile
      ✅ .intent — Quality Assurance Lead: Matches target profile
      ✅ Spyrosoft — QA Automation Engineer (Appium + AWS): Matches target profile
      ✅ CodeTwo — Software Quality Assurance Engineer/Software Tester: Matches target profile
      ✅ Andersen — Full Stack QA Engineer: Matches target profile
      ✅ FreeHire — CRM-маркетолог / Email Marketing Specialist: Matches target profile
      ✅ FreeHire — QA Lead – Space Engineers 1: Matches target profile
      ✅ PayPo — Mid/Senior Quality Assurance Engineer // Mid/Senior Tester(ka) Manualny(a): Matches target profile
      ✅ Svitla Systems — Senior Automation QA Engineer: Matches target profile
      ✅ Square One Resources — Senior QA Automation Engineer (ServiceNow ATF): Matches target profile

────────────────────────────────────────────────────────────
✅  Scan complete in 1620s
   Job boards (60%):  0 new
   ATS providers (40%): 0 new
   Total new jobs:      0
   Above threshold (≥3): 0
   Gmail drafts created: 13
   Errors: 1 (see log)
────────────────────────────────────────────────────────────

💤 Sleeping for 10 minutes before next sweep...

════════════════════════════════════════════════════════════
🕐  Hourly Scan — 30/07/2026, 5:32:41 am
    Mode: LIVE | Min Score: 3 | 60% Boards / 40% ATS
════════════════════════════════════════════════════════════

📋  Phase 1 of 2 — Scanning job boards (Seek / Indeed / LinkedIn) — 60% budget

   ✅  Job boards: 0 new offers found

🏢  Phase 2 of 2 — Scanning 200+ ATS providers (Greenhouse / Ashby / Lever / ...) — 40% budget

   ✅  ATS providers: 0 new offers found


📨  Phase 3 — Processing pipeline (score ≥ 3 → Gmail draft)

      ✅ Coinbase — Senior Staff Software Engineer, Finance Automation: Matches target profile
      ✅ Coinbase — Senior Staff Software Engineer, Finance Automation: Matches target profile
      ✅ Link Group — Senior Test Automation Engineer: Matches target profile
      ✅ Spyrosoft — QA Automation Engineer (Appium + AWS): Matches target profile
      ✅ CodeTwo — Software Quality Assurance Engineer/Software Tester: Matches target profile
      ✅ FreeHire — CRM-маркетолог / Email Marketing Specialist: Matches target profile
      ✅ Svitla Systems — Senior Automation QA Engineer: Matches target profile
      ✅ Square One Resources — Senior QA Automation Engineer (ServiceNow ATF): Matches target profile
      ✅ EPAM Systems — Lead Test Automation Engineer (Tricentis Tosca): Matches target profile
      ✅ Connectis_ — Tester Automatyzujący (k/m): Matches target profile
      ✅ ALTEN — Substation Automation System Engineer (Remote): Matches target profile
      ✅ RITS Professional Services — Solution Architect - CRM & Process Automation: Matches target profile
      ✅ FreeHire — Automation Engineer II, Falcon Complete (Remote): Matches target profile
      ✅ Spyrosoft — QA Engineer (BDD & Automation): Matches target profile
      ✅ Transition Technologies PSC — Senior Test Automation Engineer - Talent Pool: Matches target profile
      ✅ DCG — ML and Automation Manager: Matches target profile
      ✅ Finture Sp. z o.o. — QA Engineer Senior: Matches target profile
      ✅ Advox Studio — Tester Manualny: Matches target profile
      ✅ Lumicode Sp. z o.o. (Pentacomp Group) — Tester Manualny (k/m): Matches target profile
      ✅ FreeHire — Video Editor / Direct Response Ads: Matches target profile

────────────────────────────────────────────────────────────
✅  Scan complete in 1693s
   Job boards (60%):  0 new
   ATS providers (40%): 0 new
   Total new jobs:      0
   Above threshold (≥3): 0
   Gmail drafts created: 5
   Errors: 1 (see log)
────────────────────────────────────────────────────────────

💤 Sleeping for 10 minutes before next sweep...

════════════════════════════════════════════════════════════
🕐  Hourly Scan — 30/07/2026, 6:10:54 am
    Mode: LIVE | Min Score: 3 | 60% Boards / 40% ATS
════════════════════════════════════════════════════════════

📋  Phase 1 of 2 — Scanning job boards (Seek / Indeed / LinkedIn) — 60% budget

   ✅  Job boards: 0 new offers found

🏢  Phase 2 of 2 — Scanning 200+ ATS providers (Greenhouse / Ashby / Lever / ...) — 40% budget

   ✅  ATS providers: 0 new offers found


📨  Phase 3 — Processing pipeline (score ≥ 3 → Gmail draft)

      ✅ Coinbase — Senior Staff Software Engineer, Finance Automation: Matches target profile
      ✅ Coinbase — Senior Staff Software Engineer, Finance Automation: Matches target profile
      ✅ Link Group — Senior Test Automation Engineer: Matches target profile
      ✅ Connectis_ — Tester Automatyzujący (k/m): Matches target profile
      ✅ Transition Technologies PSC — Senior Test Automation Engineer - Talent Pool: Matches target profile
      ✅ Lifted — Aerodynamic Engineer (AI Training & Evaluation): Matches target profile
      ✅ Lifted — CFD & Aerodynamic Engineer (AI Training & Evaluation) (Remote): Matches target profile
      ✅ Winged IT — QA Operations Engineer: Matches target profile
      ✅ eConsulting — IT and Software Maintenance with Automation: Matches target profile
      ✅ Unknown — Quality Assurance Engineer (Remote): Matches target profile
      ✅ Unknown — Software Verification & QA Specialist: Matches target profile
      ✅ Unknown — QA Automation Engineer – Playwright & API: Matches target profile
      ✅ Unknown — Penetration Testing Engineer - AI Trainer: Matches target profile
      ✅ FreeHire — Retail Sales Associate, Verge Mobile, a T-Mobile Authorized Retailer - San Diego, CA - Spanish Bilingual Preferred: Matches target profile
      ✅ Unknown — QA Engineer with Cyara & IVR - 10+ yrs needed: Matches target profile
      ✅ Flyps — Automation QA Engineer: Matches target profile
      ✅ BPCS — Labeler / Annotator, AI Response Evaluation (Castilian Spanish): Matches target profile
      ✅ BPCS — AI Response Evaluation Labeler (Castilian Spanish) (Remote): Matches target profile
      ✅ 7N Sp. z o. o. — Senior Test Architect / Principal QA (Software Engineer in Test): Matches target profile
      ✅ Coalition Technologies — Remote WordPress Developer: Matches target profile

────────────────────────────────────────────────────────────
✅  Scan complete in 688s
   Job boards (60%):  0 new
   ATS providers (40%): 0 new
   Total new jobs:      0
   Above threshold (≥3): 0
   Gmail drafts created: 10
────────────────────────────────────────────────────────────

💤 Sleeping for 10 minutes before next sweep...

════════════════════════════════════════════════════════════
🕐  Hourly Scan — 30/07/2026, 6:32:22 am
    Mode: LIVE | Min Score: 3 | 60% Boards / 40% ATS
════════════════════════════════════════════════════════════

📋  Phase 1 of 2 — Scanning job boards (Seek / Indeed / LinkedIn) — 60% budget

   ✅  Job boards: 0 new offers found

🏢  Phase 2 of 2 — Scanning 200+ ATS providers (Greenhouse / Ashby / Lever / ...) — 40% budget

   ✅  ATS providers: 0 new offers found


📨  Phase 3 — Processing pipeline (score ≥ 3 → Gmail draft)

      ✅ Coinbase — Senior Staff Software Engineer, Finance Automation: Matches target profile
      ✅ Coinbase — Senior Staff Software Engineer, Finance Automation: Matches target profile
      ✅ Link Group — Senior Test Automation Engineer: Matches target profile
      ✅ Connectis_ — Tester Automatyzujący (k/m): Matches target profile
      ✅ Transition Technologies PSC — Senior Test Automation Engineer - Talent Pool: Matches target profile
      ✅ Lifted — CFD & Aerodynamic Engineer (AI Training & Evaluation) (Remote): Matches target profile
      ✅ Unknown — Penetration Testing Engineer - AI Trainer: Matches target profile
      ✅ Flyps — Automation QA Engineer: Matches target profile
      ✅ BPCS — Labeler / Annotator, AI Response Evaluation (Castilian Spanish): Matches target profile
      ✅ BPCS — AI Response Evaluation Labeler (Castilian Spanish) (Remote): Matches target profile
      ✅ FreeHire — Principal, Marketing Automation and Technology: Matches target profile
      ✅ Enhanced CV generated: /Users/ilse/career-ops-2/output/cv-ilse-placencia-2026-07-29.pdf
      ✅ Enhanced cover letter generated: /Users/ilse/career-ops-2/output/cover-letter-coinbase-2026-07-29.pdf
      ⚠️  No email found on website
      📧 Creating Gmail draft (no recruiter email found)...
      ✅ Gmail draft created (ID: 3748)
      ✅ Synced to dashboard inbox
      ✅ Local applications tracker updated
      ✅ Enhanced CV generated: /Users/ilse/career-ops-2/output/cv-ilse-placencia-2026-07-29.pdf
      ✅ Enhanced cover letter generated: /Users/ilse/career-ops-2/output/cover-letter-coinbase-2026-07-29.pdf

────────────────────────────────────────────────────────────
✅  Scan complete in 600s
   Job boards (60%):  0 new
   ATS providers (40%): 0 new
   Total new jobs:      0
   Above threshold (≥3): 0
   Gmail drafts created: 7
────────────────────────────────────────────────────────────

💤 Sleeping for 10 minutes before next sweep...

════════════════════════════════════════════════════════════
🕐  Hourly Scan — 30/07/2026, 6:52:21 am
    Mode: LIVE | Min Score: 3 | 60% Boards / 40% ATS
════════════════════════════════════════════════════════════

📋  Phase 1 of 2 — Scanning job boards (Seek / Indeed / LinkedIn) — 60% budget

   ✅  Job boards: 0 new offers found

🏢  Phase 2 of 2 — Scanning 200+ ATS providers (Greenhouse / Ashby / Lever / ...) — 40% budget

   ✅  ATS providers: 0 new offers found


📨  Phase 3 — Processing pipeline (score ≥ 3 → Gmail draft)

      ✅ Coinbase — Senior Staff Software Engineer, Finance Automation: Matches target profile
      ✅ Coinbase — Senior Staff Software Engineer, Finance Automation: Matches target profile
      ✅ Link Group — Senior Test Automation Engineer: Matches target profile
      ✅ Connectis_ — Tester Automatyzujący (k/m): Matches target profile
      ✅ Transition Technologies PSC — Senior Test Automation Engineer - Talent Pool: Matches target profile
      ✅ Lifted — CFD & Aerodynamic Engineer (AI Training & Evaluation) (Remote): Matches target profile
      ✅ FreeHire — Principal, Marketing Automation and Technology: Matches target profile
      ✅ Enhanced CV generated: /Users/ilse/career-ops-2/output/cv-ilse-placencia-2026-07-29.pdf
      ✅ Enhanced cover letter generated: /Users/ilse/career-ops-2/output/cover-letter-coinbase-2026-07-29.pdf
      ⚠️  No email found on website
      📧 Creating Gmail draft (no recruiter email found)...
      ✅ Gmail draft created (ID: 3755)
      ✅ Synced to dashboard inbox
      ✅ Local applications tracker updated
      ✅ Enhanced CV generated: /Users/ilse/career-ops-2/output/cv-ilse-placencia-2026-07-29.pdf
      ✅ Enhanced cover letter generated: /Users/ilse/career-ops-2/output/cover-letter-coinbase-2026-07-29.pdf
      ⚠️  No email found on website
      📧 Creating Gmail draft (no recruiter email found)...
      ✅ Gmail draft created (ID: 3756)
      ✅ Synced to dashboard inbox

────────────────────────────────────────────────────────────
✅  Scan complete in 793s
   Job boards (60%):  0 new
   ATS providers (40%): 0 new
   Total new jobs:      0
   Above threshold (≥3): 0
   Gmail drafts created: 6
────────────────────────────────────────────────────────────

💤 Sleeping for 10 minutes before next sweep...

════════════════════════════════════════════════════════════
🕐  Hourly Scan — 30/07/2026, 7:15:34 am
    Mode: LIVE | Min Score: 3 | 60% Boards / 40% ATS
════════════════════════════════════════════════════════════

📋  Phase 1 of 2 — Scanning job boards (Seek / Indeed / LinkedIn) — 60% budget

   ✅  Job boards: 0 new offers found

🏢  Phase 2 of 2 — Scanning 200+ ATS providers (Greenhouse / Ashby / Lever / ...) — 40% budget

   ✅  ATS providers: 0 new offers found


📨  Phase 3 — Processing pipeline (score ≥ 3 → Gmail draft)

      ✅ Coinbase — Senior Staff Software Engineer, Finance Automation: Matches target profile
      ✅ Coinbase — Senior Staff Software Engineer, Finance Automation: Matches target profile
      ✅ Link Group — Senior Test Automation Engineer: Matches target profile
      ✅ Connectis_ — Tester Automatyzujący (k/m): Matches target profile
      ✅ Transition Technologies PSC — Senior Test Automation Engineer - Talent Pool: Matches target profile
      ✅ Lifted — CFD & Aerodynamic Engineer (AI Training & Evaluation) (Remote): Matches target profile
      ✅ Coalition Technologies — Remote Web Designer: Matches target profile
      ✅ Enhanced CV generated: /Users/ilse/career-ops-2/output/cv-ilse-placencia-2026-07-29.pdf
      ✅ Enhanced cover letter generated: /Users/ilse/career-ops-2/output/cover-letter-coinbase-2026-07-29.pdf
      ⚠️  No email found on website
      📧 Creating Gmail draft (no recruiter email found)...
      ✅ Gmail draft created (ID: 3761)
      ✅ Synced to dashboard inbox
      ✅ Local applications tracker updated
      ⚠️  PDF generation failed: spawnSync /bin/sh ETIMEDOUT
      ✅ Enhanced CV generated: /Users/ilse/career-ops-2/output/cv-ilse-placencia-2026-07-29.pdf
      ✅ Enhanced cover letter generated: /Users/ilse/career-ops-2/output/cover-letter-coinbase-2026-07-29.pdf
      ⚠️  No email found on website
      📧 Creating Gmail draft (no recruiter email found)...
      ✅ Gmail draft created (ID: 3762)

────────────────────────────────────────────────────────────
✅  Scan complete in 931s
   Job boards (60%):  0 new
   ATS providers (40%): 0 new
   Total new jobs:      0
   Above threshold (≥3): 0
   Gmail drafts created: 7
────────────────────────────────────────────────────────────

💤 Sleeping for 10 minutes before next sweep...

════════════════════════════════════════════════════════════
🕐  Hourly Scan — 30/07/2026, 7:41:05 am
    Mode: LIVE | Min Score: 3 | 60% Boards / 40% ATS
════════════════════════════════════════════════════════════

📋  Phase 1 of 2 — Scanning job boards (Seek / Indeed / LinkedIn) — 60% budget

   ✅  Job boards: 0 new offers found

🏢  Phase 2 of 2 — Scanning 200+ ATS providers (Greenhouse / Ashby / Lever / ...) — 40% budget

   ✅  ATS providers: 0 new offers found


📨  Phase 3 — Processing pipeline (score ≥ 3 → Gmail draft)

      ✅ Coinbase — Senior Staff Software Engineer, Finance Automation: Matches target profile
      ✅ Coinbase — Senior Staff Software Engineer, Finance Automation: Matches target profile
      ✅ Link Group — Senior Test Automation Engineer: Matches target profile
      ✅ Connectis_ — Tester Automatyzujący (k/m): Matches target profile
      ✅ Transition Technologies PSC — Senior Test Automation Engineer - Talent Pool: Matches target profile
      ✅ Lifted — CFD & Aerodynamic Engineer (AI Training & Evaluation) (Remote): Matches target profile
      ✅ Coalition Technologies — Remote Web Designer: Matches target profile
      ✅ Enhanced CV generated: /Users/ilse/career-ops-2/output/cv-ilse-placencia-2026-07-29.pdf
      ✅ Enhanced cover letter generated: /Users/ilse/career-ops-2/output/cover-letter-coinbase-2026-07-29.pdf
      ⚠️  No email found on website
      📧 Creating Gmail draft (no recruiter email found)...
      ✅ Gmail draft created (ID: 3768)
      ✅ Synced to dashboard inbox
      ✅ Local applications tracker updated
      ✅ Enhanced CV generated: /Users/ilse/career-ops-2/output/cv-ilse-placencia-2026-07-29.pdf
      ✅ Enhanced cover letter generated: /Users/ilse/career-ops-2/output/cover-letter-coinbase-2026-07-29.pdf
      ⚠️  No email found on website
      📧 Creating Gmail draft (no recruiter email found)...
      ✅ Gmail draft created (ID: 3769)
      ✅ Synced to dashboard inbox

────────────────────────────────────────────────────────────
✅  Scan complete in 996s
   Job boards (60%):  0 new
   ATS providers (40%): 0 new
   Total new jobs:      0
   Above threshold (≥3): 0
   Gmail drafts created: 6
────────────────────────────────────────────────────────────

💤 Sleeping for 10 minutes before next sweep...

════════════════════════════════════════════════════════════
🕐  Hourly Scan — 30/07/2026, 8:07:41 am
    Mode: LIVE | Min Score: 3 | 60% Boards / 40% ATS
════════════════════════════════════════════════════════════

📋  Phase 1 of 2 — Scanning job boards (Seek / Indeed / LinkedIn) — 60% budget

   ✅  Job boards: 0 new offers found

🏢  Phase 2 of 2 — Scanning 200+ ATS providers (Greenhouse / Ashby / Lever / ...) — 40% budget

   ✅  ATS providers: 0 new offers found


📨  Phase 3 — Processing pipeline (score ≥ 3 → Gmail draft)

      ✅ Coinbase — Senior Staff Software Engineer, Finance Automation: Matches target profile
      ✅ Coinbase — Senior Staff Software Engineer, Finance Automation: Matches target profile
      ✅ Link Group — Senior Test Automation Engineer: Matches target profile
      ✅ Connectis_ — Tester Automatyzujący (k/m): Matches target profile
      ✅ Transition Technologies PSC — Senior Test Automation Engineer - Talent Pool: Matches target profile
      ✅ Lifted — CFD & Aerodynamic Engineer (AI Training & Evaluation) (Remote): Matches target profile
      ✅ BLUEBINARY — Tester Manualny: Matches target profile
      ✅ Ework Group — Senior Automation & SCADA Developer: Matches target profile
      ✅ Enhanced CV generated: /Users/ilse/career-ops-2/output/cv-ilse-placencia-2026-07-29.pdf
      ✅ Enhanced cover letter generated: /Users/ilse/career-ops-2/output/cover-letter-coinbase-2026-07-29.pdf
      ⚠️  No email found on website
      📧 Creating Gmail draft (no recruiter email found)...
      ✅ Gmail draft created (ID: 3774)
      ✅ Synced to dashboard inbox
      ✅ Local applications tracker updated
      ✅ Enhanced CV generated: /Users/ilse/career-ops-2/output/cv-ilse-placencia-2026-07-29.pdf
      ✅ Enhanced cover letter generated: /Users/ilse/career-ops-2/output/cover-letter-coinbase-2026-07-29.pdf
      ⚠️  No email found on website
      📧 Creating Gmail draft (no recruiter email found)...
      ✅ Gmail draft created (ID: 3775)

────────────────────────────────────────────────────────────
✅  Scan complete in 1113s
   Job boards (60%):  0 new
   ATS providers (40%): 0 new
   Total new jobs:      0
   Above threshold (≥3): 0
   Gmail drafts created: 7
────────────────────────────────────────────────────────────

💤 Sleeping for 10 minutes before next sweep...

════════════════════════════════════════════════════════════
🕐  Hourly Scan — 30/07/2026, 8:36:14 am
    Mode: LIVE | Min Score: 3 | 60% Boards / 40% ATS
════════════════════════════════════════════════════════════

📋  Phase 1 of 2 — Scanning job boards (Seek / Indeed / LinkedIn) — 60% budget

   ✅  Job boards: 0 new offers found

🏢  Phase 2 of 2 — Scanning 200+ ATS providers (Greenhouse / Ashby / Lever / ...) — 40% budget

   ✅  ATS providers: 0 new offers found


📨  Phase 3 — Processing pipeline (score ≥ 3 → Gmail draft)

      ✅ Coinbase — Senior Staff Software Engineer, Finance Automation: Matches target profile
      ✅ Coinbase — Senior Staff Software Engineer, Finance Automation: Matches target profile
      ✅ Link Group — Senior Test Automation Engineer: Matches target profile
      ✅ Connectis_ — Tester Automatyzujący (k/m): Matches target profile
      ✅ Transition Technologies PSC — Senior Test Automation Engineer - Talent Pool: Matches target profile
      ✅ Lifted — CFD & Aerodynamic Engineer (AI Training & Evaluation) (Remote): Matches target profile
      ✅ Ework Group — Senior Automation & SCADA Developer: Matches target profile
      ✅ Enhanced CV generated: /Users/ilse/career-ops-2/output/cv-ilse-placencia-2026-07-29.pdf
      ✅ Enhanced cover letter generated: /Users/ilse/career-ops-2/output/cover-letter-coinbase-2026-07-29.pdf
      ⚠️  No email found on website
      📧 Creating Gmail draft (no recruiter email found)...
      ✅ Gmail draft created (ID: 3781)
      ✅ Synced to dashboard inbox
      ✅ Local applications tracker updated
      ✅ Enhanced CV generated: /Users/ilse/career-ops-2/output/cv-ilse-placencia-2026-07-29.pdf
      ✅ Enhanced cover letter generated: /Users/ilse/career-ops-2/output/cover-letter-coinbase-2026-07-29.pdf
      ⚠️  No email found on website
      📧 Creating Gmail draft (no recruiter email found)...
      ✅ Gmail draft created (ID: 3782)
      ✅ Synced to dashboard inbox

────────────────────────────────────────────────────────────
✅  Scan complete in 982s
   Job boards (60%):  0 new
   ATS providers (40%): 0 new
   Total new jobs:      0
   Above threshold (≥3): 0
   Gmail drafts created: 6
────────────────────────────────────────────────────────────

💤 Sleeping for 10 minutes before next sweep...

════════════════════════════════════════════════════════════
🕐  Hourly Scan — 30/07/2026, 9:02:36 am
    Mode: LIVE | Min Score: 3 | 60% Boards / 40% ATS
════════════════════════════════════════════════════════════

📋  Phase 1 of 2 — Scanning job boards (Seek / Indeed / LinkedIn) — 60% budget

   ✅  Job boards: 0 new offers found

🏢  Phase 2 of 2 — Scanning 200+ ATS providers (Greenhouse / Ashby / Lever / ...) — 40% budget

   ✅  ATS providers: 0 new offers found


📨  Phase 3 — Processing pipeline (score ≥ 3 → Gmail draft)

      ✅ Coinbase — Senior Staff Software Engineer, Finance Automation: Matches target profile
      ✅ Coinbase — Senior Staff Software Engineer, Finance Automation: Matches target profile
      ✅ Link Group — Senior Test Automation Engineer: Matches target profile
      ✅ Connectis_ — Tester Automatyzujący (k/m): Matches target profile
      ✅ Transition Technologies PSC — Senior Test Automation Engineer - Talent Pool: Matches target profile
      ✅ Lifted — CFD & Aerodynamic Engineer (AI Training & Evaluation) (Remote): Matches target profile
      ✅ Enhanced CV generated: /Users/ilse/career-ops-2/output/cv-ilse-placencia-2026-07-29.pdf
      ✅ Enhanced cover letter generated: /Users/ilse/career-ops-2/output/cover-letter-coinbase-2026-07-29.pdf
      ⚠️  No email found on website
      📧 Creating Gmail draft (no recruiter email found)...
      ✅ Gmail draft created (ID: 3787)
      ✅ Synced to dashboard inbox
      ✅ Local applications tracker updated
      ✅ Enhanced CV generated: /Users/ilse/career-ops-2/output/cv-ilse-placencia-2026-07-29.pdf
      ✅ Enhanced cover letter generated: /Users/ilse/career-ops-2/output/cover-letter-coinbase-2026-07-29.pdf
      ⚠️  No email found on website
      📧 Creating Gmail draft (no recruiter email found)...
      ✅ Gmail draft created (ID: 3788)
      ✅ Synced to dashboard inbox
      ✅ Local applications tracker updated

────────────────────────────────────────────────────────────
✅  Scan complete in 495s
   Job boards (60%):  0 new
   ATS providers (40%): 0 new
   Total new jobs:      0
   Above threshold (≥3): 0
   Gmail drafts created: 6
────────────────────────────────────────────────────────────

💤 Sleeping for 10 minutes before next sweep...

════════════════════════════════════════════════════════════
🕐  Hourly Scan — 30/07/2026, 9:20:51 am
    Mode: LIVE | Min Score: 3 | 60% Boards / 40% ATS
════════════════════════════════════════════════════════════

📋  Phase 1 of 2 — Scanning job boards (Seek / Indeed / LinkedIn) — 60% budget

   ✅  Job boards: 0 new offers found

🏢  Phase 2 of 2 — Scanning 200+ ATS providers (Greenhouse / Ashby / Lever / ...) — 40% budget

   ✅  ATS providers: 0 new offers found


📨  Phase 3 — Processing pipeline (score ≥ 3 → Gmail draft)

      ✅ Coinbase — Senior Staff Software Engineer, Finance Automation: Matches target profile
      ✅ Coinbase — Senior Staff Software Engineer, Finance Automation: Matches target profile
      ✅ Link Group — Senior Test Automation Engineer: Matches target profile
      ✅ Connectis_ — Tester Automatyzujący (k/m): Matches target profile
      ✅ Transition Technologies PSC — Senior Test Automation Engineer - Talent Pool: Matches target profile
      ✅ Lifted — CFD & Aerodynamic Engineer (AI Training & Evaluation) (Remote): Matches target profile
      ✅ A1 Apps — Video Editor (Freelance): Matches target profile
      ✅ Enhanced CV generated: /Users/ilse/career-ops-2/output/cv-ilse-placencia-2026-07-29.pdf
      ✅ Enhanced cover letter generated: /Users/ilse/career-ops-2/output/cover-letter-coinbase-2026-07-29.pdf
      ⚠️  No email found on website
      📧 Creating Gmail draft (no recruiter email found)...
      ✅ Gmail draft created (ID: 3793)
      ✅ Synced to dashboard inbox
      ✅ Local applications tracker updated
      ✅ Enhanced CV generated: /Users/ilse/career-ops-2/output/cv-ilse-placencia-2026-07-29.pdf
      ✅ Enhanced cover letter generated: /Users/ilse/career-ops-2/output/cover-letter-coinbase-2026-07-29.pdf
      ⚠️  No email found on website
      📧 Creating Gmail draft (no recruiter email found)...
      ✅ Gmail draft created (ID: 3794)
      ✅ Synced to dashboard inbox

────────────────────────────────────────────────────────────
✅  Scan complete in 1114s
   Job boards (60%):  0 new
   ATS providers (40%): 0 new
   Total new jobs:      0
   Above threshold (≥3): 0
   Gmail drafts created: 6
────────────────────────────────────────────────────────────

💤 Sleeping for 10 minutes before next sweep...

════════════════════════════════════════════════════════════
🕐  Hourly Scan — 30/07/2026, 9:49:25 am
    Mode: LIVE | Min Score: 3 | 60% Boards / 40% ATS
════════════════════════════════════════════════════════════

📋  Phase 1 of 2 — Scanning job boards (Seek / Indeed / LinkedIn) — 60% budget

   ✅  Job boards: 0 new offers found

🏢  Phase 2 of 2 — Scanning 200+ ATS providers (Greenhouse / Ashby / Lever / ...) — 40% budget

   ✅  ATS providers: 0 new offers found


📨  Phase 3 — Processing pipeline (score ≥ 3 → Gmail draft)

      ✅ Coinbase — Senior Staff Software Engineer, Finance Automation: Matches target profile
      ✅ Coinbase — Senior Staff Software Engineer, Finance Automation: Matches target profile
      ✅ Link Group — Senior Test Automation Engineer: Matches target profile
      ✅ Connectis_ — Tester Automatyzujący (k/m): Matches target profile
      ✅ Transition Technologies PSC — Senior Test Automation Engineer - Talent Pool: Matches target profile
      ✅ Lifted — CFD & Aerodynamic Engineer (AI Training & Evaluation) (Remote): Matches target profile
      ✅ FreeHire — Yourgi Senior QA Engineer: Matches target profile
      ✅ Enhanced CV generated: /Users/ilse/career-ops-2/output/cv-ilse-placencia-2026-07-30.pdf
      ✅ Enhanced cover letter generated: /Users/ilse/career-ops-2/output/cover-letter-coinbase-2026-07-30.pdf
      ⚠️  No email found on website
      📧 Creating Gmail draft (no recruiter email found)...
      ✅ Gmail draft created (ID: 3799)
      ✅ Synced to dashboard inbox
      ✅ Local applications tracker updated
      ✅ Enhanced CV generated: /Users/ilse/career-ops-2/output/cv-ilse-placencia-2026-07-30.pdf
      ✅ Enhanced cover letter generated: /Users/ilse/career-ops-2/output/cover-letter-coinbase-2026-07-30.pdf
      ⚠️  No email found on website
      📧 Creating Gmail draft (no recruiter email found)...
      ✅ Gmail draft created (ID: 3800)
      ✅ Synced to dashboard inbox

────────────────────────────────────────────────────────────
✅  Scan complete in 1045s
   Job boards (60%):  0 new
   ATS providers (40%): 0 new
   Total new jobs:      0
   Above threshold (≥3): 0
   Gmail drafts created: 6
────────────────────────────────────────────────────────────

💤 Sleeping for 10 minutes before next sweep...

════════════════════════════════════════════════════════════
🕐  Hourly Scan — 30/07/2026, 10:16:50 am
    Mode: LIVE | Min Score: 3 | 60% Boards / 40% ATS
════════════════════════════════════════════════════════════

📋  Phase 1 of 2 — Scanning job boards (Seek / Indeed / LinkedIn) — 60% budget

   ✅  Job boards: 0 new offers found

🏢  Phase 2 of 2 — Scanning 200+ ATS providers (Greenhouse / Ashby / Lever / ...) — 40% budget

   ✅  ATS providers: 0 new offers found


📨  Phase 3 — Processing pipeline (score ≥ 3 → Gmail draft)

      ✅ Coinbase — Senior Staff Software Engineer, Finance Automation: Matches target profile
      ✅ Coinbase — Senior Staff Software Engineer, Finance Automation: Matches target profile
      ✅ Link Group — Senior Test Automation Engineer: Matches target profile
      ✅ Connectis_ — Tester Automatyzujący (k/m): Matches target profile
      ✅ Transition Technologies PSC — Senior Test Automation Engineer - Talent Pool: Matches target profile
      ✅ Lifted — CFD & Aerodynamic Engineer (AI Training & Evaluation) (Remote): Matches target profile
      ✅ Unknown — QA Analyst - Australia Only (Remote, Entry-Level): Matches target profile
      ✅ Enhanced CV generated: /Users/ilse/career-ops-2/output/cv-ilse-placencia-2026-07-30.pdf
      ✅ Enhanced cover letter generated: /Users/ilse/career-ops-2/output/cover-letter-coinbase-2026-07-30.pdf
      ⚠️  No email found on website
      📧 Creating Gmail draft (no recruiter email found)...
      ✅ Gmail draft created (ID: 3805)
      ✅ Synced to dashboard inbox
      ✅ Local applications tracker updated
      ⚠️  PDF generation failed: spawnSync /bin/sh ETIMEDOUT
      ✅ Enhanced CV generated: /Users/ilse/career-ops-2/output/cv-ilse-placencia-2026-07-30.pdf
      ✅ Enhanced cover letter generated: /Users/ilse/career-ops-2/output/cover-letter-coinbase-2026-07-30.pdf
      ⚠️  No email found on website
      📧 Creating Gmail draft (no recruiter email found)...
      ✅ Gmail draft created (ID: 3806)

────────────────────────────────────────────────────────────
✅  Scan complete in 987s
   Job boards (60%):  0 new
   ATS providers (40%): 0 new
   Total new jobs:      0
   Above threshold (≥3): 0
   Gmail drafts created: 6
────────────────────────────────────────────────────────────

💤 Sleeping for 10 minutes before next sweep...

════════════════════════════════════════════════════════════
🕐  Hourly Scan — 30/07/2026, 10:43:17 am
    Mode: LIVE | Min Score: 3 | 60% Boards / 40% ATS
════════════════════════════════════════════════════════════

📋  Phase 1 of 2 — Scanning job boards (Seek / Indeed / LinkedIn) — 60% budget

   ✅  Job boards: 0 new offers found

🏢  Phase 2 of 2 — Scanning 200+ ATS providers (Greenhouse / Ashby / Lever / ...) — 40% budget

   ✅  ATS providers: 0 new offers found


📨  Phase 3 — Processing pipeline (score ≥ 3 → Gmail draft)

      ✅ Coinbase — Senior Staff Software Engineer, Finance Automation: Matches target profile
      ✅ Coinbase — Senior Staff Software Engineer, Finance Automation: Matches target profile
      ✅ Link Group — Senior Test Automation Engineer: Matches target profile
      ✅ Connectis_ — Tester Automatyzujący (k/m): Matches target profile
      ✅ Transition Technologies PSC — Senior Test Automation Engineer - Talent Pool: Matches target profile
      ✅ Lifted — CFD & Aerodynamic Engineer (AI Training & Evaluation) (Remote): Matches target profile
      ✅ Enhanced CV generated: /Users/ilse/career-ops-2/output/cv-ilse-placencia-2026-07-30.pdf
      ✅ Enhanced cover letter generated: /Users/ilse/career-ops-2/output/cover-letter-coinbase-2026-07-30.pdf
      ⚠️  No email found on website
      📧 Creating Gmail draft (no recruiter email found)...
      ✅ Gmail draft created (ID: 3811)
      ✅ Synced to dashboard inbox
      ✅ Local applications tracker updated
      ✅ Enhanced CV generated: /Users/ilse/career-ops-2/output/cv-ilse-placencia-2026-07-30.pdf
      ✅ Enhanced cover letter generated: /Users/ilse/career-ops-2/output/cover-letter-coinbase-2026-07-30.pdf
      ⚠️  No email found on website
      📧 Creating Gmail draft (no recruiter email found)...
      ✅ Gmail draft created (ID: 3812)
      ✅ Synced to dashboard inbox
      ✅ Local applications tracker updated

────────────────────────────────────────────────────────────
✅  Scan complete in 1089s
   Job boards (60%):  0 new
   ATS providers (40%): 0 new
   Total new jobs:      0
   Above threshold (≥3): 0
   Gmail drafts created: 6
────────────────────────────────────────────────────────────

💤 Sleeping for 10 minutes before next sweep...

════════════════════════════════════════════════════════════
🕐  Hourly Scan — 30/07/2026, 11:11:25 am
    Mode: LIVE | Min Score: 3 | 60% Boards / 40% ATS
════════════════════════════════════════════════════════════

📋  Phase 1 of 2 — Scanning job boards (Seek / Indeed / LinkedIn) — 60% budget

   ✅  Job boards: 0 new offers found

🏢  Phase 2 of 2 — Scanning 200+ ATS providers (Greenhouse / Ashby / Lever / ...) — 40% budget

   ✅  ATS providers: 0 new offers found


📨  Phase 3 — Processing pipeline (score ≥ 3 → Gmail draft)

      ✅ Coinbase — Senior Staff Software Engineer, Finance Automation: Matches target profile
      ✅ Coinbase — Senior Staff Software Engineer, Finance Automation: Matches target profile
      ✅ Link Group — Senior Test Automation Engineer: Matches target profile
      ✅ Connectis_ — Tester Automatyzujący (k/m): Matches target profile
      ✅ Transition Technologies PSC — Senior Test Automation Engineer - Talent Pool: Matches target profile
      ✅ Lifted — CFD & Aerodynamic Engineer (AI Training & Evaluation) (Remote): Matches target profile
      ✅ Abarca Health — Software Automation Engineer: Matches target profile
      ✅ Enhanced CV generated: /Users/ilse/career-ops-2/output/cv-ilse-placencia-2026-07-30.pdf
      ✅ Enhanced cover letter generated: /Users/ilse/career-ops-2/output/cover-letter-coinbase-2026-07-30.pdf
      ⚠️  No email found on website
      📧 Creating Gmail draft (no recruiter email found)...
      ✅ Gmail draft created (ID: 3817)
      ✅ Synced to dashboard inbox
      ✅ Local applications tracker updated
      ✅ Enhanced CV generated: /Users/ilse/career-ops-2/output/cv-ilse-placencia-2026-07-30.pdf
      ✅ Enhanced cover letter generated: /Users/ilse/career-ops-2/output/cover-letter-coinbase-2026-07-30.pdf
      ⚠️  No email found on website
      📧 Creating Gmail draft (no recruiter email found)...
      ✅ Gmail draft created (ID: 3818)
      ✅ Synced to dashboard inbox

────────────────────────────────────────────────────────────
✅  Scan complete in 950s
   Job boards (60%):  0 new
   ATS providers (40%): 0 new
   Total new jobs:      0
   Above threshold (≥3): 0
   Gmail drafts created: 7
────────────────────────────────────────────────────────────

💤 Sleeping for 10 minutes before next sweep...

════════════════════════════════════════════════════════════
🕐  Hourly Scan — 30/07/2026, 11:37:15 am
    Mode: LIVE | Min Score: 3 | 60% Boards / 40% ATS
════════════════════════════════════════════════════════════

📋  Phase 1 of 2 — Scanning job boards (Seek / Indeed / LinkedIn) — 60% budget

   ✅  Job boards: 0 new offers found

🏢  Phase 2 of 2 — Scanning 200+ ATS providers (Greenhouse / Ashby / Lever / ...) — 40% budget

   ✅  ATS providers: 0 new offers found


📨  Phase 3 — Processing pipeline (score ≥ 3 → Gmail draft)

      ✅ Coinbase — Senior Staff Software Engineer, Finance Automation: Matches target profile
      ✅ Coinbase — Senior Staff Software Engineer, Finance Automation: Matches target profile
      ✅ Link Group — Senior Test Automation Engineer: Matches target profile
      ✅ Connectis_ — Tester Automatyzujący (k/m): Matches target profile
      ✅ Transition Technologies PSC — Senior Test Automation Engineer - Talent Pool: Matches target profile
      ✅ Lifted — CFD & Aerodynamic Engineer (AI Training & Evaluation) (Remote): Matches target profile
      ✅ Abarca Health — Software Automation Engineer: Matches target profile
      ✅ FreeHire — AI trainer: Matches target profile
      ✅ Unknown — QA Analyst - Australia Only (Remote, Entry-Level): Matches target profile
      ✅ Unanet — Lead QA Automation Engineer: Matches target profile
      ✅ Enhanced CV generated: /Users/ilse/career-ops-2/output/cv-ilse-placencia-2026-07-30.pdf
      ✅ Enhanced cover letter generated: /Users/ilse/career-ops-2/output/cover-letter-coinbase-2026-07-30.pdf
      ⚠️  No email found on website
      📧 Creating Gmail draft (no recruiter email found)...
      ✅ Gmail draft created (ID: 3824)
      ✅ Synced to dashboard inbox
      ✅ Local applications tracker updated
      ✅ Enhanced CV generated: /Users/ilse/career-ops-2/output/cv-ilse-placencia-2026-07-30.pdf
      ✅ Enhanced cover letter generated: /Users/ilse/career-ops-2/output/cover-letter-coinbase-2026-07-30.pdf
      ⚠️  No email found on website

────────────────────────────────────────────────────────────
✅  Scan complete in 639s
   Job boards (60%):  0 new
   ATS providers (40%): 0 new
   Total new jobs:      0
   Above threshold (≥3): 0
   Gmail drafts created: 8
────────────────────────────────────────────────────────────

💤 Sleeping for 10 minutes before next sweep...

════════════════════════════════════════════════════════════
🕐  Hourly Scan — 30/07/2026, 11:57:54 am
    Mode: LIVE | Min Score: 3 | 60% Boards / 40% ATS
════════════════════════════════════════════════════════════

📋  Phase 1 of 2 — Scanning job boards (Seek / Indeed / LinkedIn) — 60% budget

   ✅  Job boards: 0 new offers found

🏢  Phase 2 of 2 — Scanning 200+ ATS providers (Greenhouse / Ashby / Lever / ...) — 40% budget

   ✅  ATS providers: 0 new offers found


📨  Phase 3 — Processing pipeline (score ≥ 3 → Gmail draft)

      ✅ Coinbase — Senior Staff Software Engineer, Finance Automation: Matches target profile
      ✅ Coinbase — Senior Staff Software Engineer, Finance Automation: Matches target profile
      ✅ Link Group — Senior Test Automation Engineer: Matches target profile
      ✅ Connectis_ — Tester Automatyzujący (k/m): Matches target profile
      ✅ Transition Technologies PSC — Senior Test Automation Engineer - Talent Pool: Matches target profile
      ✅ Lifted — CFD & Aerodynamic Engineer (AI Training & Evaluation) (Remote): Matches target profile
      ✅ FreeHire — AI trainer: Matches target profile
      ✅ Unanet — Lead QA Automation Engineer: Matches target profile
      ✅ Enhanced CV generated: /Users/ilse/career-ops-2/output/cv-ilse-placencia-2026-07-30.pdf
      ✅ Enhanced cover letter generated: /Users/ilse/career-ops-2/output/cover-letter-coinbase-2026-07-30.pdf
      ⚠️  No email found on website
      📧 Creating Gmail draft (no recruiter email found)...
      ✅ Gmail draft created (ID: 3832)
      ✅ Synced to dashboard inbox
      ✅ Local applications tracker updated
      ✅ Enhanced CV generated: /Users/ilse/career-ops-2/output/cv-ilse-placencia-2026-07-30.pdf
      ✅ Enhanced cover letter generated: /Users/ilse/career-ops-2/output/cover-letter-coinbase-2026-07-30.pdf
      ⚠️  No email found on website
      📧 Creating Gmail draft (no recruiter email found)...
      ✅ Gmail draft created (ID: 3833)

────────────────────────────────────────────────────────────
✅  Scan complete in 560s
   Job boards (60%):  0 new
   ATS providers (40%): 0 new
   Total new jobs:      0
   Above threshold (≥3): 0
   Gmail drafts created: 6
────────────────────────────────────────────────────────────

💤 Sleeping for 10 minutes before next sweep...

════════════════════════════════════════════════════════════
🕐  Hourly Scan — 30/07/2026, 12:17:14 pm
    Mode: LIVE | Min Score: 3 | 60% Boards / 40% ATS
════════════════════════════════════════════════════════════

📋  Phase 1 of 2 — Scanning job boards (Seek / Indeed / LinkedIn) — 60% budget

   ✅  Job boards: 0 new offers found

🏢  Phase 2 of 2 — Scanning 200+ ATS providers (Greenhouse / Ashby / Lever / ...) — 40% budget

   ✅  ATS providers: 0 new offers found


📨  Phase 3 — Processing pipeline (score ≥ 3 → Gmail draft)

      ✅ Coinbase — Senior Staff Software Engineer, Finance Automation: Matches target profile
      ✅ Coinbase — Senior Staff Software Engineer, Finance Automation: Matches target profile
      ✅ Link Group — Senior Test Automation Engineer: Matches target profile
      ✅ Connectis_ — Tester Automatyzujący (k/m): Matches target profile
      ✅ Transition Technologies PSC — Senior Test Automation Engineer - Talent Pool: Matches target profile
      ✅ Lifted — CFD & Aerodynamic Engineer (AI Training & Evaluation) (Remote): Matches target profile
      ✅ Enhanced CV generated: /Users/ilse/career-ops-2/output/cv-ilse-placencia-2026-07-30.pdf
      ✅ Enhanced cover letter generated: /Users/ilse/career-ops-2/output/cover-letter-coinbase-2026-07-30.pdf
      ⚠️  No email found on website
      📧 Creating Gmail draft (no recruiter email found)...
      ✅ Gmail draft created (ID: 3838)
      ✅ Synced to dashboard inbox
      ✅ Local applications tracker updated
      ✅ Enhanced CV generated: /Users/ilse/career-ops-2/output/cv-ilse-placencia-2026-07-30.pdf
      ✅ Enhanced cover letter generated: /Users/ilse/career-ops-2/output/cover-letter-coinbase-2026-07-30.pdf
      ⚠️  No email found on website
      📧 Creating Gmail draft (no recruiter email found)...
      ✅ Gmail draft created (ID: 3839)
      ✅ Synced to dashboard inbox
      ✅ Local applications tracker updated

────────────────────────────────────────────────────────────
✅  Scan complete in 872s
   Job boards (60%):  0 new
   ATS providers (40%): 0 new
   Total new jobs:      0
   Above threshold (≥3): 0
   Gmail drafts created: 6
────────────────────────────────────────────────────────────

💤 Sleeping for 10 minutes before next sweep...

════════════════════════════════════════════════════════════
🕐  Hourly Scan — 30/07/2026, 12:41:46 pm
    Mode: LIVE | Min Score: 3 | 60% Boards / 40% ATS
════════════════════════════════════════════════════════════

📋  Phase 1 of 2 — Scanning job boards (Seek / Indeed / LinkedIn) — 60% budget

   ✅  Job boards: 0 new offers found

🏢  Phase 2 of 2 — Scanning 200+ ATS providers (Greenhouse / Ashby / Lever / ...) — 40% budget

   ✅  ATS providers: 0 new offers found


📨  Phase 3 — Processing pipeline (score ≥ 3 → Gmail draft)

      ✅ Coinbase — Senior Staff Software Engineer, Finance Automation: Matches target profile
      ✅ Coinbase — Senior Staff Software Engineer, Finance Automation: Matches target profile
      ✅ Link Group — Senior Test Automation Engineer: Matches target profile
      ✅ Connectis_ — Tester Automatyzujący (k/m): Matches target profile
      ✅ Transition Technologies PSC — Senior Test Automation Engineer - Talent Pool: Matches target profile
      ✅ Lifted — CFD & Aerodynamic Engineer (AI Training & Evaluation) (Remote): Matches target profile
      ✅ Unknown — Technical Account Manager - Industrial Automation: Matches target profile
      ✅ Enhanced CV generated: /Users/ilse/career-ops-2/output/cv-ilse-placencia-2026-07-30.pdf
      ✅ Enhanced cover letter generated: /Users/ilse/career-ops-2/output/cover-letter-coinbase-2026-07-30.pdf
      ⚠️  No email found on website
      📧 Creating Gmail draft (no recruiter email found)...
      ✅ Gmail draft created (ID: 3844)
      ✅ Synced to dashboard inbox
      ✅ Local applications tracker updated
      ✅ Enhanced CV generated: /Users/ilse/career-ops-2/output/cv-ilse-placencia-2026-07-30.pdf
      ✅ Enhanced cover letter generated: /Users/ilse/career-ops-2/output/cover-letter-coinbase-2026-07-30.pdf
      ⚠️  No email found on website
      📧 Creating Gmail draft (no recruiter email found)...
      ✅ Gmail draft created (ID: 3846)
      ✅ Synced to dashboard inbox

────────────────────────────────────────────────────────────
✅  Scan complete in 922s
   Job boards (60%):  0 new
   ATS providers (40%): 0 new
   Total new jobs:      0
   Above threshold (≥3): 0
   Gmail drafts created: 6
────────────────────────────────────────────────────────────

💤 Sleeping for 10 minutes before next sweep...

════════════════════════════════════════════════════════════
🕐  Hourly Scan — 30/07/2026, 1:07:08 pm
    Mode: LIVE | Min Score: 3 | 60% Boards / 40% ATS
════════════════════════════════════════════════════════════

📋  Phase 1 of 2 — Scanning job boards (Seek / Indeed / LinkedIn) — 60% budget

   ✅  Job boards: 0 new offers found

🏢  Phase 2 of 2 — Scanning 200+ ATS providers (Greenhouse / Ashby / Lever / ...) — 40% budget

   ✅  ATS providers: 0 new offers found


📨  Phase 3 — Processing pipeline (score ≥ 3 → Gmail draft)

      ✅ Coinbase — Senior Staff Software Engineer, Finance Automation: Matches target profile
      ✅ Coinbase — Senior Staff Software Engineer, Finance Automation: Matches target profile
      ✅ Link Group — Senior Test Automation Engineer: Matches target profile
      ✅ Connectis_ — Tester Automatyzujący (k/m): Matches target profile
      ✅ Transition Technologies PSC — Senior Test Automation Engineer - Talent Pool: Matches target profile
      ✅ Lifted — CFD & Aerodynamic Engineer (AI Training & Evaluation) (Remote): Matches target profile
      ✅ Enhanced CV generated: /Users/ilse/career-ops-2/output/cv-ilse-placencia-2026-07-30.pdf
      ✅ Enhanced cover letter generated: /Users/ilse/career-ops-2/output/cover-letter-coinbase-2026-07-30.pdf
      ⚠️  No email found on website
      📧 Creating Gmail draft (no recruiter email found)...
      ✅ Gmail draft created (ID: 3856)
      ✅ Synced to dashboard inbox
      ✅ Local applications tracker updated
      ✅ Enhanced CV generated: /Users/ilse/career-ops-2/output/cv-ilse-placencia-2026-07-30.pdf
      ✅ Enhanced cover letter generated: /Users/ilse/career-ops-2/output/cover-letter-coinbase-2026-07-30.pdf
      ⚠️  No email found on website
      📧 Creating Gmail draft (no recruiter email found)...
      ✅ Gmail draft created (ID: 3857)
      ✅ Synced to dashboard inbox
      ✅ Local applications tracker updated

────────────────────────────────────────────────────────────
✅  Scan complete in 1011s
   Job boards (60%):  0 new
   ATS providers (40%): 0 new
   Total new jobs:      0
   Above threshold (≥3): 0
   Gmail drafts created: 6
────────────────────────────────────────────────────────────

💤 Sleeping for 10 minutes before next sweep...

════════════════════════════════════════════════════════════
🕐  Hourly Scan — 30/07/2026, 1:33:59 pm
    Mode: LIVE | Min Score: 3 | 60% Boards / 40% ATS
════════════════════════════════════════════════════════════

📋  Phase 1 of 2 — Scanning job boards (Seek / Indeed / LinkedIn) — 60% budget

   ✅  Job boards: 0 new offers found

🏢  Phase 2 of 2 — Scanning 200+ ATS providers (Greenhouse / Ashby / Lever / ...) — 40% budget

   ✅  ATS providers: 0 new offers found


📨  Phase 3 — Processing pipeline (score ≥ 3 → Gmail draft)

      ✅ Coinbase — Senior Staff Software Engineer, Finance Automation: Matches target profile
      ✅ Coinbase — Senior Staff Software Engineer, Finance Automation: Matches target profile
      ✅ Link Group — Senior Test Automation Engineer: Matches target profile
      ✅ Connectis_ — Tester Automatyzujący (k/m): Matches target profile
      ✅ Transition Technologies PSC — Senior Test Automation Engineer - Talent Pool: Matches target profile
      ✅ Lifted — CFD & Aerodynamic Engineer (AI Training & Evaluation) (Remote): Matches target profile
      ✅ Enhanced CV generated: /Users/ilse/career-ops-2/output/cv-ilse-placencia-2026-07-30.pdf
      ✅ Enhanced cover letter generated: /Users/ilse/career-ops-2/output/cover-letter-coinbase-2026-07-30.pdf
      ⚠️  No email found on website
      📧 Creating Gmail draft (no recruiter email found)...
      ✅ Gmail draft created (ID: 3862)
      ✅ Synced to dashboard inbox
      ✅ Local applications tracker updated
      ✅ Enhanced CV generated: /Users/ilse/career-ops-2/output/cv-ilse-placencia-2026-07-30.pdf
      ✅ Enhanced cover letter generated: /Users/ilse/career-ops-2/output/cover-letter-coinbase-2026-07-30.pdf
      ⚠️  No email found on website
      📧 Creating Gmail draft (no recruiter email found)...
      ✅ Gmail draft created (ID: 3863)
      ✅ Synced to dashboard inbox
      ✅ Local applications tracker updated

────────────────────────────────────────────────────────────
✅  Scan complete in 572s
   Job boards (60%):  0 new
   ATS providers (40%): 0 new
   Total new jobs:      0
   Above threshold (≥3): 0
   Gmail drafts created: 6
────────────────────────────────────────────────────────────

💤 Sleeping for 10 minutes before next sweep...

════════════════════════════════════════════════════════════
🕐  Hourly Scan — 30/07/2026, 1:53:31 pm
    Mode: LIVE | Min Score: 3 | 60% Boards / 40% ATS
════════════════════════════════════════════════════════════

📋  Phase 1 of 2 — Scanning job boards (Seek / Indeed / LinkedIn) — 60% budget

   ✅  Job boards: 0 new offers found

🏢  Phase 2 of 2 — Scanning 200+ ATS providers (Greenhouse / Ashby / Lever / ...) — 40% budget

   ✅  ATS providers: 0 new offers found


📨  Phase 3 — Processing pipeline (score ≥ 3 → Gmail draft)


────────────────────────────────────────────────────────────
✅  Scan complete in 153s
   Job boards (60%):  0 new
   ATS providers (40%): 0 new
   Total new jobs:      0
   Above threshold (≥3): 0
   Gmail drafts created: 0
   Errors: 1 (see log)
────────────────────────────────────────────────────────────

💤 Sleeping for 10 minutes before next sweep...

════════════════════════════════════════════════════════════
🕐  Hourly Scan — 30/07/2026, 2:06:04 pm
    Mode: LIVE | Min Score: 3 | 60% Boards / 40% ATS
════════════════════════════════════════════════════════════

📋  Phase 1 of 2 — Scanning job boards (Seek / Indeed / LinkedIn) — 60% budget

   ✅  Job boards: 0 new offers found

🏢  Phase 2 of 2 — Scanning 200+ ATS providers (Greenhouse / Ashby / Lever / ...) — 40% budget

   ✅  ATS providers: 0 new offers found


📨  Phase 3 — Processing pipeline (score ≥ 3 → Gmail draft)


────────────────────────────────────────────────────────────
✅  Scan complete in 126s
   Job boards (60%):  0 new
   ATS providers (40%): 0 new
   Total new jobs:      0
   Above threshold (≥3): 0
   Gmail drafts created: 0
   Errors: 1 (see log)
────────────────────────────────────────────────────────────

💤 Sleeping for 10 minutes before next sweep...

════════════════════════════════════════════════════════════
🕐  Hourly Scan — 30/07/2026, 2:18:10 pm
    Mode: LIVE | Min Score: 3 | 60% Boards / 40% ATS
════════════════════════════════════════════════════════════

📋  Phase 1 of 2 — Scanning job boards (Seek / Indeed / LinkedIn) — 60% budget

   ✅  Job boards: 0 new offers found

🏢  Phase 2 of 2 — Scanning 200+ ATS providers (Greenhouse / Ashby / Lever / ...) — 40% budget

   ✅  ATS providers: 0 new offers found


📨  Phase 3 — Processing pipeline (score ≥ 3 → Gmail draft)


────────────────────────────────────────────────────────────
✅  Scan complete in 143s
   Job boards (60%):  0 new
   ATS providers (40%): 0 new
   Total new jobs:      0
   Above threshold (≥3): 0
   Gmail drafts created: 0
   Errors: 1 (see log)
────────────────────────────────────────────────────────────

💤 Sleeping for 10 minutes before next sweep...
◇ injected env (5) from web/.env.local // tip: ⌁ auth for agents [www.vestauth.com]
🚀 Daemon started. Loop interval set to 10 minutes.

════════════════════════════════════════════════════════════
🕐  Hourly Scan — 30/07/2026, 2:22:57 pm
    Mode: LIVE | Min Score: 3 | 60% Boards / 40% ATS
════════════════════════════════════════════════════════════

📋  Phase 1 of 2 — Scanning job boards (Seek / Indeed / LinkedIn) — 60% budget

◇ injected env (5) from web/.env.local // tip: ⌘ suppress logs { quiet: true }
🚀 Daemon started. Loop interval set to 10 minutes.

════════════════════════════════════════════════════════════
🕐  Hourly Scan — 30/07/2026, 2:23:04 pm
    Mode: LIVE | Min Score: 3 | 60% Boards / 40% ATS
════════════════════════════════════════════════════════════

📋  Phase 1 of 2 — Scanning job boards (Seek / Indeed / LinkedIn) — 60% budget

   ✅  Job boards: 0 new offers found

🏢  Phase 2 of 2 — Scanning 200+ ATS providers (Greenhouse / Ashby / Lever / ...) — 40% budget

◇ injected env (5) from web/.env.local // tip: ◈ secrets for agents [www.dotenvx.com]
🚀 Daemon started. Loop interval set to 10 minutes.

════════════════════════════════════════════════════════════
🕐  Hourly Scan — 30/07/2026, 2:24:47 pm
    Mode: LIVE | Min Score: 3 | 60% Boards / 40% ATS
════════════════════════════════════════════════════════════

📋  Phase 1 of 2 — Scanning job boards (Seek / Indeed / LinkedIn) — 60% budget

◇ injected env (5) from web/.env.local // tip: ⌘ multiple files { path: ['.env.local', '.env'] }
🚀 Daemon started. Loop interval set to 10 minutes.

════════════════════════════════════════════════════════════
🕐  Hourly Scan — 30/07/2026, 2:25:08 pm
    Mode: LIVE | Min Score: 3 | 60% Boards / 40% ATS
════════════════════════════════════════════════════════════

📋  Phase 1 of 2 — Scanning job boards (Seek / Indeed / LinkedIn) — 60% budget

   ✅  Job boards: 0 new offers found

🏢  Phase 2 of 2 — Scanning 200+ ATS providers (Greenhouse / Ashby / Lever / ...) — 40% budget

   ✅  ATS providers: 0 new offers found


📨  Phase 3 — Processing pipeline (score ≥ 3 → Gmail draft)

◇ injected env (5) from web/.env.local // tip: ⌘ custom filepath { path: '/custom/path/.env' }
🚀 Daemon started. Loop interval set to 10 minutes.

════════════════════════════════════════════════════════════
🕐  Hourly Scan — 30/07/2026, 2:30:30 pm
    Mode: LIVE | Min Score: 3 | 60% Boards / 40% ATS
════════════════════════════════════════════════════════════

📋  Phase 1 of 2 — Scanning job boards (Seek / Indeed / LinkedIn) — 60% budget

   ✅  Job boards: 0 new offers found

🏢  Phase 2 of 2 — Scanning 200+ ATS providers (Greenhouse / Ashby / Lever / ...) — 40% budget

◇ injected env (5) from web/.env.local // tip: ◈ encrypted .env [www.dotenvx.com]
🚀 Daemon started. Loop interval set to 10 minutes.

════════════════════════════════════════════════════════════
🕐  Hourly Scan — 30/07/2026, 2:30:39 pm
    Mode: LIVE | Min Score: 3 | 60% Boards / 40% ATS
════════════════════════════════════════════════════════════

📋  Phase 1 of 2 — Scanning job boards (Seek / Indeed / LinkedIn) — 60% budget

   ✅  Job boards: 0 new offers found

🏢  Phase 2 of 2 — Scanning 200+ ATS providers (Greenhouse / Ashby / Lever / ...) — 40% budget

   ✅  ATS providers: 0 new offers found


📨  Phase 3 — Processing pipeline (score ≥ 3 → Gmail draft)

      ✅ Coinbase — Senior Staff Software Engineer, Finance Automation: Matches target profile
      ✅ Coinbase — Senior Staff Software Engineer, Finance Automation: Matches target profile
      ✅ Link Group — Senior Test Automation Engineer: Matches target profile
      ✅ Connectis_ — Tester Automatyzujący (k/m): Matches target profile
      ✅ Transition Technologies PSC — Senior Test Automation Engineer - Talent Pool: Matches target profile
      ✅ Lifted — CFD & Aerodynamic Engineer (AI Training & Evaluation) (Remote): Matches target profile
      ✅ Algoworks — QA Automation Engineer: Matches target profile
      ✅ Algoworks — QA Engineer, ETL: Matches target profile
      ✅ Enhanced CV generated: /Users/ilse/career-ops-2/output/cv-ilse-placencia-2026-07-30.pdf
      ✅ Enhanced cover letter generated: /Users/ilse/career-ops-2/output/cover-letter-coinbase-2026-07-30.pdf
      ⚠️  No email found on website
      📧 Creating Gmail draft (no recruiter email found)...
      ✅ Gmail draft created (ID: 4160)
      ✅ Synced to dashboard inbox
      ✅ Local applications tracker updated
      ✅ Enhanced CV generated: /Users/ilse/career-ops-2/output/cv-ilse-placencia-2026-07-30.pdf
      ✅ Enhanced cover letter generated: /Users/ilse/career-ops-2/output/cover-letter-coinbase-2026-07-30.pdf
      ⚠️  No email found on website
      📧 Creating Gmail draft (no recruiter email found)...
      ✅ Gmail draft created (ID: 4161)

────────────────────────────────────────────────────────────
✅  Scan complete in 1022s
   Job boards (60%):  0 new
   ATS providers (40%): 0 new
   Total new jobs:      0
   Above threshold (≥3): 0
   Gmail drafts created: 7
────────────────────────────────────────────────────────────

💤 Sleeping for 10 minutes before next sweep...

════════════════════════════════════════════════════════════
🕐  Hourly Scan — 30/07/2026, 2:57:41 pm
    Mode: LIVE | Min Score: 3 | 60% Boards / 40% ATS
════════════════════════════════════════════════════════════

📋  Phase 1 of 2 — Scanning job boards (Seek / Indeed / LinkedIn) — 60% budget

   ✅  Job boards: 0 new offers found

🏢  Phase 2 of 2 — Scanning 200+ ATS providers (Greenhouse / Ashby / Lever / ...) — 40% budget

   ✅  ATS providers: 0 new offers found


📨  Phase 3 — Processing pipeline (score ≥ 3 → Gmail draft)

      ✅ Coinbase — Senior Staff Software Engineer, Finance Automation: Matches target profile
      ✅ Coinbase — Senior Staff Software Engineer, Finance Automation: Matches target profile
      ✅ Link Group — Senior Test Automation Engineer: Matches target profile
      ✅ Connectis_ — Tester Automatyzujący (k/m): Matches target profile
      ✅ Transition Technologies PSC — Senior Test Automation Engineer - Talent Pool: Matches target profile
      ✅ Lifted — CFD & Aerodynamic Engineer (AI Training & Evaluation) (Remote): Matches target profile
      ✅ Unknown — Operations Support Assistant: Matches target profile
      ✅ Unknown — Technical Operations Assistant: Matches target profile
      ✅ Enhanced CV generated: /Users/ilse/career-ops-2/output/cv-ilse-placencia-2026-07-30.pdf
      ✅ Enhanced cover letter generated: /Users/ilse/career-ops-2/output/cover-letter-coinbase-2026-07-30.pdf
      ⚠️  No email found on website
      📧 Creating Gmail draft (no recruiter email found)...
      ✅ Gmail draft created (ID: 4173)
      ✅ Synced to dashboard inbox
      ✅ Local applications tracker updated
      ✅ Enhanced CV generated: /Users/ilse/career-ops-2/output/cv-ilse-placencia-2026-07-30.pdf
      ✅ Enhanced cover letter generated: /Users/ilse/career-ops-2/output/cover-letter-coinbase-2026-07-30.pdf
      ⚠️  No email found on website
      📧 Creating Gmail draft (no recruiter email found)...
      ✅ Gmail draft created (ID: 4174)

────────────────────────────────────────────────────────────
✅  Scan complete in 1125s
   Job boards (60%):  0 new
   ATS providers (40%): 0 new
   Total new jobs:      0
   Above threshold (≥3): 0
   Gmail drafts created: 6
────────────────────────────────────────────────────────────

💤 Sleeping for 10 minutes before next sweep...

════════════════════════════════════════════════════════════
🕐  Hourly Scan — 30/07/2026, 3:26:26 pm
    Mode: LIVE | Min Score: 3 | 60% Boards / 40% ATS
════════════════════════════════════════════════════════════

📋  Phase 1 of 2 — Scanning job boards (Seek / Indeed / LinkedIn) — 60% budget

   ✅  Job boards: 0 new offers found

🏢  Phase 2 of 2 — Scanning 200+ ATS providers (Greenhouse / Ashby / Lever / ...) — 40% budget

   ✅  ATS providers: 0 new offers found


📨  Phase 3 — Processing pipeline (score ≥ 3 → Gmail draft)

      ✅ Coinbase — Senior Staff Software Engineer, Finance Automation: Matches target profile
      ✅ Coinbase — Senior Staff Software Engineer, Finance Automation: Matches target profile
      ✅ Link Group — Senior Test Automation Engineer: Matches target profile
      ✅ Connectis_ — Tester Automatyzujący (k/m): Matches target profile
      ✅ Transition Technologies PSC — Senior Test Automation Engineer - Talent Pool: Matches target profile
      ✅ Lifted — CFD & Aerodynamic Engineer (AI Training & Evaluation) (Remote): Matches target profile
      ✅ VaynerMedia — Social Media Content Editor / Video Editor (Remote): Matches target profile
      ✅ Symetra — Lead Test Automation Engineer: Matches target profile
      ✅ Enhanced CV generated: /Users/ilse/career-ops-2/output/cv-ilse-placencia-2026-07-30.pdf
      ✅ Enhanced cover letter generated: /Users/ilse/career-ops-2/output/cover-letter-coinbase-2026-07-30.pdf
      ⚠️  No email found on website
      📧 Creating Gmail draft (no recruiter email found)...
      ✅ Gmail draft created (ID: 4179)
      ✅ Synced to dashboard inbox
      ✅ Local applications tracker updated
      ✅ Enhanced CV generated: /Users/ilse/career-ops-2/output/cv-ilse-placencia-2026-07-30.pdf
      ✅ Enhanced cover letter generated: /Users/ilse/career-ops-2/output/cover-letter-coinbase-2026-07-30.pdf
      ⚠️  No email found on website
      📧 Creating Gmail draft (no recruiter email found)...
      ✅ Gmail draft created (ID: 4180)

────────────────────────────────────────────────────────────
✅  Scan complete in 1225s
   Job boards (60%):  0 new
   ATS providers (40%): 0 new
   Total new jobs:      0
   Above threshold (≥3): 0
   Gmail drafts created: 7
────────────────────────────────────────────────────────────

💤 Sleeping for 10 minutes before next sweep...

════════════════════════════════════════════════════════════
🕐  Hourly Scan — 30/07/2026, 3:56:51 pm
    Mode: LIVE | Min Score: 3 | 60% Boards / 40% ATS
════════════════════════════════════════════════════════════

📋  Phase 1 of 2 — Scanning job boards (Seek / Indeed / LinkedIn) — 60% budget

   ✅  Job boards: 0 new offers found

🏢  Phase 2 of 2 — Scanning 200+ ATS providers (Greenhouse / Ashby / Lever / ...) — 40% budget

   ✅  ATS providers: 0 new offers found


📨  Phase 3 — Processing pipeline (score ≥ 3 → Gmail draft)

      ✅ Coinbase — Senior Staff Software Engineer, Finance Automation: Matches target profile
      ✅ Coinbase — Senior Staff Software Engineer, Finance Automation: Matches target profile
      ✅ Link Group — Senior Test Automation Engineer: Matches target profile
      ✅ Connectis_ — Tester Automatyzujący (k/m): Matches target profile
      ✅ Transition Technologies PSC — Senior Test Automation Engineer - Talent Pool: Matches target profile
      ✅ Lifted — CFD & Aerodynamic Engineer (AI Training & Evaluation) (Remote): Matches target profile
      ✅ VaynerMedia — Social Media Content Editor / Video Editor (Remote): Matches target profile
      ✅ Symetra — Lead Test Automation Engineer: Matches target profile
      ✅ Enhanced CV generated: /Users/ilse/career-ops-2/output/cv-ilse-placencia-2026-07-30.pdf
      ✅ Enhanced cover letter generated: /Users/ilse/career-ops-2/output/cover-letter-lifted-2026-07-30.pdf
      ⚠️  No email found on website
      📧 Creating Gmail draft (no recruiter email found)...
      ✅ Gmail draft created (ID: 4200)
      ✅ Synced to dashboard inbox
      ✅ Local applications tracker updated
      Scanned: 8
      Applied: 0

────────────────────────────────────────────────────────────
✅  Scan complete in 688s
   Job boards (60%):  0 new
   ATS providers (40%): 0 new
   Total new jobs:      0
   Above threshold (≥3): 0
   Gmail drafts created: 1
────────────────────────────────────────────────────────────

💤 Sleeping for 10 minutes before next sweep...

════════════════════════════════════════════════════════════
🕐  Hourly Scan — 30/07/2026, 4:18:19 pm
    Mode: LIVE | Min Score: 3 | 60% Boards / 40% ATS
════════════════════════════════════════════════════════════

📋  Phase 1 of 2 — Scanning job boards (Seek / Indeed / LinkedIn) — 60% budget

   ✅  Job boards: 0 new offers found

🏢  Phase 2 of 2 — Scanning 200+ ATS providers (Greenhouse / Ashby / Lever / ...) — 40% budget

   ✅  ATS providers: 0 new offers found


📨  Phase 3 — Processing pipeline (score ≥ 3 → Gmail draft)

      ✅ Lifted — CFD & Aerodynamic Engineer (AI Training & Evaluation) (Remote): Matches target profile
      ✅ Unknown — Quality Assurance Engineer (Remote): Matches target profile
      ✅ Enhanced CV generated: /Users/ilse/career-ops-2/output/cv-ilse-placencia-2026-07-30.pdf
      ✅ Enhanced cover letter generated: /Users/ilse/career-ops-2/output/cover-letter-lifted-2026-07-30.pdf
      ⚠️  No email found on website
      📧 Creating Gmail draft (no recruiter email found)...
      ✅ Gmail draft created (ID: 4221)
      ✅ Synced to dashboard inbox
      ✅ Local applications tracker updated
      ✅ Enhanced CV generated: /Users/ilse/career-ops-2/output/cv-ilse-placencia-2026-07-30.pdf
      ✅ Enhanced cover letter generated: /Users/ilse/career-ops-2/output/cover-letter-unknown-2026-07-30.pdf
      ⚠️  No email found on website
      📧 Creating Gmail draft (no recruiter email found)...
      ✅ Gmail draft created (ID: 4222)
      ✅ Synced to dashboard inbox
      Scanned: 2
      Applied: 0

────────────────────────────────────────────────────────────
✅  Scan complete in 663s
   Job boards (60%):  0 new
   ATS providers (40%): 0 new
   Total new jobs:      0
   Above threshold (≥3): 0
   Gmail drafts created: 2
────────────────────────────────────────────────────────────

💤 Sleeping for 10 minutes before next sweep...

════════════════════════════════════════════════════════════
🕐  Hourly Scan — 30/07/2026, 4:39:22 pm
    Mode: LIVE | Min Score: 3 | 60% Boards / 40% ATS
════════════════════════════════════════════════════════════

📋  Phase 1 of 2 — Scanning job boards (Seek / Indeed / LinkedIn) — 60% budget

   ✅  Job boards: 0 new offers found

🏢  Phase 2 of 2 — Scanning 200+ ATS providers (Greenhouse / Ashby / Lever / ...) — 40% budget

   ✅  ATS providers: 0 new offers found


📨  Phase 3 — Processing pipeline (score ≥ 3 → Gmail draft)

      ✅ Lifted — CFD & Aerodynamic Engineer (AI Training & Evaluation) (Remote): Matches target profile
      ✅ Unknown — Quality Assurance Engineer (Remote): Matches target profile
      ✅ Enhanced CV generated: /Users/ilse/career-ops-2/output/cv-ilse-placencia-2026-07-30.pdf
      ✅ Enhanced cover letter generated: /Users/ilse/career-ops-2/output/cover-letter-lifted-2026-07-30.pdf
      ⚠️  No email found on website
      📧 Creating Gmail draft (no recruiter email found)...
      ✅ Gmail draft created (ID: 4223)
      ✅ Synced to dashboard inbox
      ✅ Local applications tracker updated
      ✅ Enhanced CV generated: /Users/ilse/career-ops-2/output/cv-ilse-placencia-2026-07-30.pdf
      ✅ Enhanced cover letter generated: /Users/ilse/career-ops-2/output/cover-letter-unknown-2026-07-30.pdf
      ⚠️  No email found on website
      📧 Creating Gmail draft (no recruiter email found)...
      ✅ Gmail draft created (ID: 4224)
      ✅ Synced to dashboard inbox
      Scanned: 2
      Applied: 0

────────────────────────────────────────────────────────────
✅  Scan complete in 438s
   Job boards (60%):  0 new
   ATS providers (40%): 0 new
   Total new jobs:      0
   Above threshold (≥3): 0
   Gmail drafts created: 2
────────────────────────────────────────────────────────────

💤 Sleeping for 10 minutes before next sweep...

════════════════════════════════════════════════════════════
🕐  Hourly Scan — 30/07/2026, 4:56:40 pm
    Mode: LIVE | Min Score: 3 | 60% Boards / 40% ATS
════════════════════════════════════════════════════════════

📋  Phase 1 of 2 — Scanning job boards (Seek / Indeed / LinkedIn) — 60% budget

   ✅  Job boards: 0 new offers found

🏢  Phase 2 of 2 — Scanning 200+ ATS providers (Greenhouse / Ashby / Lever / ...) — 40% budget

   ✅  ATS providers: 0 new offers found


📨  Phase 3 — Processing pipeline (score ≥ 3 → Gmail draft)

      ✅ Lifted — CFD & Aerodynamic Engineer (AI Training & Evaluation) (Remote): Matches target profile
      ✅ Unknown — Quality Assurance Engineer (Remote): Matches target profile
      ✅ Enhanced CV generated: /Users/ilse/career-ops-2/output/cv-ilse-placencia-2026-07-30.pdf
      ✅ Enhanced cover letter generated: /Users/ilse/career-ops-2/output/cover-letter-lifted-2026-07-30.pdf
      ⚠️  No email found on website
      📧 Creating Gmail draft (no recruiter email found)...
      ✅ Gmail draft created (ID: 4225)
      ✅ Synced to dashboard inbox
      ✅ Local applications tracker updated
      ✅ Enhanced CV generated: /Users/ilse/career-ops-2/output/cv-ilse-placencia-2026-07-30.pdf
      ✅ Enhanced cover letter generated: /Users/ilse/career-ops-2/output/cover-letter-unknown-2026-07-30.pdf
      ⚠️  No email found on website
      📧 Creating Gmail draft (no recruiter email found)...
      ⚠️  Gmail draft failed: IMAP timeout
      ✅ Synced to dashboard inbox
      Scanned: 3
      Applied: 0

────────────────────────────────────────────────────────────
✅  Scan complete in 485s
   Job boards (60%):  0 new
   ATS providers (40%): 0 new
   Total new jobs:      0
   Above threshold (≥3): 0
   Gmail drafts created: 1
────────────────────────────────────────────────────────────

💤 Sleeping for 10 minutes before next sweep...

════════════════════════════════════════════════════════════
🕐  Hourly Scan — 30/07/2026, 5:14:45 pm
    Mode: LIVE | Min Score: 3 | 60% Boards / 40% ATS
════════════════════════════════════════════════════════════

📋  Phase 1 of 2 — Scanning job boards (Seek / Indeed / LinkedIn) — 60% budget

   ✅  Job boards: 0 new offers found

🏢  Phase 2 of 2 — Scanning 200+ ATS providers (Greenhouse / Ashby / Lever / ...) — 40% budget

   ✅  ATS providers: 0 new offers found


📨  Phase 3 — Processing pipeline (score ≥ 3 → Gmail draft)

      ✅ Lifted — CFD & Aerodynamic Engineer (AI Training & Evaluation) (Remote): Matches target profile
      ✅ Unknown — Quality Assurance Engineer (Remote): Matches target profile
      ✅ ICF — Salesforce QA Engineer: Matches target profile
      ✅ FreeHire — Video Editor - Purdue Global: Matches target profile
      ✅ FreeHire — AI Animation Producer & Video Editor: Matches target profile
      ✅ Enhanced CV generated: /Users/ilse/career-ops-2/output/cv-ilse-placencia-2026-07-30.pdf
      ✅ Enhanced cover letter generated: /Users/ilse/career-ops-2/output/cover-letter-lifted-2026-07-30.pdf
      ⚠️  No email found on website
      📧 Creating Gmail draft (no recruiter email found)...
      ✅ Gmail draft created (ID: 4227)
      ✅ Synced to dashboard inbox
      ✅ Local applications tracker updated
      ⚠️  PDF generation failed: spawnSync /bin/sh ETIMEDOUT
      ✅ Enhanced CV generated: /Users/ilse/career-ops-2/output/cv-ilse-placencia-2026-07-30.pdf
      ✅ Enhanced cover letter generated: /Users/ilse/career-ops-2/output/cover-letter-unknown-2026-07-30.pdf
      ⚠️  No email found on website
      📧 Creating Gmail draft (no recruiter email found)...
      ✅ Gmail draft created (ID: 4228)
      ✅ Synced to dashboard inbox
      ✅ Enhanced CV generated: /Users/ilse/career-ops-2/output/cv-ilse-placencia-2026-07-30.pdf

────────────────────────────────────────────────────────────
✅  Scan complete in 853s
   Job boards (60%):  0 new
   ATS providers (40%): 0 new
   Total new jobs:      0
   Above threshold (≥3): 0
   Gmail drafts created: 3
────────────────────────────────────────────────────────────

💤 Sleeping for 10 minutes before next sweep...

════════════════════════════════════════════════════════════
🕐  Hourly Scan — 30/07/2026, 5:38:58 pm
    Mode: LIVE | Min Score: 3 | 60% Boards / 40% ATS
════════════════════════════════════════════════════════════

📋  Phase 1 of 2 — Scanning job boards (Seek / Indeed / LinkedIn) — 60% budget

   ✅  Job boards: 0 new offers found

🏢  Phase 2 of 2 — Scanning 200+ ATS providers (Greenhouse / Ashby / Lever / ...) — 40% budget

   ✅  ATS providers: 0 new offers found


📨  Phase 3 — Processing pipeline (score ≥ 3 → Gmail draft)

      ✅ Lifted — CFD & Aerodynamic Engineer (AI Training & Evaluation) (Remote): Matches target profile
      ✅ Unknown — Quality Assurance Engineer (Remote): Matches target profile
      ✅ ICF — Salesforce QA Engineer: Matches target profile
      ✅ ICF — Salesforce QA Engineer: Matches target profile
      ✅ FreeHire — Video Editor - Purdue Global: Matches target profile
      ✅ FreeHire — AI Animation Producer & Video Editor: Matches target profile
      ✅ ISTA Personnel Solutions - Current Openings — AI Automation Engineer (LLMs & Agentic AI) (Remote): Matches target profile
      ✅ FreeHire — Sales Development Representative - Spanish: Matches target profile
      ✅ Enhanced CV generated: /Users/ilse/career-ops-2/output/cv-ilse-placencia-2026-07-30.pdf
      ✅ Enhanced cover letter generated: /Users/ilse/career-ops-2/output/cover-letter-lifted-2026-07-30.pdf
      ⚠️  No email found on website
      📧 Creating Gmail draft (no recruiter email found)...
      ✅ Gmail draft created (ID: 4230)
      ✅ Synced to dashboard inbox
      ✅ Local applications tracker updated
      ✅ Enhanced CV generated: /Users/ilse/career-ops-2/output/cv-ilse-placencia-2026-07-30.pdf
      ✅ Enhanced cover letter generated: /Users/ilse/career-ops-2/output/cover-letter-unknown-2026-07-30.pdf
      ⚠️  No email found on website
      📧 Creating Gmail draft (no recruiter email found)...
      ✅ Gmail draft created (ID: 4231)

────────────────────────────────────────────────────────────
✅  Scan complete in 851s
   Job boards (60%):  0 new
   ATS providers (40%): 0 new
   Total new jobs:      0
   Above threshold (≥3): 0
   Gmail drafts created: 3
────────────────────────────────────────────────────────────

💤 Sleeping for 10 minutes before next sweep...

════════════════════════════════════════════════════════════
🕐  Hourly Scan — 30/07/2026, 6:03:09 pm
    Mode: LIVE | Min Score: 3 | 60% Boards / 40% ATS
════════════════════════════════════════════════════════════

📋  Phase 1 of 2 — Scanning job boards (Seek / Indeed / LinkedIn) — 60% budget

   ✅  Job boards: 0 new offers found

🏢  Phase 2 of 2 — Scanning 200+ ATS providers (Greenhouse / Ashby / Lever / ...) — 40% budget

   ✅  ATS providers: 0 new offers found


📨  Phase 3 — Processing pipeline (score ≥ 3 → Gmail draft)

      ✅ Lifted — CFD & Aerodynamic Engineer (AI Training & Evaluation) (Remote): Matches target profile
      ✅ Unknown — Quality Assurance Engineer (Remote): Matches target profile
      ✅ Antal Sp. z o.o. — QA Engineer: Matches target profile
      ✅ emagine Polska — Tester (Manual, HP ALM): Matches target profile
      ✅ Enhanced CV generated: /Users/ilse/career-ops-2/output/cv-ilse-placencia-2026-07-30.pdf
      ✅ Enhanced cover letter generated: /Users/ilse/career-ops-2/output/cover-letter-lifted-2026-07-30.pdf
      ⚠️  No email found on website
      📧 Creating Gmail draft (no recruiter email found)...
      ✅ Gmail draft created (ID: 4233)
      ✅ Synced to dashboard inbox
      ✅ Local applications tracker updated
      ✅ Enhanced CV generated: /Users/ilse/career-ops-2/output/cv-ilse-placencia-2026-07-30.pdf
      ✅ Enhanced cover letter generated: /Users/ilse/career-ops-2/output/cover-letter-unknown-2026-07-30.pdf
      ⚠️  No email found on website
      📧 Creating Gmail draft (no recruiter email found)...
      ✅ Gmail draft created (ID: 4234)
      ✅ Synced to dashboard inbox
      Scanned: 5
      Applied: 0

────────────────────────────────────────────────────────────
✅  Scan complete in 493s
   Job boards (60%):  0 new
   ATS providers (40%): 0 new
   Total new jobs:      0
   Above threshold (≥3): 0
   Gmail drafts created: 2
────────────────────────────────────────────────────────────

💤 Sleeping for 10 minutes before next sweep...

════════════════════════════════════════════════════════════
🕐  Hourly Scan — 30/07/2026, 6:21:22 pm
    Mode: LIVE | Min Score: 3 | 60% Boards / 40% ATS
════════════════════════════════════════════════════════════

📋  Phase 1 of 2 — Scanning job boards (Seek / Indeed / LinkedIn) — 60% budget

   ✅  Job boards: 0 new offers found

🏢  Phase 2 of 2 — Scanning 200+ ATS providers (Greenhouse / Ashby / Lever / ...) — 40% budget

   ✅  ATS providers: 0 new offers found


📨  Phase 3 — Processing pipeline (score ≥ 3 → Gmail draft)

      ✅ Lifted — CFD & Aerodynamic Engineer (AI Training & Evaluation) (Remote): Matches target profile
      ✅ Unknown — Quality Assurance Engineer (Remote): Matches target profile
      ✅ FreeHire — SEO Specialist iGaming: Matches target profile
      ✅ ICF — Automation Tester (Remote): Matches target profile
      ✅ ICF — AI / Automation Engineer: Matches target profile
      ✅ Enhanced CV generated: /Users/ilse/career-ops-2/output/cv-ilse-placencia-2026-07-30.pdf
      ✅ Enhanced cover letter generated: /Users/ilse/career-ops-2/output/cover-letter-lifted-2026-07-30.pdf
      ⚠️  No email found on website
      📧 Creating Gmail draft (no recruiter email found)...
      ✅ Gmail draft created (ID: 4235)
      ✅ Synced to dashboard inbox
      ✅ Local applications tracker updated
      ✅ Enhanced CV generated: /Users/ilse/career-ops-2/output/cv-ilse-placencia-2026-07-30.pdf
      ✅ Enhanced cover letter generated: /Users/ilse/career-ops-2/output/cover-letter-unknown-2026-07-30.pdf
      ⚠️  No email found on website
      📧 Creating Gmail draft (no recruiter email found)...
      ✅ Gmail draft created (ID: 4236)
      ✅ Synced to dashboard inbox
      ✅ Enhanced CV generated: /Users/ilse/career-ops-2/output/cv-ilse-placencia-2026-07-30.pdf
      ✅ Enhanced cover letter generated: /Users/ilse/career-ops-2/output/cover-letter-freehire-2026-07-30.pdf

────────────────────────────────────────────────────────────
✅  Scan complete in 544s
   Job boards (60%):  0 new
   ATS providers (40%): 0 new
   Total new jobs:      0
   Above threshold (≥3): 0
   Gmail drafts created: 5
────────────────────────────────────────────────────────────

💤 Sleeping for 10 minutes before next sweep...

════════════════════════════════════════════════════════════
🕐  Hourly Scan — 30/07/2026, 6:40:25 pm
    Mode: LIVE | Min Score: 3 | 60% Boards / 40% ATS
════════════════════════════════════════════════════════════

📋  Phase 1 of 2 — Scanning job boards (Seek / Indeed / LinkedIn) — 60% budget

   ✅  Job boards: 0 new offers found

🏢  Phase 2 of 2 — Scanning 200+ ATS providers (Greenhouse / Ashby / Lever / ...) — 40% budget

   ✅  ATS providers: 0 new offers found


📨  Phase 3 — Processing pipeline (score ≥ 3 → Gmail draft)

      ✅ Lifted — CFD & Aerodynamic Engineer (AI Training & Evaluation) (Remote): Matches target profile
      ✅ Unknown — Quality Assurance Engineer (Remote): Matches target profile
      ✅ Unknown — Remote Quality Assurance Rater (English Speakers) Remote Quality Assurance Rater (English Speakers) with verification: Matches target profile
      ✅ Enhanced CV generated: /Users/ilse/career-ops-2/output/cv-ilse-placencia-2026-07-30.pdf
      ✅ Enhanced cover letter generated: /Users/ilse/career-ops-2/output/cover-letter-lifted-2026-07-30.pdf
      ⚠️  No email found on website
      📧 Creating Gmail draft (no recruiter email found)...
      ✅ Gmail draft created (ID: 4240)
      ✅ Synced to dashboard inbox
      ✅ Local applications tracker updated
      ✅ Enhanced CV generated: /Users/ilse/career-ops-2/output/cv-ilse-placencia-2026-07-30.pdf
      ✅ Enhanced cover letter generated: /Users/ilse/career-ops-2/output/cover-letter-unknown-2026-07-30.pdf
      ⚠️  No email found on website
      📧 Creating Gmail draft (no recruiter email found)...
      ✅ Gmail draft created (ID: 4241)
      ✅ Synced to dashboard inbox
      ✅ Enhanced CV generated: /Users/ilse/career-ops-2/output/cv-ilse-placencia-2026-07-30.pdf
      ✅ Enhanced cover letter generated: /Users/ilse/career-ops-2/output/cover-letter-unknown-2026-07-30.pdf
      ⚠️  No email found on website
      📧 Creating Gmail draft (no recruiter email found)...

────────────────────────────────────────────────────────────
✅  Scan complete in 734s
   Job boards (60%):  0 new
   ATS providers (40%): 0 new
   Total new jobs:      0
   Above threshold (≥3): 0
   Gmail drafts created: 3
────────────────────────────────────────────────────────────

💤 Sleeping for 10 minutes before next sweep...

════════════════════════════════════════════════════════════
🕐  Hourly Scan — 30/07/2026, 7:02:40 pm
    Mode: LIVE | Min Score: 3 | 60% Boards / 40% ATS
════════════════════════════════════════════════════════════

📋  Phase 1 of 2 — Scanning job boards (Seek / Indeed / LinkedIn) — 60% budget

   ✅  Job boards: 0 new offers found

🏢  Phase 2 of 2 — Scanning 200+ ATS providers (Greenhouse / Ashby / Lever / ...) — 40% budget

   ✅  ATS providers: 0 new offers found


📨  Phase 3 — Processing pipeline (score ≥ 3 → Gmail draft)

      ✅ Lifted — CFD & Aerodynamic Engineer (AI Training & Evaluation) (Remote): Matches target profile
      ✅ Unknown — Quality Assurance Engineer (Remote): Matches target profile
      ✅ Unknown — Remote Quality Assurance Rater (English Speakers) Remote Quality Assurance Rater (English Speakers) with verification: Matches target profile
      ✅ FreeHire — Security Automation and Analytics Engineer - Cybersecurity: Matches target profile
      ✅ Harvey Nash Technology — Multimedia Data Annotator (AI/ML entertaitment industry): Matches target profile
      ✅ N-iX — Senior Product Owner with Spanish: Matches target profile
      ✅ B2Bnetwork — Tester Automatyzujący: Matches target profile
      ✅ Enhanced CV generated: /Users/ilse/career-ops-2/output/cv-ilse-placencia-2026-07-30.pdf
      ✅ Enhanced cover letter generated: /Users/ilse/career-ops-2/output/cover-letter-lifted-2026-07-30.pdf
      ⚠️  No email found on website
      📧 Creating Gmail draft (no recruiter email found)...
      ✅ Gmail draft created (ID: 4243)
      ✅ Synced to dashboard inbox
      ✅ Local applications tracker updated
      ✅ Enhanced CV generated: /Users/ilse/career-ops-2/output/cv-ilse-placencia-2026-07-30.pdf
      ✅ Enhanced cover letter generated: /Users/ilse/career-ops-2/output/cover-letter-unknown-2026-07-30.pdf
      ⚠️  No email found on website
      📧 Creating Gmail draft (no recruiter email found)...
      ✅ Gmail draft created (ID: 4244)
      ✅ Synced to dashboard inbox

────────────────────────────────────────────────────────────
✅  Scan complete in 1094s
   Job boards (60%):  0 new
   ATS providers (40%): 0 new
   Total new jobs:      0
   Above threshold (≥3): 0
   Gmail drafts created: 6
────────────────────────────────────────────────────────────

💤 Sleeping for 10 minutes before next sweep...

════════════════════════════════════════════════════════════
🕐  Hourly Scan — 30/07/2026, 7:30:54 pm
    Mode: LIVE | Min Score: 3 | 60% Boards / 40% ATS
════════════════════════════════════════════════════════════

📋  Phase 1 of 2 — Scanning job boards (Seek / Indeed / LinkedIn) — 60% budget

   ✅  Job boards: 0 new offers found

🏢  Phase 2 of 2 — Scanning 200+ ATS providers (Greenhouse / Ashby / Lever / ...) — 40% budget

   ✅  ATS providers: 0 new offers found


📨  Phase 3 — Processing pipeline (score ≥ 3 → Gmail draft)

      ✅ Lifted — CFD & Aerodynamic Engineer (AI Training & Evaluation) (Remote): Matches target profile
      ✅ Unknown — Quality Assurance Engineer (Remote): Matches target profile
      ✅ Unknown — Remote Quality Assurance Rater (English Speakers) Remote Quality Assurance Rater (English Speakers) with verification: Matches target profile
      ✅ FreeHire — Security Automation and Analytics Engineer - Cybersecurity: Matches target profile
      ✅ Harvey Nash Technology — Multimedia Data Annotator (AI/ML entertaitment industry): Matches target profile
      ✅ N-iX — Senior Product Owner with Spanish: Matches target profile
      ✅ FreeHire — Project Manager (Spanish): Matches target profile
      ✅ Enhanced CV generated: /Users/ilse/career-ops-2/output/cv-ilse-placencia-2026-07-30.pdf
      ✅ Enhanced cover letter generated: /Users/ilse/career-ops-2/output/cover-letter-lifted-2026-07-30.pdf
      ⚠️  No email found on website
      📧 Creating Gmail draft (no recruiter email found)...
      ✅ Gmail draft created (ID: 4249)
      ✅ Synced to dashboard inbox
      ✅ Local applications tracker updated
      ✅ Enhanced CV generated: /Users/ilse/career-ops-2/output/cv-ilse-placencia-2026-07-30.pdf
      ✅ Enhanced cover letter generated: /Users/ilse/career-ops-2/output/cover-letter-unknown-2026-07-30.pdf
      ⚠️  No email found on website
      📧 Creating Gmail draft (no recruiter email found)...
      ✅ Gmail draft created (ID: 4250)
      ✅ Synced to dashboard inbox

────────────────────────────────────────────────────────────
✅  Scan complete in 454s
   Job boards (60%):  0 new
   ATS providers (40%): 0 new
   Total new jobs:      0
   Above threshold (≥3): 0
   Gmail drafts created: 3
────────────────────────────────────────────────────────────

💤 Sleeping for 10 minutes before next sweep...

════════════════════════════════════════════════════════════
🕐  Hourly Scan — 30/07/2026, 7:48:28 pm
    Mode: LIVE | Min Score: 3 | 60% Boards / 40% ATS
════════════════════════════════════════════════════════════

📋  Phase 1 of 2 — Scanning job boards (Seek / Indeed / LinkedIn) — 60% budget

   ✅  Job boards: 0 new offers found

🏢  Phase 2 of 2 — Scanning 200+ ATS providers (Greenhouse / Ashby / Lever / ...) — 40% budget

   ✅  ATS providers: 0 new offers found


📨  Phase 3 — Processing pipeline (score ≥ 3 → Gmail draft)

      ✅ Lifted — CFD & Aerodynamic Engineer (AI Training & Evaluation) (Remote): Matches target profile
      ✅ Unknown — Quality Assurance Engineer (Remote): Matches target profile
      ✅ Unknown — Remote Quality Assurance Rater (English Speakers) Remote Quality Assurance Rater (English Speakers) with verification: Matches target profile
      ✅ abb — Global Division Service Automation & Care Manager: Matches target profile
      ✅ absorblms — Senior QA Engineer: Matches target profile
      ✅ 1password — Manager, Quality Assurance, Customer Support: Matches target profile
      ✅ abacusinsights — Senior Data QA Engineer: Matches target profile
      ✅ Enhanced CV generated: /Users/ilse/career-ops-2/output/cv-ilse-placencia-2026-07-30.pdf
      ✅ Enhanced cover letter generated: /Users/ilse/career-ops-2/output/cover-letter-lifted-2026-07-30.pdf
      ⚠️  No email found on website
      📧 Creating Gmail draft (no recruiter email found)...
      ✅ Gmail draft created (ID: 4252)
      ✅ Synced to dashboard inbox
      ✅ Local applications tracker updated
      ✅ Enhanced CV generated: /Users/ilse/career-ops-2/output/cv-ilse-placencia-2026-07-30.pdf
      ✅ Enhanced cover letter generated: /Users/ilse/career-ops-2/output/cover-letter-unknown-2026-07-30.pdf
      ⚠️  No email found on website
      📧 Creating Gmail draft (no recruiter email found)...
      ✅ Gmail draft created (ID: 4253)
      ✅ Synced to dashboard inbox

────────────────────────────────────────────────────────────
✅  Scan complete in 578s
   Job boards (60%):  0 new
   ATS providers (40%): 0 new
   Total new jobs:      0
   Above threshold (≥3): 0
   Gmail drafts created: 6
────────────────────────────────────────────────────────────

💤 Sleeping for 10 minutes before next sweep...

════════════════════════════════════════════════════════════
🕐  Hourly Scan — 30/07/2026, 8:08:06 pm
    Mode: LIVE | Min Score: 3 | 60% Boards / 40% ATS
════════════════════════════════════════════════════════════

📋  Phase 1 of 2 — Scanning job boards (Seek / Indeed / LinkedIn) — 60% budget

   ✅  Job boards: 0 new offers found

🏢  Phase 2 of 2 — Scanning 200+ ATS providers (Greenhouse / Ashby / Lever / ...) — 40% budget

   ✅  ATS providers: 0 new offers found


📨  Phase 3 — Processing pipeline (score ≥ 3 → Gmail draft)

      ✅ Lifted — CFD & Aerodynamic Engineer (AI Training & Evaluation) (Remote): Matches target profile
      ✅ Unknown — Quality Assurance Engineer (Remote): Matches target profile
      ✅ Unknown — Remote Quality Assurance Rater (English Speakers) Remote Quality Assurance Rater (English Speakers) with verification: Matches target profile
      ✅ abb — Global Division Service Automation & Care Manager: Matches target profile
      ✅ absorblms — Senior QA Engineer: Matches target profile
      ✅ abacusinsights — Senior Data QA Engineer: Matches target profile
      ✅ Link Group — Automation & AI Architect: Matches target profile
      ✅ Stackmine — QA Architect \[M/F\]: Matches target profile
      ✅ DTiQ Poland — Manual Tester: Matches target profile
      ✅ Upvanta sp. z o.o. — Senior Quality Engineer (Mobile Automation / Appium): Matches target profile
      ✅ B2Bnetwork — Pentester: Matches target profile
      ✅ Enhanced CV generated: /Users/ilse/career-ops-2/output/cv-ilse-placencia-2026-07-30.pdf
      ✅ Enhanced cover letter generated: /Users/ilse/career-ops-2/output/cover-letter-lifted-2026-07-30.pdf
      ⚠️  No email found on website
      📧 Creating Gmail draft (no recruiter email found)...
      ✅ Gmail draft created (ID: 4258)
      ✅ Synced to dashboard inbox
      ✅ Local applications tracker updated
      ✅ Enhanced CV generated: /Users/ilse/career-ops-2/output/cv-ilse-placencia-2026-07-30.pdf
      ✅ Enhanced cover letter generated: /Users/ilse/career-ops-2/output/cover-letter-unknown-2026-07-30.pdf

────────────────────────────────────────────────────────────
✅  Scan complete in 847s
   Job boards (60%):  0 new
   ATS providers (40%): 0 new
   Total new jobs:      0
   Above threshold (≥3): 0
   Gmail drafts created: 6
────────────────────────────────────────────────────────────

💤 Sleeping for 10 minutes before next sweep...

════════════════════════════════════════════════════════════
🕐  Hourly Scan — 30/07/2026, 8:32:14 pm
    Mode: LIVE | Min Score: 3 | 60% Boards / 40% ATS
════════════════════════════════════════════════════════════

📋  Phase 1 of 2 — Scanning job boards (Seek / Indeed / LinkedIn) — 60% budget

   ✅  Job boards: 0 new offers found

🏢  Phase 2 of 2 — Scanning 200+ ATS providers (Greenhouse / Ashby / Lever / ...) — 40% budget

   ✅  ATS providers: 0 new offers found


📨  Phase 3 — Processing pipeline (score ≥ 3 → Gmail draft)

      ✅ Lifted — CFD & Aerodynamic Engineer (AI Training & Evaluation) (Remote): Matches target profile
      ✅ Unknown — Quality Assurance Engineer (Remote): Matches target profile
      ✅ Unknown — Remote Quality Assurance Rater (English Speakers) Remote Quality Assurance Rater (English Speakers) with verification: Matches target profile
      ✅ FreeHire — ML Engineer, Model Training - Senior Member of Technical Staff (SMTS): Matches target profile
      ✅ Jit Team — Expert QA Consultant: Matches target profile
      ⚠️  PDF generation failed: spawnSync /bin/sh ETIMEDOUT
      ✅ Enhanced CV generated: /Users/ilse/career-ops-2/output/cv-ilse-placencia-2026-07-30.pdf
      ✅ Enhanced cover letter generated: /Users/ilse/career-ops-2/output/cover-letter-lifted-2026-07-30.pdf
      ⚠️  No email found on website
      📧 Creating Gmail draft (no recruiter email found)...
      ✅ Gmail draft created (ID: 4264)
      ✅ Synced to dashboard inbox
      ✅ Local applications tracker updated
      ✅ Enhanced CV generated: /Users/ilse/career-ops-2/output/cv-ilse-placencia-2026-07-30.pdf
      ✅ Enhanced cover letter generated: /Users/ilse/career-ops-2/output/cover-letter-unknown-2026-07-30.pdf
      ⚠️  No email found on website
      📧 Creating Gmail draft (no recruiter email found)...
      ✅ Gmail draft created (ID: 4265)
      ✅ Synced to dashboard inbox
      ✅ Enhanced CV generated: /Users/ilse/career-ops-2/output/cv-ilse-placencia-2026-07-30.pdf

────────────────────────────────────────────────────────────
✅  Scan complete in 969s
   Job boards (60%):  0 new
   ATS providers (40%): 0 new
   Total new jobs:      0
   Above threshold (≥3): 0
   Gmail drafts created: 5
────────────────────────────────────────────────────────────

💤 Sleeping for 10 minutes before next sweep...

════════════════════════════════════════════════════════════
🕐  Hourly Scan — 30/07/2026, 8:58:23 pm
    Mode: LIVE | Min Score: 3 | 60% Boards / 40% ATS
════════════════════════════════════════════════════════════

📋  Phase 1 of 2 — Scanning job boards (Seek / Indeed / LinkedIn) — 60% budget

   ✅  Job boards: 0 new offers found

🏢  Phase 2 of 2 — Scanning 200+ ATS providers (Greenhouse / Ashby / Lever / ...) — 40% budget

   ✅  ATS providers: 0 new offers found


📨  Phase 3 — Processing pipeline (score ≥ 3 → Gmail draft)

      ✅ Unknown — Remote Quality Assurance Rater (English Speakers) Remote Quality Assurance Rater (English Speakers) with verification: Matches target profile
      ✅ Michael Page — QA Automation Specialist - IT Contracting: Matches target profile
      ✅ FreeHire — QA with Retail Marketing / Commerce experience: Matches target profile
      ✅ FreeHire — QA Automation Specialist - IT Contracting: Matches target profile
      ✅ Enhanced CV generated: /Users/ilse/career-ops-2/output/cv-ilse-placencia-2026-07-30.pdf
      ✅ Enhanced cover letter generated: /Users/ilse/career-ops-2/output/cover-letter-unknown-2026-07-30.pdf
      ⚠️  No email found on website
      📧 Creating Gmail draft (no recruiter email found)...
      ✅ Gmail draft created (ID: 4269)
      ✅ Synced to dashboard inbox
      Scanned: 7
      Applied: 0

────────────────────────────────────────────────────────────
✅  Scan complete in 576s
   Job boards (60%):  0 new
   ATS providers (40%): 0 new
   Total new jobs:      0
   Above threshold (≥3): 0
   Gmail drafts created: 1
────────────────────────────────────────────────────────────

💤 Sleeping for 10 minutes before next sweep...

════════════════════════════════════════════════════════════
🕐  Hourly Scan — 30/07/2026, 9:17:59 pm
    Mode: LIVE | Min Score: 3 | 60% Boards / 40% ATS
════════════════════════════════════════════════════════════

📋  Phase 1 of 2 — Scanning job boards (Seek / Indeed / LinkedIn) — 60% budget

   ✅  Job boards: 0 new offers found

🏢  Phase 2 of 2 — Scanning 200+ ATS providers (Greenhouse / Ashby / Lever / ...) — 40% budget

   ✅  ATS providers: 0 new offers found


📨  Phase 3 — Processing pipeline (score ≥ 3 → Gmail draft)

      ✅ Unknown — Remote Quality Assurance Rater (English Speakers) Remote Quality Assurance Rater (English Speakers) with verification: Matches target profile
      ✅ Awareson Sp. z o.o. — Senior Intelligent Automation Analyst (Finance): Matches target profile
      ✅ FreeHire — SEO Specialist: Matches target profile
      ✅ Unknown — QA Analyst - Australia Only (Remote, Entry-Level): Matches target profile
      ✅ Unknown — QA Analyst - Australia Only (Remote, Entry-Level): Matches target profile
      ✅ Enhanced CV generated: /Users/ilse/career-ops-2/output/cv-ilse-placencia-2026-07-30.pdf
      ✅ Enhanced cover letter generated: /Users/ilse/career-ops-2/output/cover-letter-unknown-2026-07-30.pdf
      ⚠️  No email found on website
      📧 Creating Gmail draft (no recruiter email found)...
      ✅ Gmail draft created (ID: 4270)
      ✅ Synced to dashboard inbox
      Scanned: 7
      Applied: 0

────────────────────────────────────────────────────────────
✅  Scan complete in 584s
   Job boards (60%):  0 new
   ATS providers (40%): 0 new
   Total new jobs:      0
   Above threshold (≥3): 0
   Gmail drafts created: 1
────────────────────────────────────────────────────────────

💤 Sleeping for 10 minutes before next sweep...

════════════════════════════════════════════════════════════
🕐  Hourly Scan — 30/07/2026, 9:37:42 pm
    Mode: LIVE | Min Score: 3 | 60% Boards / 40% ATS
════════════════════════════════════════════════════════════

📋  Phase 1 of 2 — Scanning job boards (Seek / Indeed / LinkedIn) — 60% budget

   ✅  Job boards: 0 new offers found

🏢  Phase 2 of 2 — Scanning 200+ ATS providers (Greenhouse / Ashby / Lever / ...) — 40% budget

   ✅  ATS providers: 0 new offers found


📨  Phase 3 — Processing pipeline (score ≥ 3 → Gmail draft)

      ✅ Unknown — Remote Quality Assurance Rater (English Speakers) Remote Quality Assurance Rater (English Speakers) with verification: Matches target profile
      ✅ FreeHire — Team Lead - Sportsbook QA: Matches target profile
      ✅ FreeHire — Team Lead - Sportsbook QA: Matches target profile
      ✅ Enhanced CV generated: /Users/ilse/career-ops-2/output/cv-ilse-placencia-2026-07-30.pdf
      ✅ Enhanced cover letter generated: /Users/ilse/career-ops-2/output/cover-letter-unknown-2026-07-30.pdf
      ⚠️  No email found on website
      📧 Creating Gmail draft (no recruiter email found)...
      ✅ Gmail draft created (ID: 4271)
      ✅ Synced to dashboard inbox
      Scanned: 3
      Applied: 0

────────────────────────────────────────────────────────────
✅  Scan complete in 803s
   Job boards (60%):  0 new
   ATS providers (40%): 0 new
   Total new jobs:      0
   Above threshold (≥3): 0
   Gmail drafts created: 1
────────────────────────────────────────────────────────────

💤 Sleeping for 10 minutes before next sweep...

════════════════════════════════════════════════════════════
🕐  Hourly Scan — 30/07/2026, 10:01:06 pm
    Mode: LIVE | Min Score: 3 | 60% Boards / 40% ATS
════════════════════════════════════════════════════════════

📋  Phase 1 of 2 — Scanning job boards (Seek / Indeed / LinkedIn) — 60% budget

   ✅  Job boards: 0 new offers found

🏢  Phase 2 of 2 — Scanning 200+ ATS providers (Greenhouse / Ashby / Lever / ...) — 40% budget

   ✅  ATS providers: 0 new offers found


📨  Phase 3 — Processing pipeline (score ≥ 3 → Gmail draft)

      ✅ Unknown — Remote Quality Assurance Rater (English Speakers) Remote Quality Assurance Rater (English Speakers) with verification: Matches target profile
      ⚠️  PDF generation failed: spawnSync /bin/sh ETIMEDOUT
      ✅ Enhanced CV generated: /Users/ilse/career-ops-2/output/cv-ilse-placencia-2026-07-30.pdf
      ✅ Enhanced cover letter generated: /Users/ilse/career-ops-2/output/cover-letter-unknown-2026-07-30.pdf
      ⚠️  No email found on website
      📧 Creating Gmail draft (no recruiter email found)...
      ✅ Gmail draft created (ID: 4272)
      ✅ Synced to dashboard inbox
      Scanned: 3
      Applied: 0

────────────────────────────────────────────────────────────
✅  Scan complete in 885s
   Job boards (60%):  0 new
   ATS providers (40%): 0 new
   Total new jobs:      0
   Above threshold (≥3): 0
   Gmail drafts created: 1
────────────────────────────────────────────────────────────

💤 Sleeping for 10 minutes before next sweep...

════════════════════════════════════════════════════════════
🕐  Hourly Scan — 30/07/2026, 10:25:51 pm
    Mode: LIVE | Min Score: 3 | 60% Boards / 40% ATS
════════════════════════════════════════════════════════════

📋  Phase 1 of 2 — Scanning job boards (Seek / Indeed / LinkedIn) — 60% budget

   ✅  Job boards: 0 new offers found

🏢  Phase 2 of 2 — Scanning 200+ ATS providers (Greenhouse / Ashby / Lever / ...) — 40% budget

   ✅  ATS providers: 0 new offers found


📨  Phase 3 — Processing pipeline (score ≥ 3 → Gmail draft)

      Scanned: 0
      Applied: 0

────────────────────────────────────────────────────────────
✅  Scan complete in 265s
   Job boards (60%):  0 new
   ATS providers (40%): 0 new
   Total new jobs:      0
   Above threshold (≥3): 0
   Gmail drafts created: 0
────────────────────────────────────────────────────────────

💤 Sleeping for 10 minutes before next sweep...

════════════════════════════════════════════════════════════
🕐  Hourly Scan — 30/07/2026, 10:40:16 pm
    Mode: LIVE | Min Score: 3 | 60% Boards / 40% ATS
════════════════════════════════════════════════════════════

📋  Phase 1 of 2 — Scanning job boards (Seek / Indeed / LinkedIn) — 60% budget

   ✅  Job boards: 0 new offers found

🏢  Phase 2 of 2 — Scanning 200+ ATS providers (Greenhouse / Ashby / Lever / ...) — 40% budget

   ✅  ATS providers: 0 new offers found


📨  Phase 3 — Processing pipeline (score ≥ 3 → Gmail draft)

      Scanned: 2
      Applied: 0

────────────────────────────────────────────────────────────
✅  Scan complete in 640s
   Job boards (60%):  0 new
   ATS providers (40%): 0 new
   Total new jobs:      0
   Above threshold (≥3): 0
   Gmail drafts created: 0
────────────────────────────────────────────────────────────

💤 Sleeping for 10 minutes before next sweep...

════════════════════════════════════════════════════════════
🕐  Hourly Scan — 30/07/2026, 11:00:56 pm
    Mode: LIVE | Min Score: 3 | 60% Boards / 40% ATS
════════════════════════════════════════════════════════════

📋  Phase 1 of 2 — Scanning job boards (Seek / Indeed / LinkedIn) — 60% budget

   ✅  Job boards: 0 new offers found

🏢  Phase 2 of 2 — Scanning 200+ ATS providers (Greenhouse / Ashby / Lever / ...) — 40% budget

   ✅  ATS providers: 0 new offers found


📨  Phase 3 — Processing pipeline (score ≥ 3 → Gmail draft)

      Scanned: 0
      Applied: 0

────────────────────────────────────────────────────────────
✅  Scan complete in 680s
   Job boards (60%):  0 new
   ATS providers (40%): 0 new
   Total new jobs:      0
   Above threshold (≥3): 0
   Gmail drafts created: 0
────────────────────────────────────────────────────────────

💤 Sleeping for 10 minutes before next sweep...

════════════════════════════════════════════════════════════
🕐  Hourly Scan — 30/07/2026, 11:22:17 pm
    Mode: LIVE | Min Score: 3 | 60% Boards / 40% ATS
════════════════════════════════════════════════════════════

📋  Phase 1 of 2 — Scanning job boards (Seek / Indeed / LinkedIn) — 60% budget

   ✅  Job boards: 0 new offers found

🏢  Phase 2 of 2 — Scanning 200+ ATS providers (Greenhouse / Ashby / Lever / ...) — 40% budget

   ✅  ATS providers: 0 new offers found


📨  Phase 3 — Processing pipeline (score ≥ 3 → Gmail draft)

      Scanned: 4
      Applied: 0

────────────────────────────────────────────────────────────
✅  Scan complete in 307s
   Job boards (60%):  0 new
   ATS providers (40%): 0 new
   Total new jobs:      0
   Above threshold (≥3): 0
   Gmail drafts created: 0
────────────────────────────────────────────────────────────

💤 Sleeping for 10 minutes before next sweep...

════════════════════════════════════════════════════════════
🕐  Hourly Scan — 30/07/2026, 11:37:24 pm
    Mode: LIVE | Min Score: 3 | 60% Boards / 40% ATS
════════════════════════════════════════════════════════════

📋  Phase 1 of 2 — Scanning job boards (Seek / Indeed / LinkedIn) — 60% budget

   ✅  Job boards: 0 new offers found

🏢  Phase 2 of 2 — Scanning 200+ ATS providers (Greenhouse / Ashby / Lever / ...) — 40% budget

   ✅  ATS providers: 0 new offers found


📨  Phase 3 — Processing pipeline (score ≥ 3 → Gmail draft)

      Scanned: 2
      Applied: 0

────────────────────────────────────────────────────────────
✅  Scan complete in 423s
   Job boards (60%):  0 new
   ATS providers (40%): 0 new
   Total new jobs:      0
   Above threshold (≥3): 0
   Gmail drafts created: 0
────────────────────────────────────────────────────────────

💤 Sleeping for 10 minutes before next sweep...

════════════════════════════════════════════════════════════
🕐  Hourly Scan — 30/07/2026, 11:54:27 pm
    Mode: LIVE | Min Score: 3 | 60% Boards / 40% ATS
════════════════════════════════════════════════════════════

📋  Phase 1 of 2 — Scanning job boards (Seek / Indeed / LinkedIn) — 60% budget

   ✅  Job boards: 0 new offers found

🏢  Phase 2 of 2 — Scanning 200+ ATS providers (Greenhouse / Ashby / Lever / ...) — 40% budget

   ✅  ATS providers: 0 new offers found


📨  Phase 3 — Processing pipeline (score ≥ 3 → Gmail draft)

      Scanned: 0
      Applied: 0

────────────────────────────────────────────────────────────
✅  Scan complete in 257s
   Job boards (60%):  0 new
   ATS providers (40%): 0 new
   Total new jobs:      0
   Above threshold (≥3): 0
   Gmail drafts created: 0
────────────────────────────────────────────────────────────

💤 Sleeping for 10 minutes before next sweep...

════════════════════════════════════════════════════════════
🕐  Hourly Scan — 31/07/2026, 12:08:45 am
    Mode: LIVE | Min Score: 3 | 60% Boards / 40% ATS
════════════════════════════════════════════════════════════

📋  Phase 1 of 2 — Scanning job boards (Seek / Indeed / LinkedIn) — 60% budget

   ✅  Job boards: 0 new offers found

🏢  Phase 2 of 2 — Scanning 200+ ATS providers (Greenhouse / Ashby / Lever / ...) — 40% budget

   ✅  ATS providers: 0 new offers found


📨  Phase 3 — Processing pipeline (score ≥ 3 → Gmail draft)

      ✅ ITLT — Senior AI Product & Automation Consultant: Matches target profile
      ✅ moondigo sp. z o.o. — Automation Tester: Matches target profile
      ✅ ITLT — Senior AI Product & Automation Consultant: Matches target profile
      ✅ moondigo sp. z o.o. — Automation Tester: Matches target profile
      ✅ Enhanced CV generated: /Users/ilse/career-ops-2/output/cv-ilse-placencia-2026-07-30.pdf
      ✅ Enhanced cover letter generated: /Users/ilse/career-ops-2/output/cover-letter-moondigo-sp-z-o-o--2026-07-30.pdf
      ✅ Found email on job page: forexample@domain.com
      📧 Creating Gmail draft for forexample@domain.com...
      ✅ Gmail draft created (ID: 4273)
      ✅ Synced to dashboard inbox
      Scanned: 8
      Applied: 0

────────────────────────────────────────────────────────────
✅  Scan complete in 384s
   Job boards (60%):  0 new
   ATS providers (40%): 0 new
   Total new jobs:      0
   Above threshold (≥3): 0
   Gmail drafts created: 1
────────────────────────────────────────────────────────────

💤 Sleeping for 10 minutes before next sweep...

════════════════════════════════════════════════════════════
🕐  Hourly Scan — 31/07/2026, 12:25:08 am
    Mode: LIVE | Min Score: 3 | 60% Boards / 40% ATS
════════════════════════════════════════════════════════════

📋  Phase 1 of 2 — Scanning job boards (Seek / Indeed / LinkedIn) — 60% budget

   ✅  Job boards: 0 new offers found

🏢  Phase 2 of 2 — Scanning 200+ ATS providers (Greenhouse / Ashby / Lever / ...) — 40% budget

   ✅  ATS providers: 0 new offers found


📨  Phase 3 — Processing pipeline (score ≥ 3 → Gmail draft)

      Scanned: 1
      Applied: 0

────────────────────────────────────────────────────────────
✅  Scan complete in 259s
   Job boards (60%):  0 new
   ATS providers (40%): 0 new
   Total new jobs:      0
   Above threshold (≥3): 0
   Gmail drafts created: 0
────────────────────────────────────────────────────────────

💤 Sleeping for 10 minutes before next sweep...

════════════════════════════════════════════════════════════
🕐  Hourly Scan — 31/07/2026, 12:39:27 am
    Mode: LIVE | Min Score: 3 | 60% Boards / 40% ATS
════════════════════════════════════════════════════════════

📋  Phase 1 of 2 — Scanning job boards (Seek / Indeed / LinkedIn) — 60% budget

   ✅  Job boards: 0 new offers found

🏢  Phase 2 of 2 — Scanning 200+ ATS providers (Greenhouse / Ashby / Lever / ...) — 40% budget

   ✅  ATS providers: 0 new offers found


📨  Phase 3 — Processing pipeline (score ≥ 3 → Gmail draft)

      Scanned: 0
      Applied: 0

────────────────────────────────────────────────────────────
✅  Scan complete in 241s
   Job boards (60%):  0 new
   ATS providers (40%): 0 new
   Total new jobs:      0
   Above threshold (≥3): 0
   Gmail drafts created: 0
────────────────────────────────────────────────────────────

💤 Sleeping for 10 minutes before next sweep...

════════════════════════════════════════════════════════════
🕐  Hourly Scan — 31/07/2026, 12:53:27 am
    Mode: LIVE | Min Score: 3 | 60% Boards / 40% ATS
════════════════════════════════════════════════════════════

📋  Phase 1 of 2 — Scanning job boards (Seek / Indeed / LinkedIn) — 60% budget

   ✅  Job boards: 0 new offers found

🏢  Phase 2 of 2 — Scanning 200+ ATS providers (Greenhouse / Ashby / Lever / ...) — 40% budget

   ✅  ATS providers: 0 new offers found


📨  Phase 3 — Processing pipeline (score ≥ 3 → Gmail draft)

      Scanned: 0
      Applied: 0

────────────────────────────────────────────────────────────
✅  Scan complete in 386s
   Job boards (60%):  0 new
   ATS providers (40%): 0 new
   Total new jobs:      0
   Above threshold (≥3): 0
   Gmail drafts created: 0
────────────────────────────────────────────────────────────

💤 Sleeping for 10 minutes before next sweep...

════════════════════════════════════════════════════════════
🕐  Hourly Scan — 31/07/2026, 1:09:54 am
    Mode: LIVE | Min Score: 3 | 60% Boards / 40% ATS
════════════════════════════════════════════════════════════

📋  Phase 1 of 2 — Scanning job boards (Seek / Indeed / LinkedIn) — 60% budget

   ✅  Job boards: 0 new offers found

🏢  Phase 2 of 2 — Scanning 200+ ATS providers (Greenhouse / Ashby / Lever / ...) — 40% budget

   ✅  ATS providers: 0 new offers found


📨  Phase 3 — Processing pipeline (score ≥ 3 → Gmail draft)

      Scanned: 0
      Applied: 0

────────────────────────────────────────────────────────────
✅  Scan complete in 348s
   Job boards (60%):  0 new
   ATS providers (40%): 0 new
   Total new jobs:      0
   Above threshold (≥3): 0
   Gmail drafts created: 0
────────────────────────────────────────────────────────────

💤 Sleeping for 10 minutes before next sweep...

════════════════════════════════════════════════════════════
🕐  Hourly Scan — 31/07/2026, 1:25:42 am
    Mode: LIVE | Min Score: 3 | 60% Boards / 40% ATS
════════════════════════════════════════════════════════════

📋  Phase 1 of 2 — Scanning job boards (Seek / Indeed / LinkedIn) — 60% budget

   ✅  Job boards: 0 new offers found

🏢  Phase 2 of 2 — Scanning 200+ ATS providers (Greenhouse / Ashby / Lever / ...) — 40% budget

   ✅  ATS providers: 0 new offers found


📨  Phase 3 — Processing pipeline (score ≥ 3 → Gmail draft)

      Scanned: 4
      Applied: 0

────────────────────────────────────────────────────────────
✅  Scan complete in 968s
   Job boards (60%):  0 new
   ATS providers (40%): 0 new
   Total new jobs:      0
   Above threshold (≥3): 0
   Gmail drafts created: 0
────────────────────────────────────────────────────────────

💤 Sleeping for 10 minutes before next sweep...

════════════════════════════════════════════════════════════
🕐  Hourly Scan — 31/07/2026, 1:51:50 am
    Mode: LIVE | Min Score: 3 | 60% Boards / 40% ATS
════════════════════════════════════════════════════════════

📋  Phase 1 of 2 — Scanning job boards (Seek / Indeed / LinkedIn) — 60% budget

   ✅  Job boards: 0 new offers found

🏢  Phase 2 of 2 — Scanning 200+ ATS providers (Greenhouse / Ashby / Lever / ...) — 40% budget

   ✅  ATS providers: 0 new offers found


📨  Phase 3 — Processing pipeline (score ≥ 3 → Gmail draft)

      ✅ FreeHire — Sales Manager, Grid Automation (GA), Philippines: Matches target profile
      Scanned: 1
      Applied: 0

────────────────────────────────────────────────────────────
✅  Scan complete in 500s
   Job boards (60%):  0 new
   ATS providers (40%): 0 new
   Total new jobs:      0
   Above threshold (≥3): 0
   Gmail drafts created: 0
────────────────────────────────────────────────────────────

💤 Sleeping for 10 minutes before next sweep...

════════════════════════════════════════════════════════════
🕐  Hourly Scan — 31/07/2026, 2:10:11 am
    Mode: LIVE | Min Score: 3 | 60% Boards / 40% ATS
════════════════════════════════════════════════════════════

📋  Phase 1 of 2 — Scanning job boards (Seek / Indeed / LinkedIn) — 60% budget

   ✅  Job boards: 0 new offers found

🏢  Phase 2 of 2 — Scanning 200+ ATS providers (Greenhouse / Ashby / Lever / ...) — 40% budget

   ✅  ATS providers: 0 new offers found


📨  Phase 3 — Processing pipeline (score ≥ 3 → Gmail draft)

      ✅ 4IT Solutions — Senior QA (Salesforce): Matches target profile
      Scanned: 2
      Applied: 0

────────────────────────────────────────────────────────────
✅  Scan complete in 298s
   Job boards (60%):  0 new
   ATS providers (40%): 0 new
   Total new jobs:      0
   Above threshold (≥3): 0
   Gmail drafts created: 0
────────────────────────────────────────────────────────────

💤 Sleeping for 10 minutes before next sweep...

════════════════════════════════════════════════════════════
🕐  Hourly Scan — 31/07/2026, 2:25:10 am
    Mode: LIVE | Min Score: 3 | 60% Boards / 40% ATS
════════════════════════════════════════════════════════════

📋  Phase 1 of 2 — Scanning job boards (Seek / Indeed / LinkedIn) — 60% budget

   ✅  Job boards: 0 new offers found

🏢  Phase 2 of 2 — Scanning 200+ ATS providers (Greenhouse / Ashby / Lever / ...) — 40% budget

   ✅  ATS providers: 0 new offers found


📨  Phase 3 — Processing pipeline (score ≥ 3 → Gmail draft)

      ✅ FreeHire — Retail Sales Associate, Verge Mobile, a T-Mobile Authorized Retailer - Maryville, TN - Spanish Bilingual Preferred: Matches target profile
      Scanned: 1
      Applied: 0

────────────────────────────────────────────────────────────
✅  Scan complete in 1288s
   Job boards (60%):  0 new
   ATS providers (40%): 0 new
   Total new jobs:      0
   Above threshold (≥3): 0
   Gmail drafts created: 0
────────────────────────────────────────────────────────────

💤 Sleeping for 10 minutes before next sweep...

════════════════════════════════════════════════════════════
🕐  Hourly Scan — 31/07/2026, 2:56:37 am
    Mode: LIVE | Min Score: 3 | 60% Boards / 40% ATS
════════════════════════════════════════════════════════════

📋  Phase 1 of 2 — Scanning job boards (Seek / Indeed / LinkedIn) — 60% budget

   ✅  Job boards: 0 new offers found

🏢  Phase 2 of 2 — Scanning 200+ ATS providers (Greenhouse / Ashby / Lever / ...) — 40% budget

   ✅  ATS providers: 0 new offers found


📨  Phase 3 — Processing pipeline (score ≥ 3 → Gmail draft)

      Scanned: 1
      Applied: 0

────────────────────────────────────────────────────────────
✅  Scan complete in 632s
   Job boards (60%):  0 new
   ATS providers (40%): 0 new
   Total new jobs:      0
   Above threshold (≥3): 0
   Gmail drafts created: 0
────────────────────────────────────────────────────────────

💤 Sleeping for 10 minutes before next sweep...

════════════════════════════════════════════════════════════
🕐  Hourly Scan — 31/07/2026, 3:17:09 am
    Mode: LIVE | Min Score: 3 | 60% Boards / 40% ATS
════════════════════════════════════════════════════════════

📋  Phase 1 of 2 — Scanning job boards (Seek / Indeed / LinkedIn) — 60% budget

   ✅  Job boards: 0 new offers found

🏢  Phase 2 of 2 — Scanning 200+ ATS providers (Greenhouse / Ashby / Lever / ...) — 40% budget

   ✅  ATS providers: 0 new offers found


📨  Phase 3 — Processing pipeline (score ≥ 3 → Gmail draft)

      Scanned: 0
      Applied: 0

────────────────────────────────────────────────────────────
✅  Scan complete in 233s
   Job boards (60%):  0 new
   ATS providers (40%): 0 new
   Total new jobs:      0
   Above threshold (≥3): 0
   Gmail drafts created: 0
────────────────────────────────────────────────────────────

💤 Sleeping for 10 minutes before next sweep...

════════════════════════════════════════════════════════════
🕐  Hourly Scan — 31/07/2026, 3:31:03 am
    Mode: LIVE | Min Score: 3 | 60% Boards / 40% ATS
════════════════════════════════════════════════════════════

📋  Phase 1 of 2 — Scanning job boards (Seek / Indeed / LinkedIn) — 60% budget

   ✅  Job boards: 0 new offers found

🏢  Phase 2 of 2 — Scanning 200+ ATS providers (Greenhouse / Ashby / Lever / ...) — 40% budget

   ✅  ATS providers: 0 new offers found


📨  Phase 3 — Processing pipeline (score ≥ 3 → Gmail draft)

      ✅ FreeHire — Automation Tester: Matches target profile
      Scanned: 1
      Applied: 0

────────────────────────────────────────────────────────────
✅  Scan complete in 260s
   Job boards (60%):  0 new
   ATS providers (40%): 0 new
   Total new jobs:      0
   Above threshold (≥3): 0
   Gmail drafts created: 0
────────────────────────────────────────────────────────────

💤 Sleeping for 10 minutes before next sweep...

════════════════════════════════════════════════════════════
🕐  Hourly Scan — 31/07/2026, 3:45:23 am
    Mode: LIVE | Min Score: 3 | 60% Boards / 40% ATS
════════════════════════════════════════════════════════════

📋  Phase 1 of 2 — Scanning job boards (Seek / Indeed / LinkedIn) — 60% budget

   ✅  Job boards: 0 new offers found

🏢  Phase 2 of 2 — Scanning 200+ ATS providers (Greenhouse / Ashby / Lever / ...) — 40% budget

   ✅  ATS providers: 0 new offers found


📨  Phase 3 — Processing pipeline (score ≥ 3 → Gmail draft)

      Scanned: 0
      Applied: 0

────────────────────────────────────────────────────────────
✅  Scan complete in 246s
   Job boards (60%):  0 new
   ATS providers (40%): 0 new
   Total new jobs:      0
   Above threshold (≥3): 0
   Gmail drafts created: 0
────────────────────────────────────────────────────────────

💤 Sleeping for 10 minutes before next sweep...

════════════════════════════════════════════════════════════
🕐  Hourly Scan — 31/07/2026, 3:59:29 am
    Mode: LIVE | Min Score: 3 | 60% Boards / 40% ATS
════════════════════════════════════════════════════════════

📋  Phase 1 of 2 — Scanning job boards (Seek / Indeed / LinkedIn) — 60% budget

   ✅  Job boards: 0 new offers found

🏢  Phase 2 of 2 — Scanning 200+ ATS providers (Greenhouse / Ashby / Lever / ...) — 40% budget

   ✅  ATS providers: 0 new offers found


📨  Phase 3 — Processing pipeline (score ≥ 3 → Gmail draft)

      Scanned: 3
      Applied: 0

────────────────────────────────────────────────────────────
✅  Scan complete in 493s
   Job boards (60%):  0 new
   ATS providers (40%): 0 new
   Total new jobs:      0
   Above threshold (≥3): 0
   Gmail drafts created: 0
────────────────────────────────────────────────────────────

💤 Sleeping for 10 minutes before next sweep...

════════════════════════════════════════════════════════════
🕐  Hourly Scan — 31/07/2026, 4:17:41 am
    Mode: LIVE | Min Score: 3 | 60% Boards / 40% ATS
════════════════════════════════════════════════════════════

📋  Phase 1 of 2 — Scanning job boards (Seek / Indeed / LinkedIn) — 60% budget

   ✅  Job boards: 0 new offers found

🏢  Phase 2 of 2 — Scanning 200+ ATS providers (Greenhouse / Ashby / Lever / ...) — 40% budget

   ✅  ATS providers: 0 new offers found


📨  Phase 3 — Processing pipeline (score ≥ 3 → Gmail draft)

      Scanned: 0
      Applied: 0

────────────────────────────────────────────────────────────
✅  Scan complete in 254s
   Job boards (60%):  0 new
   ATS providers (40%): 0 new
   Total new jobs:      0
   Above threshold (≥3): 0
   Gmail drafts created: 0
────────────────────────────────────────────────────────────

💤 Sleeping for 10 minutes before next sweep...

════════════════════════════════════════════════════════════
🕐  Hourly Scan — 31/07/2026, 4:31:55 am
    Mode: LIVE | Min Score: 3 | 60% Boards / 40% ATS
════════════════════════════════════════════════════════════

📋  Phase 1 of 2 — Scanning job boards (Seek / Indeed / LinkedIn) — 60% budget

   ✅  Job boards: 0 new offers found

🏢  Phase 2 of 2 — Scanning 200+ ATS providers (Greenhouse / Ashby / Lever / ...) — 40% budget

   ✅  ATS providers: 0 new offers found


📨  Phase 3 — Processing pipeline (score ≥ 3 → Gmail draft)

      ✅ Personify Health — Virtual Assistant – Administrative Support: Matches target profile
      ✅ Personify Health — Virtual Assistant – Administrative Support: Matches target profile
      ✅ FreeHire — Maintenance Coordinator Virtual Assistant: Matches target profile
      Scanned: 5
      Applied: 0

────────────────────────────────────────────────────────────
✅  Scan complete in 606s
   Job boards (60%):  0 new
   ATS providers (40%): 0 new
   Total new jobs:      0
   Above threshold (≥3): 0
   Gmail drafts created: 0
────────────────────────────────────────────────────────────

💤 Sleeping for 10 minutes before next sweep...

════════════════════════════════════════════════════════════
🕐  Hourly Scan — 31/07/2026, 4:52:01 am
    Mode: LIVE | Min Score: 3 | 60% Boards / 40% ATS
════════════════════════════════════════════════════════════

📋  Phase 1 of 2 — Scanning job boards (Seek / Indeed / LinkedIn) — 60% budget

   ✅  Job boards: 0 new offers found

🏢  Phase 2 of 2 — Scanning 200+ ATS providers (Greenhouse / Ashby / Lever / ...) — 40% budget

   ✅  ATS providers: 0 new offers found


📨  Phase 3 — Processing pipeline (score ≥ 3 → Gmail draft)

      Scanned: 0
      Applied: 0

────────────────────────────────────────────────────────────
✅  Scan complete in 378s
   Job boards (60%):  0 new
   ATS providers (40%): 0 new
   Total new jobs:      0
   Above threshold (≥3): 0
   Gmail drafts created: 0
────────────────────────────────────────────────────────────

💤 Sleeping for 10 minutes before next sweep...

════════════════════════════════════════════════════════════
🕐  Hourly Scan — 31/07/2026, 5:08:19 am
    Mode: LIVE | Min Score: 3 | 60% Boards / 40% ATS
════════════════════════════════════════════════════════════

📋  Phase 1 of 2 — Scanning job boards (Seek / Indeed / LinkedIn) — 60% budget

   ✅  Job boards: 0 new offers found

🏢  Phase 2 of 2 — Scanning 200+ ATS providers (Greenhouse / Ashby / Lever / ...) — 40% budget

   ✅  ATS providers: 0 new offers found


📨  Phase 3 — Processing pipeline (score ≥ 3 → Gmail draft)

      ✅ FreeHire — Digital Marketing & Content Specialist: Matches target profile
      ✅ FreeHire — Digital Marketing & Content Specialist: Matches target profile
      ✅ FreeHire — Digital Marketing & Content Specialist: Matches target profile
      ✅ Enhanced CV generated: /Users/ilse/career-ops-2/output/cv-ilse-placencia-2026-07-30.pdf
      ✅ Enhanced cover letter generated: /Users/ilse/career-ops-2/output/cover-letter-freehire-2026-07-30.pdf
      ⚠️  No email found on website
      📧 Creating Gmail draft (no recruiter email found)...
      ✅ Gmail draft created (ID: 4274)
      ✅ Synced to dashboard inbox
      ✅ Local applications tracker updated
      Scanned: 4
      Applied: 0

────────────────────────────────────────────────────────────
✅  Scan complete in 428s
   Job boards (60%):  0 new
   ATS providers (40%): 0 new
   Total new jobs:      0
   Above threshold (≥3): 0
   Gmail drafts created: 1
────────────────────────────────────────────────────────────

💤 Sleeping for 10 minutes before next sweep...

════════════════════════════════════════════════════════════
🕐  Hourly Scan — 31/07/2026, 5:25:27 am
    Mode: LIVE | Min Score: 3 | 60% Boards / 40% ATS
════════════════════════════════════════════════════════════

📋  Phase 1 of 2 — Scanning job boards (Seek / Indeed / LinkedIn) — 60% budget

   ✅  Job boards: 0 new offers found

🏢  Phase 2 of 2 — Scanning 200+ ATS providers (Greenhouse / Ashby / Lever / ...) — 40% budget

   ✅  ATS providers: 0 new offers found


📨  Phase 3 — Processing pipeline (score ≥ 3 → Gmail draft)

      Scanned: 0
      Applied: 0

────────────────────────────────────────────────────────────
✅  Scan complete in 272s
   Job boards (60%):  0 new
   ATS providers (40%): 0 new
   Total new jobs:      0
   Above threshold (≥3): 0
   Gmail drafts created: 0
────────────────────────────────────────────────────────────

💤 Sleeping for 10 minutes before next sweep...

════════════════════════════════════════════════════════════
🕐  Hourly Scan — 31/07/2026, 5:39:59 am
    Mode: LIVE | Min Score: 3 | 60% Boards / 40% ATS
════════════════════════════════════════════════════════════

📋  Phase 1 of 2 — Scanning job boards (Seek / Indeed / LinkedIn) — 60% budget

   ✅  Job boards: 0 new offers found

🏢  Phase 2 of 2 — Scanning 200+ ATS providers (Greenhouse / Ashby / Lever / ...) — 40% budget

   ✅  ATS providers: 0 new offers found


📨  Phase 3 — Processing pipeline (score ≥ 3 → Gmail draft)

      Scanned: 0
      Applied: 0

────────────────────────────────────────────────────────────
✅  Scan complete in 366s
   Job boards (60%):  0 new
   ATS providers (40%): 0 new
   Total new jobs:      0
   Above threshold (≥3): 0
   Gmail drafts created: 0
────────────────────────────────────────────────────────────

💤 Sleeping for 10 minutes before next sweep...

════════════════════════════════════════════════════════════
🕐  Hourly Scan — 31/07/2026, 5:56:05 am
    Mode: LIVE | Min Score: 3 | 60% Boards / 40% ATS
════════════════════════════════════════════════════════════

📋  Phase 1 of 2 — Scanning job boards (Seek / Indeed / LinkedIn) — 60% budget

   ✅  Job boards: 0 new offers found

🏢  Phase 2 of 2 — Scanning 200+ ATS providers (Greenhouse / Ashby / Lever / ...) — 40% budget

   ✅  ATS providers: 0 new offers found


📨  Phase 3 — Processing pipeline (score ≥ 3 → Gmail draft)

      ✅ FreeHire — Video Editor: Matches target profile
      Scanned: 1
      Applied: 0

────────────────────────────────────────────────────────────
✅  Scan complete in 274s
   Job boards (60%):  0 new
   ATS providers (40%): 0 new
   Total new jobs:      0
   Above threshold (≥3): 0
   Gmail drafts created: 0
────────────────────────────────────────────────────────────

💤 Sleeping for 10 minutes before next sweep...

════════════════════════════════════════════════════════════
🕐  Hourly Scan — 31/07/2026, 6:10:40 am
    Mode: LIVE | Min Score: 3 | 60% Boards / 40% ATS
════════════════════════════════════════════════════════════

📋  Phase 1 of 2 — Scanning job boards (Seek / Indeed / LinkedIn) — 60% budget

   ✅  Job boards: 0 new offers found

🏢  Phase 2 of 2 — Scanning 200+ ATS providers (Greenhouse / Ashby / Lever / ...) — 40% budget

   ✅  ATS providers: 0 new offers found


📨  Phase 3 — Processing pipeline (score ≥ 3 → Gmail draft)

      ✅ FreeHire — Video Editor: Matches target profile
      ✅ FreeHire — Video Editor: Matches target profile
      ✅ Later — Influencer Marketing Account Supervisor- Bilingual Spanish: Matches target profile
      Scanned: 3
      Applied: 0

────────────────────────────────────────────────────────────
✅  Scan complete in 355s
   Job boards (60%):  0 new
   ATS providers (40%): 0 new
   Total new jobs:      0
   Above threshold (≥3): 0
   Gmail drafts created: 0
────────────────────────────────────────────────────────────

💤 Sleeping for 10 minutes before next sweep...

════════════════════════════════════════════════════════════
🕐  Hourly Scan — 31/07/2026, 6:26:35 am
    Mode: LIVE | Min Score: 3 | 60% Boards / 40% ATS
════════════════════════════════════════════════════════════

📋  Phase 1 of 2 — Scanning job boards (Seek / Indeed / LinkedIn) — 60% budget

   ✅  Job boards: 0 new offers found

🏢  Phase 2 of 2 — Scanning 200+ ATS providers (Greenhouse / Ashby / Lever / ...) — 40% budget

   ✅  ATS providers: 0 new offers found


📨  Phase 3 — Processing pipeline (score ≥ 3 → Gmail draft)

      ✅ FreeHire — QA ANALISTA DE PRUEBAS DE RENDIMIENTO: Matches target profile
      ✅ Enhanced CV generated: /Users/ilse/career-ops-2/output/cv-ilse-placencia-2026-07-30.pdf
      ✅ Enhanced cover letter generated: /Users/ilse/career-ops-2/output/cover-letter-freehire-2026-07-30.pdf
      ⚠️  No email found on website
      📧 Creating Gmail draft (no recruiter email found)...
      ✅ Gmail draft created (ID: 4275)
      ✅ Synced to dashboard inbox
      ✅ Local applications tracker updated
      Scanned: 1
      Applied: 0

────────────────────────────────────────────────────────────
✅  Scan complete in 567s
   Job boards (60%):  0 new
   ATS providers (40%): 0 new
   Total new jobs:      0
   Above threshold (≥3): 0
   Gmail drafts created: 1
────────────────────────────────────────────────────────────

💤 Sleeping for 10 minutes before next sweep...

════════════════════════════════════════════════════════════
🕐  Hourly Scan — 31/07/2026, 6:46:01 am
    Mode: LIVE | Min Score: 3 | 60% Boards / 40% ATS
════════════════════════════════════════════════════════════

📋  Phase 1 of 2 — Scanning job boards (Seek / Indeed / LinkedIn) — 60% budget

   ✅  Job boards: 0 new offers found

🏢  Phase 2 of 2 — Scanning 200+ ATS providers (Greenhouse / Ashby / Lever / ...) — 40% budget

   ✅  ATS providers: 0 new offers found


📨  Phase 3 — Processing pipeline (score ≥ 3 → Gmail draft)

      Scanned: 0
      Applied: 0

────────────────────────────────────────────────────────────
✅  Scan complete in 244s
   Job boards (60%):  0 new
   ATS providers (40%): 0 new
   Total new jobs:      0
   Above threshold (≥3): 0
   Gmail drafts created: 0
────────────────────────────────────────────────────────────

💤 Sleeping for 10 minutes before next sweep...

════════════════════════════════════════════════════════════
🕐  Hourly Scan — 31/07/2026, 7:00:05 am
    Mode: LIVE | Min Score: 3 | 60% Boards / 40% ATS
════════════════════════════════════════════════════════════

📋  Phase 1 of 2 — Scanning job boards (Seek / Indeed / LinkedIn) — 60% budget

   ✅  Job boards: 0 new offers found

🏢  Phase 2 of 2 — Scanning 200+ ATS providers (Greenhouse / Ashby / Lever / ...) — 40% budget

   ✅  ATS providers: 0 new offers found


📨  Phase 3 — Processing pipeline (score ≥ 3 → Gmail draft)

      ✅ Fabrity S.A. — Application Support Specialist & Manual Tester: Matches target profile
      Scanned: 1
      Applied: 0

────────────────────────────────────────────────────────────
✅  Scan complete in 397s
   Job boards (60%):  0 new
   ATS providers (40%): 0 new
   Total new jobs:      0
   Above threshold (≥3): 0
   Gmail drafts created: 0
────────────────────────────────────────────────────────────

💤 Sleeping for 10 minutes before next sweep...

════════════════════════════════════════════════════════════
🕐  Hourly Scan — 31/07/2026, 7:16:42 am
    Mode: LIVE | Min Score: 3 | 60% Boards / 40% ATS
════════════════════════════════════════════════════════════

📋  Phase 1 of 2 — Scanning job boards (Seek / Indeed / LinkedIn) — 60% budget

   ✅  Job boards: 0 new offers found

🏢  Phase 2 of 2 — Scanning 200+ ATS providers (Greenhouse / Ashby / Lever / ...) — 40% budget

   ✅  ATS providers: 0 new offers found


📨  Phase 3 — Processing pipeline (score ≥ 3 → Gmail draft)

      Scanned: 0
      Applied: 0

────────────────────────────────────────────────────────────
✅  Scan complete in 252s
   Job boards (60%):  0 new
   ATS providers (40%): 0 new
   Total new jobs:      0
   Above threshold (≥3): 0
   Gmail drafts created: 0
────────────────────────────────────────────────────────────

💤 Sleeping for 10 minutes before next sweep...

════════════════════════════════════════════════════════════
🕐  Hourly Scan — 31/07/2026, 7:30:54 am
    Mode: LIVE | Min Score: 3 | 60% Boards / 40% ATS
════════════════════════════════════════════════════════════

📋  Phase 1 of 2 — Scanning job boards (Seek / Indeed / LinkedIn) — 60% budget

   ✅  Job boards: 0 new offers found

🏢  Phase 2 of 2 — Scanning 200+ ATS providers (Greenhouse / Ashby / Lever / ...) — 40% budget

   ✅  ATS providers: 0 new offers found


📨  Phase 3 — Processing pipeline (score ≥ 3 → Gmail draft)

      Scanned: 0
      Applied: 0

────────────────────────────────────────────────────────────
✅  Scan complete in 232s
   Job boards (60%):  0 new
   ATS providers (40%): 0 new
   Total new jobs:      0
   Above threshold (≥3): 0
   Gmail drafts created: 0
────────────────────────────────────────────────────────────

💤 Sleeping for 10 minutes before next sweep...

════════════════════════════════════════════════════════════
🕐  Hourly Scan — 31/07/2026, 7:44:46 am
    Mode: LIVE | Min Score: 3 | 60% Boards / 40% ATS
════════════════════════════════════════════════════════════

📋  Phase 1 of 2 — Scanning job boards (Seek / Indeed / LinkedIn) — 60% budget

   ✅  Job boards: 0 new offers found

🏢  Phase 2 of 2 — Scanning 200+ ATS providers (Greenhouse / Ashby / Lever / ...) — 40% budget

   ✅  ATS providers: 0 new offers found


📨  Phase 3 — Processing pipeline (score ≥ 3 → Gmail draft)

      Scanned: 0
      Applied: 0

────────────────────────────────────────────────────────────
✅  Scan complete in 394s
   Job boards (60%):  0 new
   ATS providers (40%): 0 new
   Total new jobs:      0
   Above threshold (≥3): 0
   Gmail drafts created: 0
────────────────────────────────────────────────────────────

💤 Sleeping for 10 minutes before next sweep...

════════════════════════════════════════════════════════════
🕐  Hourly Scan — 31/07/2026, 8:01:20 am
    Mode: LIVE | Min Score: 3 | 60% Boards / 40% ATS
════════════════════════════════════════════════════════════

📋  Phase 1 of 2 — Scanning job boards (Seek / Indeed / LinkedIn) — 60% budget

   ✅  Job boards: 0 new offers found

🏢  Phase 2 of 2 — Scanning 200+ ATS providers (Greenhouse / Ashby / Lever / ...) — 40% budget

   ✅  ATS providers: 0 new offers found


📨  Phase 3 — Processing pipeline (score ≥ 3 → Gmail draft)

      ✅ DIGITALK — Automation Specialist (No-Code & AI) K/M: Matches target profile
      ✅ DIGITALK — Automation Specialist (No-Code & AI) K/M: Matches target profile
      ✅ DIGITALK — Automation Specialist (No-Code & AI) K/M: Matches target profile
      ✅ Enhanced CV generated: /Users/ilse/career-ops-2/output/cv-ilse-placencia-2026-07-30.pdf
      ✅ Enhanced cover letter generated: /Users/ilse/career-ops-2/output/cover-letter-digitalk-2026-07-30.pdf
      ⚠️  No email found on website
      📧 Creating Gmail draft (no recruiter email found)...
      ✅ Gmail draft created (ID: 4276)
      ✅ Synced to dashboard inbox
      ✅ Local applications tracker updated
      Scanned: 3
      Applied: 0

────────────────────────────────────────────────────────────
✅  Scan complete in 286s
   Job boards (60%):  0 new
   ATS providers (40%): 0 new
   Total new jobs:      0
   Above threshold (≥3): 0
   Gmail drafts created: 1
────────────────────────────────────────────────────────────

💤 Sleeping for 10 minutes before next sweep...

════════════════════════════════════════════════════════════
🕐  Hourly Scan — 31/07/2026, 8:16:06 am
    Mode: LIVE | Min Score: 3 | 60% Boards / 40% ATS
════════════════════════════════════════════════════════════

📋  Phase 1 of 2 — Scanning job boards (Seek / Indeed / LinkedIn) — 60% budget

   ✅  Job boards: 0 new offers found

🏢  Phase 2 of 2 — Scanning 200+ ATS providers (Greenhouse / Ashby / Lever / ...) — 40% budget

   ✅  ATS providers: 0 new offers found


📨  Phase 3 — Processing pipeline (score ≥ 3 → Gmail draft)

      ✅ FreeHire — Educational Content Coordinator (Contract): Matches target profile
      ✅ FreeHire — Educational Content Coordinator (Contract): Matches target profile

────────────────────────────────────────────────────────────
✅  Scan complete in 10219s
   Job boards (60%):  0 new
   ATS providers (40%): 0 new
   Total new jobs:      0
   Above threshold (≥3): 0
   Gmail drafts created: 0
   Errors: 2 (see log)
────────────────────────────────────────────────────────────

💤 Sleeping for 10 minutes before next sweep...

════════════════════════════════════════════════════════════
🕐  Hourly Scan — 31/07/2026, 12:55:54 pm
    Mode: LIVE | Min Score: 3 | 60% Boards / 40% ATS
════════════════════════════════════════════════════════════

📋  Phase 1 of 2 — Scanning job boards (Seek / Indeed / LinkedIn) — 60% budget

   ✅  Job boards: 0 new offers found

🏢  Phase 2 of 2 — Scanning 200+ ATS providers (Greenhouse / Ashby / Lever / ...) — 40% budget

   ✅  ATS providers: 0 new offers found


📨  Phase 3 — Processing pipeline (score ≥ 3 → Gmail draft)

      ✅ Unknown — QA Analyst - Australia Only (Remote, Entry-Level): Matches target profile
      ✅ CodeRoad — QA Automation Lead: Matches target profile
      ✅ Wynd Labs — QA/Compliance Specialist: Matches target profile
      ✅ Unknown — QA Analyst - Australia Only (Remote, Entry-Level): Matches target profile
      ✅ CodeRoad — QA Automation Lead: Matches target profile
      ✅ Wynd Labs — QA/Compliance Specialist: Matches target profile
      ✅ Enhanced CV generated: /Users/ilse/career-ops-2/output/cv-ilse-placencia-2026-07-31.pdf
      ✅ Enhanced cover letter generated: /Users/ilse/career-ops-2/output/cover-letter-coderoad-2026-07-31.pdf
      ✅ Found email on https://coderoad.com/contact: contactus@coderoad.com
      📧 Creating Gmail draft for contactus@coderoad.com...
      ✅ Gmail draft created (ID: 4289)
      ✅ Synced to dashboard inbox
      ✅ Local applications tracker updated
      Scanned: 22
      Applied: 0

────────────────────────────────────────────────────────────
✅  Scan complete in 648s
   Job boards (60%):  0 new
   ATS providers (40%): 0 new
   Total new jobs:      0
   Above threshold (≥3): 0
   Gmail drafts created: 1
────────────────────────────────────────────────────────────

💤 Sleeping for 10 minutes before next sweep...

════════════════════════════════════════════════════════════
🕐  Hourly Scan — 31/07/2026, 1:16:42 pm
    Mode: LIVE | Min Score: 3 | 60% Boards / 40% ATS
════════════════════════════════════════════════════════════

📋  Phase 1 of 2 — Scanning job boards (Seek / Indeed / LinkedIn) — 60% budget

   ✅  Job boards: 0 new offers found

🏢  Phase 2 of 2 — Scanning 200+ ATS providers (Greenhouse / Ashby / Lever / ...) — 40% budget

   ✅  ATS providers: 0 new offers found


📨  Phase 3 — Processing pipeline (score ≥ 3 → Gmail draft)

      ✅ Unknown — QA Analyst - Australia Only (Remote, Entry-Level): Matches target profile
      Scanned: 6
      Applied: 0

────────────────────────────────────────────────────────────
✅  Scan complete in 301s
   Job boards (60%):  0 new
   ATS providers (40%): 0 new
   Total new jobs:      0
   Above threshold (≥3): 0
   Gmail drafts created: 0
────────────────────────────────────────────────────────────

💤 Sleeping for 10 minutes before next sweep...

════════════════════════════════════════════════════════════
🕐  Hourly Scan — 31/07/2026, 1:31:44 pm
    Mode: LIVE | Min Score: 3 | 60% Boards / 40% ATS
════════════════════════════════════════════════════════════

📋  Phase 1 of 2 — Scanning job boards (Seek / Indeed / LinkedIn) — 60% budget

   ✅  Job boards: 0 new offers found

🏢  Phase 2 of 2 — Scanning 200+ ATS providers (Greenhouse / Ashby / Lever / ...) — 40% budget

   ✅  ATS providers: 0 new offers found


📨  Phase 3 — Processing pipeline (score ≥ 3 → Gmail draft)

      ✅ Unknown — Automation Specialist: Matches target profile
      Scanned: 3
      Applied: 0

────────────────────────────────────────────────────────────
✅  Scan complete in 539s
   Job boards (60%):  0 new
   ATS providers (40%): 0 new
   Total new jobs:      0
   Above threshold (≥3): 0
   Gmail drafts created: 0
────────────────────────────────────────────────────────────

💤 Sleeping for 10 minutes before next sweep...

════════════════════════════════════════════════════════════
🕐  Hourly Scan — 31/07/2026, 1:50:42 pm
    Mode: LIVE | Min Score: 3 | 60% Boards / 40% ATS
════════════════════════════════════════════════════════════

📋  Phase 1 of 2 — Scanning job boards (Seek / Indeed / LinkedIn) — 60% budget

   ✅  Job boards: 0 new offers found

🏢  Phase 2 of 2 — Scanning 200+ ATS providers (Greenhouse / Ashby / Lever / ...) — 40% budget

   ✅  ATS providers: 0 new offers found


📨  Phase 3 — Processing pipeline (score ≥ 3 → Gmail draft)

      Scanned: 0
      Applied: 0

────────────────────────────────────────────────────────────
✅  Scan complete in 425s
   Job boards (60%):  0 new
   ATS providers (40%): 0 new
   Total new jobs:      0
   Above threshold (≥3): 0
   Gmail drafts created: 0
────────────────────────────────────────────────────────────

💤 Sleeping for 10 minutes before next sweep...

════════════════════════════════════════════════════════════
🕐  Hourly Scan — 31/07/2026, 2:07:48 pm
    Mode: LIVE | Min Score: 3 | 60% Boards / 40% ATS
════════════════════════════════════════════════════════════

📋  Phase 1 of 2 — Scanning job boards (Seek / Indeed / LinkedIn) — 60% budget

   ✅  Job boards: 0 new offers found

🏢  Phase 2 of 2 — Scanning 200+ ATS providers (Greenhouse / Ashby / Lever / ...) — 40% budget

   ✅  ATS providers: 0 new offers found


📨  Phase 3 — Processing pipeline (score ≥ 3 → Gmail draft)

      Scanned: 2
      Applied: 0

────────────────────────────────────────────────────────────
✅  Scan complete in 299s
   Job boards (60%):  0 new
   ATS providers (40%): 0 new
   Total new jobs:      0
   Above threshold (≥3): 0
   Gmail drafts created: 0
────────────────────────────────────────────────────────────

💤 Sleeping for 10 minutes before next sweep...

════════════════════════════════════════════════════════════
🕐  Hourly Scan — 31/07/2026, 2:22:46 pm
    Mode: LIVE | Min Score: 3 | 60% Boards / 40% ATS
════════════════════════════════════════════════════════════

📋  Phase 1 of 2 — Scanning job boards (Seek / Indeed / LinkedIn) — 60% budget

   ✅  Job boards: 0 new offers found

🏢  Phase 2 of 2 — Scanning 200+ ATS providers (Greenhouse / Ashby / Lever / ...) — 40% budget

   ✅  ATS providers: 0 new offers found


📨  Phase 3 — Processing pipeline (score ≥ 3 → Gmail draft)

      Scanned: 0
      Applied: 0

────────────────────────────────────────────────────────────
✅  Scan complete in 279s
   Job boards (60%):  0 new
   ATS providers (40%): 0 new
   Total new jobs:      0
   Above threshold (≥3): 0
   Gmail drafts created: 0
────────────────────────────────────────────────────────────

💤 Sleeping for 10 minutes before next sweep...

════════════════════════════════════════════════════════════
🕐  Hourly Scan — 31/07/2026, 2:37:26 pm
    Mode: LIVE | Min Score: 3 | 60% Boards / 40% ATS
════════════════════════════════════════════════════════════

📋  Phase 1 of 2 — Scanning job boards (Seek / Indeed / LinkedIn) — 60% budget

   ✅  Job boards: 0 new offers found

🏢  Phase 2 of 2 — Scanning 200+ ATS providers (Greenhouse / Ashby / Lever / ...) — 40% budget

   ✅  ATS providers: 0 new offers found


📨  Phase 3 — Processing pipeline (score ≥ 3 → Gmail draft)

      Scanned: 0
      Applied: 0

────────────────────────────────────────────────────────────
✅  Scan complete in 252s
   Job boards (60%):  0 new
   ATS providers (40%): 0 new
   Total new jobs:      0
   Above threshold (≥3): 0
   Gmail drafts created: 0
────────────────────────────────────────────────────────────

💤 Sleeping for 10 minutes before next sweep...

════════════════════════════════════════════════════════════
🕐  Hourly Scan — 31/07/2026, 2:51:38 pm
    Mode: LIVE | Min Score: 3 | 60% Boards / 40% ATS
════════════════════════════════════════════════════════════

📋  Phase 1 of 2 — Scanning job boards (Seek / Indeed / LinkedIn) — 60% budget

   ✅  Job boards: 0 new offers found

🏢  Phase 2 of 2 — Scanning 200+ ATS providers (Greenhouse / Ashby / Lever / ...) — 40% budget

   ✅  ATS providers: 0 new offers found


📨  Phase 3 — Processing pipeline (score ≥ 3 → Gmail draft)

      Scanned: 0
      Applied: 0

────────────────────────────────────────────────────────────
✅  Scan complete in 190s
   Job boards (60%):  0 new
   ATS providers (40%): 0 new
   Total new jobs:      0
   Above threshold (≥3): 0
   Gmail drafts created: 0
────────────────────────────────────────────────────────────

💤 Sleeping for 10 minutes before next sweep...

════════════════════════════════════════════════════════════
🕐  Hourly Scan — 31/07/2026, 3:04:48 pm
    Mode: LIVE | Min Score: 3 | 60% Boards / 40% ATS
════════════════════════════════════════════════════════════

📋  Phase 1 of 2 — Scanning job boards (Seek / Indeed / LinkedIn) — 60% budget

   ✅  Job boards: 0 new offers found

🏢  Phase 2 of 2 — Scanning 200+ ATS providers (Greenhouse / Ashby / Lever / ...) — 40% budget

   ✅  ATS providers: 0 new offers found


📨  Phase 3 — Processing pipeline (score ≥ 3 → Gmail draft)

      Scanned: 3
      Applied: 0

────────────────────────────────────────────────────────────
✅  Scan complete in 184s
   Job boards (60%):  0 new
   ATS providers (40%): 0 new
   Total new jobs:      0
   Above threshold (≥3): 0
   Gmail drafts created: 0
────────────────────────────────────────────────────────────

💤 Sleeping for 10 minutes before next sweep...

════════════════════════════════════════════════════════════
🕐  Hourly Scan — 31/07/2026, 3:17:52 pm
    Mode: LIVE | Min Score: 3 | 60% Boards / 40% ATS
════════════════════════════════════════════════════════════

📋  Phase 1 of 2 — Scanning job boards (Seek / Indeed / LinkedIn) — 60% budget

   ✅  Job boards: 0 new offers found

🏢  Phase 2 of 2 — Scanning 200+ ATS providers (Greenhouse / Ashby / Lever / ...) — 40% budget

   ✅  ATS providers: 0 new offers found


📨  Phase 3 — Processing pipeline (score ≥ 3 → Gmail draft)

      Scanned: 0
      Applied: 0

────────────────────────────────────────────────────────────
✅  Scan complete in 692s
   Job boards (60%):  0 new
   ATS providers (40%): 0 new
   Total new jobs:      0
   Above threshold (≥3): 0
   Gmail drafts created: 0
────────────────────────────────────────────────────────────

💤 Sleeping for 10 minutes before next sweep...

════════════════════════════════════════════════════════════
🕐  Hourly Scan — 31/07/2026, 3:39:24 pm
    Mode: LIVE | Min Score: 3 | 60% Boards / 40% ATS
════════════════════════════════════════════════════════════

📋  Phase 1 of 2 — Scanning job boards (Seek / Indeed / LinkedIn) — 60% budget

   ✅  Job boards: 0 new offers found

🏢  Phase 2 of 2 — Scanning 200+ ATS providers (Greenhouse / Ashby / Lever / ...) — 40% budget

   ✅  ATS providers: 0 new offers found


📨  Phase 3 — Processing pipeline (score ≥ 3 → Gmail draft)

      Scanned: 0
      Applied: 0

────────────────────────────────────────────────────────────
✅  Scan complete in 178s
   Job boards (60%):  0 new
   ATS providers (40%): 0 new
   Total new jobs:      0
   Above threshold (≥3): 0
   Gmail drafts created: 0
────────────────────────────────────────────────────────────

💤 Sleeping for 10 minutes before next sweep...

════════════════════════════════════════════════════════════
🕐  Hourly Scan — 31/07/2026, 3:52:23 pm
    Mode: LIVE | Min Score: 3 | 60% Boards / 40% ATS
════════════════════════════════════════════════════════════

📋  Phase 1 of 2 — Scanning job boards (Seek / Indeed / LinkedIn) — 60% budget

   ✅  Job boards: 0 new offers found

🏢  Phase 2 of 2 — Scanning 200+ ATS providers (Greenhouse / Ashby / Lever / ...) — 40% budget

   ✅  ATS providers: 0 new offers found


📨  Phase 3 — Processing pipeline (score ≥ 3 → Gmail draft)

      Scanned: 0
      Applied: 0

────────────────────────────────────────────────────────────
✅  Scan complete in 670s
   Job boards (60%):  0 new
   ATS providers (40%): 0 new
   Total new jobs:      0
   Above threshold (≥3): 0
   Gmail drafts created: 0
────────────────────────────────────────────────────────────

💤 Sleeping for 10 minutes before next sweep...

════════════════════════════════════════════════════════════
🕐  Hourly Scan — 31/07/2026, 4:13:33 pm
    Mode: LIVE | Min Score: 3 | 60% Boards / 40% ATS
════════════════════════════════════════════════════════════

📋  Phase 1 of 2 — Scanning job boards (Seek / Indeed / LinkedIn) — 60% budget

   ✅  Job boards: 0 new offers found

🏢  Phase 2 of 2 — Scanning 200+ ATS providers (Greenhouse / Ashby / Lever / ...) — 40% budget

   ✅  ATS providers: 0 new offers found


📨  Phase 3 — Processing pipeline (score ≥ 3 → Gmail draft)

      Scanned: 1
      Applied: 0

────────────────────────────────────────────────────────────
✅  Scan complete in 440s
   Job boards (60%):  0 new
   ATS providers (40%): 0 new
   Total new jobs:      0
   Above threshold (≥3): 0
   Gmail drafts created: 0
────────────────────────────────────────────────────────────

💤 Sleeping for 10 minutes before next sweep...

════════════════════════════════════════════════════════════
🕐  Hourly Scan — 31/07/2026, 4:30:54 pm
    Mode: LIVE | Min Score: 3 | 60% Boards / 40% ATS
════════════════════════════════════════════════════════════

📋  Phase 1 of 2 — Scanning job boards (Seek / Indeed / LinkedIn) — 60% budget

   ✅  Job boards: 0 new offers found

🏢  Phase 2 of 2 — Scanning 200+ ATS providers (Greenhouse / Ashby / Lever / ...) — 40% budget

   ✅  ATS providers: 0 new offers found


📨  Phase 3 — Processing pipeline (score ≥ 3 → Gmail draft)

      Scanned: 1
      Applied: 0

────────────────────────────────────────────────────────────
✅  Scan complete in 302s
   Job boards (60%):  0 new
   ATS providers (40%): 0 new
   Total new jobs:      0
   Above threshold (≥3): 0
   Gmail drafts created: 0
────────────────────────────────────────────────────────────

💤 Sleeping for 10 minutes before next sweep...

════════════════════════════════════════════════════════════
🕐  Hourly Scan — 31/07/2026, 4:46:01 pm
    Mode: LIVE | Min Score: 3 | 60% Boards / 40% ATS
════════════════════════════════════════════════════════════

📋  Phase 1 of 2 — Scanning job boards (Seek / Indeed / LinkedIn) — 60% budget

   ✅  Job boards: 0 new offers found

🏢  Phase 2 of 2 — Scanning 200+ ATS providers (Greenhouse / Ashby / Lever / ...) — 40% budget

   ✅  ATS providers: 0 new offers found


📨  Phase 3 — Processing pipeline (score ≥ 3 → Gmail draft)

      Scanned: 1
      Applied: 0

────────────────────────────────────────────────────────────
✅  Scan complete in 1271s
   Job boards (60%):  0 new
   ATS providers (40%): 0 new
   Total new jobs:      0
   Above threshold (≥3): 0
   Gmail drafts created: 0
────────────────────────────────────────────────────────────

💤 Sleeping for 10 minutes before next sweep...

════════════════════════════════════════════════════════════
🕐  Hourly Scan — 31/07/2026, 5:17:12 pm
    Mode: LIVE | Min Score: 3 | 60% Boards / 40% ATS
════════════════════════════════════════════════════════════

📋  Phase 1 of 2 — Scanning job boards (Seek / Indeed / LinkedIn) — 60% budget

   ✅  Job boards: 0 new offers found

🏢  Phase 2 of 2 — Scanning 200+ ATS providers (Greenhouse / Ashby / Lever / ...) — 40% budget

   ✅  ATS providers: 0 new offers found


📨  Phase 3 — Processing pipeline (score ≥ 3 → Gmail draft)

      Scanned: 1
      Applied: 0

────────────────────────────────────────────────────────────
✅  Scan complete in 464s
   Job boards (60%):  0 new
   ATS providers (40%): 0 new
   Total new jobs:      0
   Above threshold (≥3): 0
   Gmail drafts created: 0
────────────────────────────────────────────────────────────

💤 Sleeping for 10 minutes before next sweep...

════════════════════════════════════════════════════════════
🕐  Hourly Scan — 31/07/2026, 5:34:55 pm
    Mode: LIVE | Min Score: 3 | 60% Boards / 40% ATS
════════════════════════════════════════════════════════════

📋  Phase 1 of 2 — Scanning job boards (Seek / Indeed / LinkedIn) — 60% budget

   ✅  Job boards: 0 new offers found

🏢  Phase 2 of 2 — Scanning 200+ ATS providers (Greenhouse / Ashby / Lever / ...) — 40% budget

   ✅  ATS providers: 0 new offers found


📨  Phase 3 — Processing pipeline (score ≥ 3 → Gmail draft)

      Scanned: 0
      Applied: 0

────────────────────────────────────────────────────────────
✅  Scan complete in 423s
   Job boards (60%):  0 new
   ATS providers (40%): 0 new
   Total new jobs:      0
   Above threshold (≥3): 0
   Gmail drafts created: 0
────────────────────────────────────────────────────────────

💤 Sleeping for 10 minutes before next sweep...

════════════════════════════════════════════════════════════
🕐  Hourly Scan — 31/07/2026, 5:51:58 pm
    Mode: LIVE | Min Score: 3 | 60% Boards / 40% ATS
════════════════════════════════════════════════════════════

📋  Phase 1 of 2 — Scanning job boards (Seek / Indeed / LinkedIn) — 60% budget

   ✅  Job boards: 0 new offers found

🏢  Phase 2 of 2 — Scanning 200+ ATS providers (Greenhouse / Ashby / Lever / ...) — 40% budget

   ✅  ATS providers: 0 new offers found


📨  Phase 3 — Processing pipeline (score ≥ 3 → Gmail draft)

      ✅ FreeHire — Senior SEO Specialist: Matches target profile
      Scanned: 2
      Applied: 0

────────────────────────────────────────────────────────────
✅  Scan complete in 311s
   Job boards (60%):  0 new
   ATS providers (40%): 0 new
   Total new jobs:      0
   Above threshold (≥3): 0
   Gmail drafts created: 0
────────────────────────────────────────────────────────────

💤 Sleeping for 10 minutes before next sweep...

════════════════════════════════════════════════════════════
🕐  Hourly Scan — 31/07/2026, 6:07:09 pm
    Mode: LIVE | Min Score: 3 | 60% Boards / 40% ATS
════════════════════════════════════════════════════════════

📋  Phase 1 of 2 — Scanning job boards (Seek / Indeed / LinkedIn) — 60% budget

   ✅  Job boards: 0 new offers found

🏢  Phase 2 of 2 — Scanning 200+ ATS providers (Greenhouse / Ashby / Lever / ...) — 40% budget

   ✅  ATS providers: 0 new offers found


📨  Phase 3 — Processing pipeline (score ≥ 3 → Gmail draft)

      ✅ BlueSoft — Tester/ka Rozwiązań AI / Tester/ka Manualny/a: Matches target profile
      Scanned: 2
      Applied: 0

────────────────────────────────────────────────────────────
✅  Scan complete in 528s
   Job boards (60%):  0 new
   ATS providers (40%): 0 new
   Total new jobs:      0
   Above threshold (≥3): 0
   Gmail drafts created: 0
────────────────────────────────────────────────────────────

💤 Sleeping for 10 minutes before next sweep...

════════════════════════════════════════════════════════════
🕐  Hourly Scan — 31/07/2026, 6:25:57 pm
    Mode: LIVE | Min Score: 3 | 60% Boards / 40% ATS
════════════════════════════════════════════════════════════

📋  Phase 1 of 2 — Scanning job boards (Seek / Indeed / LinkedIn) — 60% budget

   ✅  Job boards: 0 new offers found

🏢  Phase 2 of 2 — Scanning 200+ ATS providers (Greenhouse / Ashby / Lever / ...) — 40% budget

   ✅  ATS providers: 0 new offers found


📨  Phase 3 — Processing pipeline (score ≥ 3 → Gmail draft)

      ✅ FreeHire — Content Specialist (EN): Matches target profile
      ✅ Upvanta — Test Manager / QA Lead: Matches target profile
      ✅ FreeHire — QA Automation (Taxes App): Matches target profile
      ✅ Enhanced CV generated: /Users/ilse/career-ops-2/output/cv-ilse-placencia-2026-07-31.pdf
      ✅ Enhanced cover letter generated: /Users/ilse/career-ops-2/output/cover-letter-freehire-2026-07-31.pdf
      ✅ Found email on job page: magic@djinni.co
      📧 Creating Gmail draft for magic@djinni.co...
      ✅ Gmail draft created (ID: 7686)
      ✅ Synced to dashboard inbox
      ✅ Local applications tracker updated
      ✅ Enhanced CV generated: /Users/ilse/career-ops-2/output/cv-ilse-placencia-2026-07-31.pdf
      ✅ Enhanced cover letter generated: /Users/ilse/career-ops-2/output/cover-letter-freehire-2026-07-31.pdf
      ⚠️  No email found on website
      📧 Creating Gmail draft (no recruiter email found)...
      ✅ Gmail draft created (ID: 7687)
      ✅ Synced to dashboard inbox
      ✅ Local applications tracker updated
      Scanned: 3
      Applied: 0

────────────────────────────────────────────────────────────
✅  Scan complete in 1651s
   Job boards (60%):  0 new
   ATS providers (40%): 0 new
   Total new jobs:      0
   Above threshold (≥3): 0
   Gmail drafts created: 2
────────────────────────────────────────────────────────────

💤 Sleeping for 10 minutes before next sweep...

════════════════════════════════════════════════════════════
🕐  Hourly Scan — 31/07/2026, 7:03:28 pm
    Mode: LIVE | Min Score: 3 | 60% Boards / 40% ATS
════════════════════════════════════════════════════════════

📋  Phase 1 of 2 — Scanning job boards (Seek / Indeed / LinkedIn) — 60% budget

   ✅  Job boards: 0 new offers found

🏢  Phase 2 of 2 — Scanning 200+ ATS providers (Greenhouse / Ashby / Lever / ...) — 40% budget

   ✅  ATS providers: 0 new offers found


📨  Phase 3 — Processing pipeline (score ≥ 3 → Gmail draft)

      ✅ B2Bnetwork — Automation Tester (F/M): Matches target profile
      ✅ B2Bnetwork — Performance Tester (F/M): Matches target profile
      ✅ Eyzee S.A. — Tester Automatyzujący: Matches target profile
      ✅ B2Bnetwork — Security Tester / Penetration Tester (F/M): Matches target profile
      ✅ Margo — Salesforce Tester – Fintech (Manual / Functional): Matches target profile
      ✅ B2Bnetwork — Manual Tester (F/M): Matches target profile
      ✅ B2Bnetwork — QA Leader (F/M): Matches target profile
      ✅ Enhanced CV generated: /Users/ilse/career-ops-2/output/cv-ilse-placencia-2026-07-31.pdf
      ✅ Enhanced cover letter generated: /Users/ilse/career-ops-2/output/cover-letter-b2bnetwork-2026-07-31.pdf
      ✅ Found email on job page: forexample@domain.com
      📧 Creating Gmail draft for forexample@domain.com...
      ✅ Gmail draft created (ID: 7688)
      ✅ Synced to dashboard inbox
      ✅ Local applications tracker updated
      ✅ Enhanced CV generated: /Users/ilse/career-ops-2/output/cv-ilse-placencia-2026-07-31.pdf
      ✅ Enhanced cover letter generated: /Users/ilse/career-ops-2/output/cover-letter-b2bnetwork-2026-07-31.pdf
      ✅ Found email on job page: forexample@domain.com
      📧 Creating Gmail draft for forexample@domain.com...
      ✅ Gmail draft created (ID: 7689)
      ✅ Synced to dashboard inbox

────────────────────────────────────────────────────────────
✅  Scan complete in 1967s
   Job boards (60%):  0 new
   ATS providers (40%): 0 new
   Total new jobs:      0
   Above threshold (≥3): 0
   Gmail drafts created: 4
────────────────────────────────────────────────────────────

💤 Sleeping for 10 minutes before next sweep...

════════════════════════════════════════════════════════════
🕐  Hourly Scan — 31/07/2026, 7:46:17 pm
    Mode: LIVE | Min Score: 3 | 60% Boards / 40% ATS
════════════════════════════════════════════════════════════

📋  Phase 1 of 2 — Scanning job boards (Seek / Indeed / LinkedIn) — 60% budget

   ✅  Job boards: 0 new offers found

🏢  Phase 2 of 2 — Scanning 200+ ATS providers (Greenhouse / Ashby / Lever / ...) — 40% budget

   ✅  ATS providers: 0 new offers found


📨  Phase 3 — Processing pipeline (score ≥ 3 → Gmail draft)

      ✅ FreeHire — Content Specialist (PL+EN): Matches target profile
      ✅ FreeHire — Content Specialist (DE+EN): Matches target profile
      ✅ Northrop Grumman — Exploit Developer/Penetration Tester: Matches target profile
      ✅ Enhanced CV generated: /Users/ilse/career-ops-2/output/cv-ilse-placencia-2026-07-31.pdf
      ✅ Enhanced cover letter generated: /Users/ilse/career-ops-2/output/cover-letter-freehire-2026-07-31.pdf
      ✅ Found email on job page: magic@djinni.co
      📧 Creating Gmail draft for magic@djinni.co...
      ✅ Gmail draft created (ID: 7909)
      ✅ Synced to dashboard inbox
      ✅ Local applications tracker updated
      ✅ Enhanced CV generated: /Users/ilse/career-ops-2/output/cv-ilse-placencia-2026-07-31.pdf
      ✅ Enhanced cover letter generated: /Users/ilse/career-ops-2/output/cover-letter-freehire-2026-07-31.pdf
      ✅ Found email on job page: magic@djinni.co
      📧 Creating Gmail draft for magic@djinni.co...
      ✅ Gmail draft created (ID: 7910)
      ✅ Synced to dashboard inbox
      ✅ Local applications tracker updated
      Scanned: 5
      Applied: 0

────────────────────────────────────────────────────────────
✅  Scan complete in 1670s
   Job boards (60%):  0 new
   ATS providers (40%): 0 new
   Total new jobs:      0
   Above threshold (≥3): 0
   Gmail drafts created: 2
────────────────────────────────────────────────────────────

💤 Sleeping for 10 minutes before next sweep...

════════════════════════════════════════════════════════════
🕐  Hourly Scan — 31/07/2026, 8:24:07 pm
    Mode: LIVE | Min Score: 3 | 60% Boards / 40% ATS
════════════════════════════════════════════════════════════

📋  Phase 1 of 2 — Scanning job boards (Seek / Indeed / LinkedIn) — 60% budget

   ✅  Job boards: 0 new offers found

🏢  Phase 2 of 2 — Scanning 200+ ATS providers (Greenhouse / Ashby / Lever / ...) — 40% budget

   ✅  ATS providers: 0 new offers found


📨  Phase 3 — Processing pipeline (score ≥ 3 → Gmail draft)

      ✅ FreeHire — Content Specialist (PL+EN): Matches target profile
      ✅ FreeHire — Content Specialist (DE+EN): Matches target profile
      ✅ Digispot - agencja CRO — Data Analyst (A/B Testing): Matches target profile
      ✅ Enhanced CV generated: /Users/ilse/career-ops-2/output/cv-ilse-placencia-2026-07-31.pdf
      ✅ Enhanced cover letter generated: /Users/ilse/career-ops-2/output/cover-letter-freehire-2026-07-31.pdf
      ✅ Found email on job page: magic@djinni.co
      📧 Creating Gmail draft for magic@djinni.co...
      ✅ Gmail draft created (ID: 7911)
      ✅ Synced to dashboard inbox
      ✅ Local applications tracker updated
      ✅ Enhanced CV generated: /Users/ilse/career-ops-2/output/cv-ilse-placencia-2026-07-31.pdf
      ✅ Enhanced cover letter generated: /Users/ilse/career-ops-2/output/cover-letter-freehire-2026-07-31.pdf
      ✅ Found email on job page: magic@djinni.co
      📧 Creating Gmail draft for magic@djinni.co...
      ✅ Gmail draft created (ID: 7912)
      ✅ Synced to dashboard inbox
      ✅ Local applications tracker updated
      Scanned: 10
      Applied: 0

────────────────────────────────────────────────────────────
✅  Scan complete in 1781s
   Job boards (60%):  0 new
   ATS providers (40%): 0 new
   Total new jobs:      0
   Above threshold (≥3): 0
   Gmail drafts created: 2
────────────────────────────────────────────────────────────

💤 Sleeping for 10 minutes before next sweep...

════════════════════════════════════════════════════════════
🕐  Hourly Scan — 31/07/2026, 9:03:50 pm
    Mode: LIVE | Min Score: 3 | 60% Boards / 40% ATS
════════════════════════════════════════════════════════════

📋  Phase 1 of 2 — Scanning job boards (Seek / Indeed / LinkedIn) — 60% budget

   ✅  Job boards: 0 new offers found

🏢  Phase 2 of 2 — Scanning 200+ ATS providers (Greenhouse / Ashby / Lever / ...) — 40% budget

   ✅  ATS providers: 0 new offers found


📨  Phase 3 — Processing pipeline (score ≥ 3 → Gmail draft)

      ✅ FreeHire — Content Specialist (PL+EN): Matches target profile
      ✅ FreeHire — Content Specialist (DE+EN): Matches target profile
      ✅ Enhanced CV generated: /Users/ilse/career-ops-2/output/cv-ilse-placencia-2026-07-31.pdf
      ✅ Enhanced cover letter generated: /Users/ilse/career-ops-2/output/cover-letter-freehire-2026-07-31.pdf
      ✅ Found email on job page: magic@djinni.co
      📧 Creating Gmail draft for magic@djinni.co...
      ✅ Gmail draft created (ID: 7913)
      ✅ Synced to dashboard inbox
      ✅ Local applications tracker updated
      ✅ Enhanced CV generated: /Users/ilse/career-ops-2/output/cv-ilse-placencia-2026-07-31.pdf
      ✅ Enhanced cover letter generated: /Users/ilse/career-ops-2/output/cover-letter-freehire-2026-07-31.pdf
      ✅ Found email on job page: magic@djinni.co
      📧 Creating Gmail draft for magic@djinni.co...
      ✅ Gmail draft created (ID: 7914)
      ✅ Synced to dashboard inbox
      ✅ Local applications tracker updated
      Scanned: 5
      Applied: 0

────────────────────────────────────────────────────────────
✅  Scan complete in 1690s
   Job boards (60%):  0 new
   ATS providers (40%): 0 new
   Total new jobs:      0
   Above threshold (≥3): 0
   Gmail drafts created: 2
────────────────────────────────────────────────────────────

💤 Sleeping for 10 minutes before next sweep...

════════════════════════════════════════════════════════════
🕐  Hourly Scan — 31/07/2026, 9:41:59 pm
    Mode: LIVE | Min Score: 3 | 60% Boards / 40% ATS
════════════════════════════════════════════════════════════

📋  Phase 1 of 2 — Scanning job boards (Seek / Indeed / LinkedIn) — 60% budget

   ✅  Job boards: 0 new offers found

🏢  Phase 2 of 2 — Scanning 200+ ATS providers (Greenhouse / Ashby / Lever / ...) — 40% budget

   ✅  ATS providers: 0 new offers found


📨  Phase 3 — Processing pipeline (score ≥ 3 → Gmail draft)

      ✅ FreeHire — Content Specialist (PL+EN): Matches target profile
      ✅ FreeHire — Content Specialist (DE+EN): Matches target profile
      ✅ Enhanced CV generated: /Users/ilse/career-ops-2/output/cv-ilse-placencia-2026-07-31.pdf
      ✅ Enhanced cover letter generated: /Users/ilse/career-ops-2/output/cover-letter-freehire-2026-07-31.pdf
      ✅ Found email on job page: magic@djinni.co
      📧 Creating Gmail draft for magic@djinni.co...
      ✅ Gmail draft created (ID: 7915)
      ✅ Synced to dashboard inbox
      ✅ Local applications tracker updated
      ⚠️  PDF generation failed: spawnSync /bin/sh ETIMEDOUT
      ✅ Enhanced CV generated: /Users/ilse/career-ops-2/output/cv-ilse-placencia-2026-07-31.pdf
      ✅ Enhanced cover letter generated: /Users/ilse/career-ops-2/output/cover-letter-freehire-2026-07-31.pdf
      ✅ Found email on job page: magic@djinni.co
      📧 Creating Gmail draft for magic@djinni.co...
      ✅ Gmail draft created (ID: 7916)
      ✅ Synced to dashboard inbox
      ✅ Local applications tracker updated
      Scanned: 4
      Applied: 0

────────────────────────────────────────────────────────────
✅  Scan complete in 1625s
   Job boards (60%):  0 new
   ATS providers (40%): 0 new
   Total new jobs:      0
   Above threshold (≥3): 0
   Gmail drafts created: 2
────────────────────────────────────────────────────────────

💤 Sleeping for 10 minutes before next sweep...

════════════════════════════════════════════════════════════
🕐  Hourly Scan — 31/07/2026, 10:19:06 pm
    Mode: LIVE | Min Score: 3 | 60% Boards / 40% ATS
════════════════════════════════════════════════════════════

📋  Phase 1 of 2 — Scanning job boards (Seek / Indeed / LinkedIn) — 60% budget

   ✅  Job boards: 0 new offers found

🏢  Phase 2 of 2 — Scanning 200+ ATS providers (Greenhouse / Ashby / Lever / ...) — 40% budget

   ✅  ATS providers: 0 new offers found


📨  Phase 3 — Processing pipeline (score ≥ 3 → Gmail draft)

      ✅ Britenet — Manual Tester (Agriculture): Matches target profile
      Scanned: 1
      Applied: 0

────────────────────────────────────────────────────────────
✅  Scan complete in 765s
   Job boards (60%):  0 new
   ATS providers (40%): 0 new
   Total new jobs:      0
   Above threshold (≥3): 0
   Gmail drafts created: 0
────────────────────────────────────────────────────────────

💤 Sleeping for 10 minutes before next sweep...

════════════════════════════════════════════════════════════
🕐  Hourly Scan — 31/07/2026, 10:41:51 pm
    Mode: LIVE | Min Score: 3 | 60% Boards / 40% ATS
════════════════════════════════════════════════════════════

📋  Phase 1 of 2 — Scanning job boards (Seek / Indeed / LinkedIn) — 60% budget

   ✅  Job boards: 0 new offers found

🏢  Phase 2 of 2 — Scanning 200+ ATS providers (Greenhouse / Ashby / Lever / ...) — 40% budget

   ✅  ATS providers: 0 new offers found


📨  Phase 3 — Processing pipeline (score ≥ 3 → Gmail draft)

◇ injected env (5) from web/.env.local // tip: ⌘ override existing { override: true }
🚀 Daemon started. Loop interval set to 10 minutes.

════════════════════════════════════════════════════════════
🕐  Hourly Scan — 31/07/2026, 11:02:48 pm
    Mode: LIVE | Min Score: 3 | 60% Boards / 40% ATS
════════════════════════════════════════════════════════════

📋  Phase 1 of 2 — Scanning job boards (Seek / Indeed / LinkedIn) — 60% budget

   ✅  Job boards: 0 new offers found

🏢  Phase 2 of 2 — Scanning 200+ ATS providers (Greenhouse / Ashby / Lever / ...) — 40% budget

   ✅  ATS providers: 0 new offers found


📨  Phase 3a — Processing Primary Tech pipeline (65% allocation, score ≥ 3 → Gmail draft)

◇ injected env (5) from web/.env.local // tip: ⌘ suppress logs { quiet: true }
🚀 Daemon started. Loop interval set to 10 minutes.

════════════════════════════════════════════════════════════
🕐  Hourly Scan — 31/07/2026, 11:18:43 pm
    Mode: LIVE | Min Score: 3 | 60% Boards / 40% ATS
════════════════════════════════════════════════════════════

📋  Phase 1 of 2 — Scanning job boards (Seek / Indeed / LinkedIn) — 60% budget

◇ injected env (5) from web/.env.local // tip: ⌘ suppress logs { quiet: true }
🚀 Daemon started. Loop interval set to 10 minutes.

════════════════════════════════════════════════════════════
🕐  Hourly Scan — 31/07/2026, 11:19:08 pm
    Mode: LIVE | Min Score: 3 | 60% Boards / 40% ATS
════════════════════════════════════════════════════════════

📋  Phase 1 of 2 — Scanning job boards (Seek / Indeed / LinkedIn) — 60% budget

   ✅  Job boards: 0 new offers found

🏢  Phase 2 of 2 — Scanning 200+ ATS providers (Greenhouse / Ashby / Lever / ...) — 40% budget

   ✅  ATS providers: 0 new offers found


📨  Phase 3a — Processing Primary Tech pipeline (65% allocation, score ≥ 3 → Gmail draft)


📨  Phase 3b — Processing Support Coordinator pipeline (35% allocation, support_worker account)

      ✅ Mark Firth Marketing LLC — AI Automation Specialist: Matches target profile
      ✅ TOMORROW HIRE — AI Automation Specialist: Matches target profile
      ✅ Bank of America — AVP / VP - Operations Manager - Data and Reporting Operations Management: Matches target profile
      ✅ Exchange Life — Expert Short-Form Video Editor: Matches target profile
      ✅ Elephant Webdesign & Marketing GmbH — Pflichtpraktikum ab 4 Monate (Wordpress / Elementor / deutschsprachig): Matches target profile
      ✅ VM.PL — Wordpress Developer (part-time): Matches target profile
      ✅ airSlate — Email Marketing Specialist: Matches target profile
      ✅ Movate Spółka z o.o. — Technical Lead– Networking, RF & SD-WAN Technologies with Spanish: Matches target profile
      ✅ Billennium — Guidewire Business Analyst / Lead BA (Spanish-speaking): Matches target profile
      ✅ CrustLab — Graphic & Web Designer: Matches target profile
      ✅ Shoper S.A. — WordPress Developer (m/f): Matches target profile
      ✅ Shoper S.A. — WordPress Developer (m/f): Matches target profile
      ✅ hurra.com — Senior SEA & Google Ads Manager (m/w/d) - Performance Max, Automation & AI - 100 % remote: Matches target profile
      ✅ Toptal — SharePoint & Microsoft 365 / Copilot Automation Specialist: Matches target profile
      ✅ Toptal — Marketing Automation Specialist — Dynamics CRM / Remote: Matches target profile
      ✅ E Source — Testing Lead, Utility Systems: Matches target profile
      ✅ Experis Manpower Group — Tester Ferryt M/K: Matches target profile
      ✅ Billennium — Starszy Tester Manualny: Matches target profile
      ✅ Lumicode Sp. z o.o. (Pentacomp Group) — Tester/-ka Oprogramowania: Matches target profile
      ✅ Awareson Sp. z o.o. — Technical Solutions Lead – AI Automation & Finance Transformation: Matches target profile

────────────────────────────────────────────────────────────
✅  Scan complete in 3240s
   Job boards (60%):  0 new
   ATS providers (40%): 0 new
   Total new jobs:      0
   Above threshold (≥3): 0
   Gmail drafts created: 2
   Errors: 1 (see log)
────────────────────────────────────────────────────────────

💤 Sleeping for 10 minutes before next sweep...

════════════════════════════════════════════════════════════
🕐  Hourly Scan — 01/08/2026, 12:23:08 am
    Mode: LIVE | Min Score: 3 | 60% Boards / 40% ATS
════════════════════════════════════════════════════════════

📋  Phase 1 of 2 — Scanning job boards (Seek / Indeed / LinkedIn) — 60% budget

   ✅  Job boards: 0 new offers found

🏢  Phase 2 of 2 — Scanning 200+ ATS providers (Greenhouse / Ashby / Lever / ...) — 40% budget

   ✅  ATS providers: 0 new offers found


📨  Phase 3a — Processing Primary Tech pipeline (65% allocation, score ≥ 3 → Gmail draft)


📨  Phase 3b — Processing Support Coordinator pipeline (35% allocation, support_worker account)

      ✅ Connectis — Tester Automatyzujący (k/m): Matches target profile
      ✅ B2Bnetwork — Tester Manualny / Testerka Manualna: Matches target profile
      ✅ H2B Group — Senior AI Product & Automation Consultant: Matches target profile
      ✅ SCALO — Manual Tester: Matches target profile
      ✅ Job Finder — Tester automatyzujący: Matches target profile
      ✅ Link Group — Pentester WebAPP and API: Matches target profile
      ✅ Link Group — OT Automation Security Consultant: Matches target profile
      ✅ FreeHire — Virtual Assistant: Matches target profile
      ✅ BlueBinary.io — Tester manualny: Matches target profile
      ✅ Tidio — Senior Web Designer: Matches target profile
      ✅ Scalo — Automation Tester: Matches target profile
      ✅ .intent — Quality Assurance Lead: Matches target profile
      ✅ Connectis_ — Tester Automatyzujący (k/m): Matches target profile
      ✅ Upvanta sp. z o.o. — Tester manualny: Matches target profile
      ✅ SCALO — Manual Tester (Ferryt): Matches target profile
      ✅ Transition Technologies PSC — Senior Manual Tester - Talent Pool: Matches target profile
      ✅ Transition Technologies PSC — Manual Tester - Talent Pool: Matches target profile
      ✅ DCG — ML and Automation Manager: Matches target profile
      ✅ P&P Solutions — Tester Automatyzujący: Matches target profile
      ✅ Advox Studio — Tester Manualny: Matches target profile

────────────────────────────────────────────────────────────
✅  Scan complete in 3395s
   Job boards (60%):  0 new
   ATS providers (40%): 0 new
   Total new jobs:      0
   Above threshold (≥3): 0
   Gmail drafts created: 5
   Errors: 1 (see log)
────────────────────────────────────────────────────────────

💤 Sleeping for 10 minutes before next sweep...

════════════════════════════════════════════════════════════
🕐  Hourly Scan — 01/08/2026, 1:29:43 am
    Mode: LIVE | Min Score: 3 | 60% Boards / 40% ATS
════════════════════════════════════════════════════════════

📋  Phase 1 of 2 — Scanning job boards (Seek / Indeed / LinkedIn) — 60% budget

   ✅  Job boards: 0 new offers found

🏢  Phase 2 of 2 — Scanning 200+ ATS providers (Greenhouse / Ashby / Lever / ...) — 40% budget

   ✅  ATS providers: 0 new offers found


📨  Phase 3a — Processing Primary Tech pipeline (65% allocation, score ≥ 3 → Gmail draft)


📨  Phase 3b — Processing Support Coordinator pipeline (35% allocation, support_worker account)

      ✅ Unknown — Remote Quality Assurance Rater (English Speakers) Remote Quality Assurance Rater (English Speakers) with verification: Matches target profile
      ✅ Britenet — Manual Tester (Agriculture): Matches target profile
      ✅ Connectis — Automation Tester: Matches target profile
      ✅ Lumicode Sp. z o.o. (Pentacomp Group) — Tester (k/m): Matches target profile
      ✅ Connectis — Automation Tester: Matches target profile
      ✅ Lumicode Sp. z o.o. (Pentacomp Group) — Tester (k/m): Matches target profile
      ✅ Ness Solution — Tester Penetracyjny: Matches target profile
      ✅ Connectis_ — Tester Automation: Matches target profile
      ✅ FreeHire — Senior Network and Cloud Penetration Tester: Matches target profile
      ✅ FreeHire — Tester Automation: Matches target profile
      ✅ FreeHire — Senior Network and Cloud Penetration Tester: Matches target profile
      ✅ FreeHire — Tester Automation: Matches target profile
      ✅ Ness Solution — Tester Oprogramowania: Matches target profile
      ✅ Ness Solution — Tester Oprogramowania: Matches target profile
      ✅ Connectis — Test Automation: Matches target profile
      ✅ Connectis — Test Automation: Matches target profile
      ✅ FreeHire — Email Marketing Specialist: Matches target profile
      ✅ FreeHire — Data Entry Specialist: Matches target profile
      ⚠️  PDF generation failed: spawnSync /bin/sh ETIMEDOUT
      ✅ Enhanced CV generated: /Users/ilse/career-ops-2/output/cv-ilse-placencia-2026-07-31.pdf

────────────────────────────────────────────────────────────
✅  Scan complete in 3131s
   Job boards (60%):  0 new
   ATS providers (40%): 0 new
   Total new jobs:      0
   Above threshold (≥3): 0
   Gmail drafts created: 4
────────────────────────────────────────────────────────────

💤 Sleeping for 10 minutes before next sweep...

════════════════════════════════════════════════════════════
🕐  Hourly Scan — 01/08/2026, 2:31:55 am
    Mode: LIVE | Min Score: 3 | 60% Boards / 40% ATS
════════════════════════════════════════════════════════════

📋  Phase 1 of 2 — Scanning job boards (Seek / Indeed / LinkedIn) — 60% budget

   ✅  Job boards: 0 new offers found

🏢  Phase 2 of 2 — Scanning 200+ ATS providers (Greenhouse / Ashby / Lever / ...) — 40% budget

   ✅  ATS providers: 0 new offers found


📨  Phase 3a — Processing Primary Tech pipeline (65% allocation, score ≥ 3 → Gmail draft)


📨  Phase 3b — Processing Support Coordinator pipeline (35% allocation, support_worker account)

      ✅ Unknown — Remote Quality Assurance Rater (English Speakers) Remote Quality Assurance Rater (English Speakers) with verification: Matches target profile
      ✅ Mindrift - Data annotation — AI Trainer Freelance Data Annotator: Matches target profile
      ✅ KeyBank — Product Associate, Operations & Testing (Remote): Matches target profile
      ✅ FreeHire — Associate Video Producer - Scientific American: Matches target profile
      ✅ TSS — Tester oprogramowania: Matches target profile
      ✅ KeyBank — Product Associate, Operations & Testing (Remote): Matches target profile
      ✅ Mindrift - Data annotation — AI Trainer Freelance Data Annotator: Matches target profile
      ✅ FreeHire — Associate Video Producer - Scientific American: Matches target profile
      ✅ TSS — Tester oprogramowania: Matches target profile
      ✅ Enhanced CV generated: /Users/ilse/career-ops-2/output/cv-ilse-placencia-2026-07-31.pdf
      ✅ Enhanced cover letter generated: /Users/ilse/career-ops-2/output/cover-letter-unknown-2026-07-31.pdf
      ⚠️  No email found on website
      📧 Creating Gmail draft (no recruiter email found)...
      ✅ Gmail draft created (ID: 7938)
      ✅ Synced to dashboard inbox
      ✅ Enhanced CV generated: /Users/ilse/career-ops-2/output/cv-ilse-placencia-2026-07-31.pdf
      ✅ Enhanced cover letter generated: /Users/ilse/career-ops-2/output/cover-letter-mindrift-data-annotation-2026-07-31.pdf
      ⚠️  No email found on website
      📧 Creating Gmail draft (no recruiter email found)...
      ✅ Gmail draft created (ID: 7939)

────────────────────────────────────────────────────────────
✅  Scan complete in 3660s
   Job boards (60%):  0 new
   ATS providers (40%): 0 new
   Total new jobs:      0
   Above threshold (≥3): 0
   Gmail drafts created: 3
────────────────────────────────────────────────────────────

💤 Sleeping for 10 minutes before next sweep...

════════════════════════════════════════════════════════════
🕐  Hourly Scan — 01/08/2026, 3:42:55 am
    Mode: LIVE | Min Score: 3 | 60% Boards / 40% ATS
════════════════════════════════════════════════════════════

📋  Phase 1 of 2 — Scanning job boards (Seek / Indeed / LinkedIn) — 60% budget

   ✅  Job boards: 0 new offers found

🏢  Phase 2 of 2 — Scanning 200+ ATS providers (Greenhouse / Ashby / Lever / ...) — 40% budget

   ✅  ATS providers: 0 new offers found


📨  Phase 3a — Processing Primary Tech pipeline (65% allocation, score ≥ 3 → Gmail draft)


📨  Phase 3b — Processing Support Coordinator pipeline (35% allocation, support_worker account)

      ✅ Unknown — Remote Quality Assurance Rater (English Speakers) Remote Quality Assurance Rater (English Speakers) with verification: Matches target profile
      ✅ FreeHire — Newsletter Editor: Matches target profile
      ✅ Enhanced CV generated: /Users/ilse/career-ops-2/output/cv-ilse-placencia-2026-07-31.pdf
      ✅ Enhanced cover letter generated: /Users/ilse/career-ops-2/output/cover-letter-unknown-2026-07-31.pdf
      ⚠️  No email found on website
      📧 Creating Gmail draft (no recruiter email found)...
      ✅ Gmail draft created (ID: 7942)
      ✅ Synced to dashboard inbox
      Scanned: 3
      Applied: 0

────────────────────────────────────────────────────────────
✅  Scan complete in 3175s
   Job boards (60%):  0 new
   ATS providers (40%): 0 new
   Total new jobs:      0
   Above threshold (≥3): 0
   Gmail drafts created: 1
────────────────────────────────────────────────────────────

💤 Sleeping for 10 minutes before next sweep...

════════════════════════════════════════════════════════════
🕐  Hourly Scan — 01/08/2026, 4:45:50 am
    Mode: LIVE | Min Score: 3 | 60% Boards / 40% ATS
════════════════════════════════════════════════════════════

📋  Phase 1 of 2 — Scanning job boards (Seek / Indeed / LinkedIn) — 60% budget

   ✅  Job boards: 0 new offers found

🏢  Phase 2 of 2 — Scanning 200+ ATS providers (Greenhouse / Ashby / Lever / ...) — 40% budget

   ✅  ATS providers: 0 new offers found


📨  Phase 3a — Processing Primary Tech pipeline (65% allocation, score ≥ 3 → Gmail draft)


📨  Phase 3b — Processing Support Coordinator pipeline (35% allocation, support_worker account)

      ✅ Unknown — Remote Quality Assurance Rater (English Speakers) Remote Quality Assurance Rater (English Speakers) with verification: Matches target profile
      ✅ Enhanced CV generated: /Users/ilse/career-ops-2/output/cv-ilse-placencia-2026-07-31.pdf
      ✅ Enhanced cover letter generated: /Users/ilse/career-ops-2/output/cover-letter-unknown-2026-07-31.pdf
      ⚠️  No email found on website
      📧 Creating Gmail draft (no recruiter email found)...
      ✅ Gmail draft created (ID: 7944)
      ✅ Synced to dashboard inbox
      Scanned: 1
      Applied: 0

────────────────────────────────────────────────────────────
✅  Scan complete in 3162s
   Job boards (60%):  0 new
   ATS providers (40%): 0 new
   Total new jobs:      0
   Above threshold (≥3): 0
   Gmail drafts created: 1
────────────────────────────────────────────────────────────

💤 Sleeping for 10 minutes before next sweep...

════════════════════════════════════════════════════════════
🕐  Hourly Scan — 01/08/2026, 5:48:32 am
    Mode: LIVE | Min Score: 3 | 60% Boards / 40% ATS
════════════════════════════════════════════════════════════

📋  Phase 1 of 2 — Scanning job boards (Seek / Indeed / LinkedIn) — 60% budget

   ✅  Job boards: 0 new offers found

🏢  Phase 2 of 2 — Scanning 200+ ATS providers (Greenhouse / Ashby / Lever / ...) — 40% budget

   ✅  ATS providers: 0 new offers found


📨  Phase 3a — Processing Primary Tech pipeline (65% allocation, score ≥ 3 → Gmail draft)


📨  Phase 3b — Processing Support Coordinator pipeline (35% allocation, support_worker account)

      ✅ Unknown — Remote Quality Assurance Rater (English Speakers) Remote Quality Assurance Rater (English Speakers) with verification: Matches target profile
      ✅ Enhanced CV generated: /Users/ilse/career-ops-2/output/cv-ilse-placencia-2026-07-31.pdf
      ✅ Enhanced cover letter generated: /Users/ilse/career-ops-2/output/cover-letter-unknown-2026-07-31.pdf
      ⚠️  No email found on website
      📧 Creating Gmail draft (no recruiter email found)...
      ✅ Gmail draft created (ID: 7946)
      ✅ Synced to dashboard inbox
      Scanned: 1
      Applied: 0

────────────────────────────────────────────────────────────
✅  Scan complete in 3130s
   Job boards (60%):  0 new
   ATS providers (40%): 0 new
   Total new jobs:      0
   Above threshold (≥3): 0
   Gmail drafts created: 1
────────────────────────────────────────────────────────────

💤 Sleeping for 10 minutes before next sweep...

════════════════════════════════════════════════════════════
🕐  Hourly Scan — 01/08/2026, 6:50:42 am
    Mode: LIVE | Min Score: 3 | 60% Boards / 40% ATS
════════════════════════════════════════════════════════════

📋  Phase 1 of 2 — Scanning job boards (Seek / Indeed / LinkedIn) — 60% budget

   ✅  Job boards: 0 new offers found

🏢  Phase 2 of 2 — Scanning 200+ ATS providers (Greenhouse / Ashby / Lever / ...) — 40% budget

   ✅  ATS providers: 0 new offers found


📨  Phase 3a — Processing Primary Tech pipeline (65% allocation, score ≥ 3 → Gmail draft)


📨  Phase 3b — Processing Support Coordinator pipeline (35% allocation, support_worker account)

      ✅ Unknown — Remote Quality Assurance Rater (English Speakers) Remote Quality Assurance Rater (English Speakers) with verification: Matches target profile
      ⚠️  PDF generation failed: spawnSync /bin/sh ETIMEDOUT
      ✅ Enhanced CV generated: /Users/ilse/career-ops-2/output/cv-ilse-placencia-2026-07-31.pdf
      ✅ Enhanced cover letter generated: /Users/ilse/career-ops-2/output/cover-letter-unknown-2026-07-31.pdf
      ⚠️  No email found on website
      📧 Creating Gmail draft (no recruiter email found)...
      ✅ Gmail draft created (ID: 7948)
      ✅ Synced to dashboard inbox
      Scanned: 3
      Applied: 0

────────────────────────────────────────────────────────────
✅  Scan complete in 3214s
   Job boards (60%):  0 new
   ATS providers (40%): 0 new
   Total new jobs:      0
   Above threshold (≥3): 0
   Gmail drafts created: 1
────────────────────────────────────────────────────────────

💤 Sleeping for 10 minutes before next sweep...

════════════════════════════════════════════════════════════
🕐  Hourly Scan — 01/08/2026, 7:54:19 am
    Mode: LIVE | Min Score: 3 | 60% Boards / 40% ATS
════════════════════════════════════════════════════════════

📋  Phase 1 of 2 — Scanning job boards (Seek / Indeed / LinkedIn) — 60% budget

   ✅  Job boards: 0 new offers found

🏢  Phase 2 of 2 — Scanning 200+ ATS providers (Greenhouse / Ashby / Lever / ...) — 40% budget

   ✅  ATS providers: 0 new offers found


📨  Phase 3a — Processing Primary Tech pipeline (65% allocation, score ≥ 3 → Gmail draft)


📨  Phase 3b — Processing Support Coordinator pipeline (35% allocation, support_worker account)

      ✅ Unknown — Remote Quality Assurance Rater (English Speakers) Remote Quality Assurance Rater (English Speakers) with verification: Matches target profile
      ✅ Cohere — Data Annotation Specialist: Matches target profile
      ✅ FreeHire — Sr. Manager, Quality Assurance: Matches target profile
      ✅ Enhanced CV generated: /Users/ilse/career-ops-2/output/cv-ilse-placencia-2026-07-31.pdf
      ✅ Enhanced cover letter generated: /Users/ilse/career-ops-2/output/cover-letter-unknown-2026-07-31.pdf
      ⚠️  No email found on website
      📧 Creating Gmail draft (no recruiter email found)...
      ✅ Gmail draft created (ID: 7949)
      ✅ Synced to dashboard inbox
      Scanned: 4
      Applied: 0

────────────────────────────────────────────────────────────
✅  Scan complete in 3613s
   Job boards (60%):  0 new
   ATS providers (40%): 0 new
   Total new jobs:      0
   Above threshold (≥3): 0
   Gmail drafts created: 1
────────────────────────────────────────────────────────────

💤 Sleeping for 10 minutes before next sweep...

════════════════════════════════════════════════════════════
🕐  Hourly Scan — 01/08/2026, 9:04:31 am
    Mode: LIVE | Min Score: 3 | 60% Boards / 40% ATS
════════════════════════════════════════════════════════════

📋  Phase 1 of 2 — Scanning job boards (Seek / Indeed / LinkedIn) — 60% budget

   ✅  Job boards: 0 new offers found

🏢  Phase 2 of 2 — Scanning 200+ ATS providers (Greenhouse / Ashby / Lever / ...) — 40% budget

   ✅  ATS providers: 0 new offers found


📨  Phase 3a — Processing Primary Tech pipeline (65% allocation, score ≥ 3 → Gmail draft)


📨  Phase 3b — Processing Support Coordinator pipeline (35% allocation, support_worker account)

      ✅ Unknown — Remote Quality Assurance Rater (English Speakers) Remote Quality Assurance Rater (English Speakers) with verification: Matches target profile
      ✅ Enhanced CV generated: /Users/ilse/career-ops-2/output/cv-ilse-placencia-2026-07-31.pdf
      ✅ Enhanced cover letter generated: /Users/ilse/career-ops-2/output/cover-letter-unknown-2026-07-31.pdf
      ⚠️  No email found on website
      📧 Creating Gmail draft (no recruiter email found)...
      ✅ Gmail draft created (ID: 7951)
      ✅ Synced to dashboard inbox
      Scanned: 1
      Applied: 0

────────────────────────────────────────────────────────────
✅  Scan complete in 3147s
   Job boards (60%):  0 new
   ATS providers (40%): 0 new
   Total new jobs:      0
   Above threshold (≥3): 0
   Gmail drafts created: 1
────────────────────────────────────────────────────────────

💤 Sleeping for 10 minutes before next sweep...

════════════════════════════════════════════════════════════
🕐  Hourly Scan — 01/08/2026, 10:06:58 am
    Mode: LIVE | Min Score: 3 | 60% Boards / 40% ATS
════════════════════════════════════════════════════════════

📋  Phase 1 of 2 — Scanning job boards (Seek / Indeed / LinkedIn) — 60% budget

   ✅  Job boards: 0 new offers found

🏢  Phase 2 of 2 — Scanning 200+ ATS providers (Greenhouse / Ashby / Lever / ...) — 40% budget

   ✅  ATS providers: 0 new offers found


📨  Phase 3a — Processing Primary Tech pipeline (65% allocation, score ≥ 3 → Gmail draft)


📨  Phase 3b — Processing Support Coordinator pipeline (35% allocation, support_worker account)

      ✅ Unknown — Remote Quality Assurance Rater (English Speakers) Remote Quality Assurance Rater (English Speakers) with verification: Matches target profile
      ✅ Snapscale — WordPress Web Developer (Remote): Matches target profile
      ✅ Enhanced CV generated: /Users/ilse/career-ops-2/output/cv-ilse-placencia-2026-08-01.pdf
      ✅ Enhanced cover letter generated: /Users/ilse/career-ops-2/output/cover-letter-unknown-2026-08-01.pdf
      ⚠️  No email found on website
      📧 Creating Gmail draft (no recruiter email found)...
      ✅ Gmail draft created (ID: 7953)
      ✅ Synced to dashboard inbox
      ✅ Enhanced CV generated: /Users/ilse/career-ops-2/output/cv-ilse-placencia-2026-08-01.pdf
      ✅ Enhanced cover letter generated: /Users/ilse/career-ops-2/output/cover-letter-snapscale-2026-08-01.pdf
      ✅ Found email on job page: snapscale.C2.F68@comeetapply.com
      📧 Creating Gmail draft for snapscale.C2.F68@comeetapply.com...
      ✅ Gmail draft created (ID: 7954)
      ✅ Synced to dashboard inbox
      Scanned: 3
      Applied: 0

────────────────────────────────────────────────────────────
✅  Scan complete in 3273s
   Job boards (60%):  0 new
   ATS providers (40%): 0 new
   Total new jobs:      0
   Above threshold (≥3): 0
   Gmail drafts created: 2
────────────────────────────────────────────────────────────

💤 Sleeping for 10 minutes before next sweep...
⏸️  Scans are paused by user. Checking again in 1 minute...
⏸️  Scans are paused by user. Checking again in 1 minute...
⏸️  Scans are paused by user. Checking again in 1 minute...
⏸️  Scans are paused by user. Checking again in 1 minute...
⏸️  Scans are paused by user. Checking again in 1 minute...
⏸️  Scans are paused by user. Checking again in 1 minute...
⏸️  Scans are paused by user. Checking again in 1 minute...
⏸️  Scans are paused by user. Checking again in 1 minute...
⏸️  Scans are paused by user. Checking again in 1 minute...
⏸️  Scans are paused by user. Checking again in 1 minute...
⏸️  Scans are paused by user. Checking again in 1 minute...
⏸️  Scans are paused by user. Checking again in 1 minute...
⏸️  Scans are paused by user. Checking again in 1 minute...
⏸️  Scans are paused by user. Checking again in 1 minute...
⏸️  Scans are paused by user. Checking again in 1 minute...
⏸️  Scans are paused by user. Checking again in 1 minute...
⏸️  Scans are paused by user. Checking again in 1 minute...
⏸️  Scans are paused by user. Checking again in 1 minute...
⏸️  Scans are paused by user. Checking again in 1 minute...
⏸️  Scans are paused by user. Checking again in 1 minute...
⏸️  Scans are paused by user. Checking again in 1 minute...
⏸️  Scans are paused by user. Checking again in 1 minute...
⏸️  Scans are paused by user. Checking again in 1 minute...
⏸️  Scans are paused by user. Checking again in 1 minute...
⏸️  Scans are paused by user. Checking again in 1 minute...
⏸️  Scans are paused by user. Checking again in 1 minute...
⏸️  Scans are paused by user. Checking again in 1 minute...
⏸️  Scans are paused by user. Checking again in 1 minute...
⏸️  Scans are paused by user. Checking again in 1 minute...
⏸️  Scans are paused by user. Checking again in 1 minute...
⏸️  Scans are paused by user. Checking again in 1 minute...
⏸️  Scans are paused by user. Checking again in 1 minute...
⏸️  Scans are paused by user. Checking again in 1 minute...
⏸️  Scans are paused by user. Checking again in 1 minute...
⏸️  Scans are paused by user. Checking again in 1 minute...
⏸️  Scans are paused by user. Checking again in 1 minute...
⏸️  Scans are paused by user. Checking again in 1 minute...
⏸️  Scans are paused by user. Checking again in 1 minute...
⏸️  Scans are paused by user. Checking again in 1 minute...
⏸️  Scans are paused by user. Checking again in 1 minute...
⏸️  Scans are paused by user. Checking again in 1 minute...
⏸️  Scans are paused by user. Checking again in 1 minute...
⏸️  Scans are paused by user. Checking again in 1 minute...
⏸️  Scans are paused by user. Checking again in 1 minute...
⏸️  Scans are paused by user. Checking again in 1 minute...
⏸️  Scans are paused by user. Checking again in 1 minute...
⏸️  Scans are paused by user. Checking again in 1 minute...
⏸️  Scans are paused by user. Checking again in 1 minute...
⏸️  Scans are paused by user. Checking again in 1 minute...
⏸️  Scans are paused by user. Checking again in 1 minute...
⏸️  Scans are paused by user. Checking again in 1 minute...
⏸️  Scans are paused by user. Checking again in 1 minute...
⏸️  Scans are paused by user. Checking again in 1 minute...
⏸️  Scans are paused by user. Checking again in 1 minute...
⏸️  Scans are paused by user. Checking again in 1 minute...
⏸️  Scans are paused by user. Checking again in 1 minute...
⏸️  Scans are paused by user. Checking again in 1 minute...
⏸️  Scans are paused by user. Checking again in 1 minute...
⏸️  Scans are paused by user. Checking again in 1 minute...
⏸️  Scans are paused by user. Checking again in 1 minute...
⏸️  Scans are paused by user. Checking again in 1 minute...
⏸️  Scans are paused by user. Checking again in 1 minute...
⏸️  Scans are paused by user. Checking again in 1 minute...
⏸️  Scans are paused by user. Checking again in 1 minute...
⏸️  Scans are paused by user. Checking again in 1 minute...
⏸️  Scans are paused by user. Checking again in 1 minute...
⏸️  Scans are paused by user. Checking again in 1 minute...
⏸️  Scans are paused by user. Checking again in 1 minute...
⏸️  Scans are paused by user. Checking again in 1 minute...
⏸️  Scans are paused by user. Checking again in 1 minute...
⏸️  Scans are paused by user. Checking again in 1 minute...
⏸️  Scans are paused by user. Checking again in 1 minute...
⏸️  Scans are paused by user. Checking again in 1 minute...
⏸️  Scans are paused by user. Checking again in 1 minute...
⏸️  Scans are paused by user. Checking again in 1 minute...
⏸️  Scans are paused by user. Checking again in 1 minute...
⏸️  Scans are paused by user. Checking again in 1 minute...
⏸️  Scans are paused by user. Checking again in 1 minute...
⏸️  Scans are paused by user. Checking again in 1 minute...
⏸️  Scans are paused by user. Checking again in 1 minute...
⏸️  Scans are paused by user. Checking again in 1 minute...
⏸️  Scans are paused by user. Checking again in 1 minute...
⏸️  Scans are paused by user. Checking again in 1 minute...
⏸️  Scans are paused by user. Checking again in 1 minute...
⏸️  Scans are paused by user. Checking again in 1 minute...
⏸️  Scans are paused by user. Checking again in 1 minute...
⏸️  Scans are paused by user. Checking again in 1 minute...
⏸️  Scans are paused by user. Checking again in 1 minute...
⏸️  Scans are paused by user. Checking again in 1 minute...
⏸️  Scans are paused by user. Checking again in 1 minute...
⏸️  Scans are paused by user. Checking again in 1 minute...
⏸️  Scans are paused by user. Checking again in 1 minute...
⏸️  Scans are paused by user. Checking again in 1 minute...
⏸️  Scans are paused by user. Checking again in 1 minute...
⏸️  Scans are paused by user. Checking again in 1 minute...
⏸️  Scans are paused by user. Checking again in 1 minute...
⏸️  Scans are paused by user. Checking again in 1 minute...
⏸️  Scans are paused by user. Checking again in 1 minute...
⏸️  Scans are paused by user. Checking again in 1 minute...
⏸️  Scans are paused by user. Checking again in 1 minute...
⏸️  Scans are paused by user. Checking again in 1 minute...
⏸️  Scans are paused by user. Checking again in 1 minute...
⏸️  Scans are paused by user. Checking again in 1 minute...
⏸️  Scans are paused by user. Checking again in 1 minute...
⏸️  Scans are paused by user. Checking again in 1 minute...
⏸️  Scans are paused by user. Checking again in 1 minute...
⏸️  Scans are paused by user. Checking again in 1 minute...
⏸️  Scans are paused by user. Checking again in 1 minute...
⏸️  Scans are paused by user. Checking again in 1 minute...
⏸️  Scans are paused by user. Checking again in 1 minute...
⏸️  Scans are paused by user. Checking again in 1 minute...
⏸️  Scans are paused by user. Checking again in 1 minute...
⏸️  Scans are paused by user. Checking again in 1 minute...
⏸️  Scans are paused by user. Checking again in 1 minute...
⏸️  Scans are paused by user. Checking again in 1 minute...
⏸️  Scans are paused by user. Checking again in 1 minute...
⏸️  Scans are paused by user. Checking again in 1 minute...
⏸️  Scans are paused by user. Checking again in 1 minute...
⏸️  Scans are paused by user. Checking again in 1 minute...
⏸️  Scans are paused by user. Checking again in 1 minute...
⏸️  Scans are paused by user. Checking again in 1 minute...
⏸️  Scans are paused by user. Checking again in 1 minute...
⏸️  Scans are paused by user. Checking again in 1 minute...
⏸️  Scans are paused by user. Checking again in 1 minute...
⏸️  Scans are paused by user. Checking again in 1 minute...
⏸️  Scans are paused by user. Checking again in 1 minute...
⏸️  Scans are paused by user. Checking again in 1 minute...
⏸️  Scans are paused by user. Checking again in 1 minute...
⏸️  Scans are paused by user. Checking again in 1 minute...
⏸️  Scans are paused by user. Checking again in 1 minute...
⏸️  Scans are paused by user. Checking again in 1 minute...
⏸️  Scans are paused by user. Checking again in 1 minute...
⏸️  Scans are paused by user. Checking again in 1 minute...
⏸️  Scans are paused by user. Checking again in 1 minute...
⏸️  Scans are paused by user. Checking again in 1 minute...
⏸️  Scans are paused by user. Checking again in 1 minute...
⏸️  Scans are paused by user. Checking again in 1 minute...
⏸️  Scans are paused by user. Checking again in 1 minute...
⏸️  Scans are paused by user. Checking again in 1 minute...
⏸️  Scans are paused by user. Checking again in 1 minute...
⏸️  Scans are paused by user. Checking again in 1 minute...
⏸️  Scans are paused by user. Checking again in 1 minute...
⏸️  Scans are paused by user. Checking again in 1 minute...
⏸️  Scans are paused by user. Checking again in 1 minute...
⏸️  Scans are paused by user. Checking again in 1 minute...
⏸️  Scans are paused by user. Checking again in 1 minute...
⏸️  Scans are paused by user. Checking again in 1 minute...
⏸️  Scans are paused by user. Checking again in 1 minute...
⏸️  Scans are paused by user. Checking again in 1 minute...
⏸️  Scans are paused by user. Checking again in 1 minute...
⏸️  Scans are paused by user. Checking again in 1 minute...
⏸️  Scans are paused by user. Checking again in 1 minute...
⏸️  Scans are paused by user. Checking again in 1 minute...
⏸️  Scans are paused by user. Checking again in 1 minute...
⏸️  Scans are paused by user. Checking again in 1 minute...
⏸️  Scans are paused by user. Checking again in 1 minute...
⏸️  Scans are paused by user. Checking again in 1 minute...
⏸️  Scans are paused by user. Checking again in 1 minute...
⏸️  Scans are paused by user. Checking again in 1 minute...
⏸️  Scans are paused by user. Checking again in 1 minute...
⏸️  Scans are paused by user. Checking again in 1 minute...
⏸️  Scans are paused by user. Checking again in 1 minute...
⏸️  Scans are paused by user. Checking again in 1 minute...
⏸️  Scans are paused by user. Checking again in 1 minute...
⏸️  Scans are paused by user. Checking again in 1 minute...
⏸️  Scans are paused by user. Checking again in 1 minute...
⏸️  Scans are paused by user. Checking again in 1 minute...
⏸️  Scans are paused by user. Checking again in 1 minute...
⏸️  Scans are paused by user. Checking again in 1 minute...
⏸️  Scans are paused by user. Checking again in 1 minute...
⏸️  Scans are paused by user. Checking again in 1 minute...
⏸️  Scans are paused by user. Checking again in 1 minute...
⏸️  Scans are paused by user. Checking again in 1 minute...
⏸️  Scans are paused by user. Checking again in 1 minute...
⏸️  Scans are paused by user. Checking again in 1 minute...
⏸️  Scans are paused by user. Checking again in 1 minute...
⏸️  Scans are paused by user. Checking again in 1 minute...
⏸️  Scans are paused by user. Checking again in 1 minute...
⏸️  Scans are paused by user. Checking again in 1 minute...
⏸️  Scans are paused by user. Checking again in 1 minute...
⏸️  Scans are paused by user. Checking again in 1 minute...
⏸️  Scans are paused by user. Checking again in 1 minute...
⏸️  Scans are paused by user. Checking again in 1 minute...
⏸️  Scans are paused by user. Checking again in 1 minute...
⏸️  Scans are paused by user. Checking again in 1 minute...
⏸️  Scans are paused by user. Checking again in 1 minute...
⏸️  Scans are paused by user. Checking again in 1 minute...
⏸️  Scans are paused by user. Checking again in 1 minute...
⏸️  Scans are paused by user. Checking again in 1 minute...
⏸️  Scans are paused by user. Checking again in 1 minute...
⏸️  Scans are paused by user. Checking again in 1 minute...
⏸️  Scans are paused by user. Checking again in 1 minute...
⏸️  Scans are paused by user. Checking again in 1 minute...
⏸️  Scans are paused by user. Checking again in 1 minute...
⏸️  Scans are paused by user. Checking again in 1 minute...
⏸️  Scans are paused by user. Checking again in 1 minute...
⏸️  Scans are paused by user. Checking again in 1 minute...
⏸️  Scans are paused by user. Checking again in 1 minute...
⏸️  Scans are paused by user. Checking again in 1 minute...
⏸️  Scans are paused by user. Checking again in 1 minute...
⏸️  Scans are paused by user. Checking again in 1 minute...
⏸️  Scans are paused by user. Checking again in 1 minute...
⏸️  Scans are paused by user. Checking again in 1 minute...
⏸️  Scans are paused by user. Checking again in 1 minute...
⏸️  Scans are paused by user. Checking again in 1 minute...
⏸️  Scans are paused by user. Checking again in 1 minute...
⏸️  Scans are paused by user. Checking again in 1 minute...
⏸️  Scans are paused by user. Checking again in 1 minute...
⏸️  Scans are paused by user. Checking again in 1 minute...
⏸️  Scans are paused by user. Checking again in 1 minute...
⏸️  Scans are paused by user. Checking again in 1 minute...
⏸️  Scans are paused by user. Checking again in 1 minute...
⏸️  Scans are paused by user. Checking again in 1 minute...
⏸️  Scans are paused by user. Checking again in 1 minute...
⏸️  Scans are paused by user. Checking again in 1 minute...
⏸️  Scans are paused by user. Checking again in 1 minute...
⏸️  Scans are paused by user. Checking again in 1 minute...
⏸️  Scans are paused by user. Checking again in 1 minute...
⏸️  Scans are paused by user. Checking again in 1 minute...
⏸️  Scans are paused by user. Checking again in 1 minute...
⏸️  Scans are paused by user. Checking again in 1 minute...
⏸️  Scans are paused by user. Checking again in 1 minute...
⏸️  Scans are paused by user. Checking again in 1 minute...
⏸️  Scans are paused by user. Checking again in 1 minute...
⏸️  Scans are paused by user. Checking again in 1 minute...
⏸️  Scans are paused by user. Checking again in 1 minute...
⏸️  Scans are paused by user. Checking again in 1 minute...
⏸️  Scans are paused by user. Checking again in 1 minute...
⏸️  Scans are paused by user. Checking again in 1 minute...
⏸️  Scans are paused by user. Checking again in 1 minute...
⏸️  Scans are paused by user. Checking again in 1 minute...
⏸️  Scans are paused by user. Checking again in 1 minute...
⏸️  Scans are paused by user. Checking again in 1 minute...
⏸️  Scans are paused by user. Checking again in 1 minute...
⏸️  Scans are paused by user. Checking again in 1 minute...
⏸️  Scans are paused by user. Checking again in 1 minute...
⏸️  Scans are paused by user. Checking again in 1 minute...
⏸️  Scans are paused by user. Checking again in 1 minute...
⏸️  Scans are paused by user. Checking again in 1 minute...
⏸️  Scans are paused by user. Checking again in 1 minute...
⏸️  Scans are paused by user. Checking again in 1 minute...
⏸️  Scans are paused by user. Checking again in 1 minute...
⏸️  Scans are paused by user. Checking again in 1 minute...
⏸️  Scans are paused by user. Checking again in 1 minute...
⏸️  Scans are paused by user. Checking again in 1 minute...
⏸️  Scans are paused by user. Checking again in 1 minute...
⏸️  Scans are paused by user. Checking again in 1 minute...
⏸️  Scans are paused by user. Checking again in 1 minute...
⏸️  Scans are paused by user. Checking again in 1 minute...
⏸️  Scans are paused by user. Checking again in 1 minute...
⏸️  Scans are paused by user. Checking again in 1 minute...
⏸️  Scans are paused by user. Checking again in 1 minute...
⏸️  Scans are paused by user. Checking again in 1 minute...
⏸️  Scans are paused by user. Checking again in 1 minute...
⏸️  Scans are paused by user. Checking again in 1 minute...
⏸️  Scans are paused by user. Checking again in 1 minute...
⏸️  Scans are paused by user. Checking again in 1 minute...
⏸️  Scans are paused by user. Checking again in 1 minute...
⏸️  Scans are paused by user. Checking again in 1 minute...
⏸️  Scans are paused by user. Checking again in 1 minute...
⏸️  Scans are paused by user. Checking again in 1 minute...
⏸️  Scans are paused by user. Checking again in 1 minute...
⏸️  Scans are paused by user. Checking again in 1 minute...
⏸️  Scans are paused by user. Checking again in 1 minute...
⏸️  Scans are paused by user. Checking again in 1 minute...
⏸️  Scans are paused by user. Checking again in 1 minute...
⏸️  Scans are paused by user. Checking again in 1 minute...
⏸️  Scans are paused by user. Checking again in 1 minute...
⏸️  Scans are paused by user. Checking again in 1 minute...
⏸️  Scans are paused by user. Checking again in 1 minute...
⏸️  Scans are paused by user. Checking again in 1 minute...
⏸️  Scans are paused by user. Checking again in 1 minute...
⏸️  Scans are paused by user. Checking again in 1 minute...
⏸️  Scans are paused by user. Checking again in 1 minute...
⏸️  Scans are paused by user. Checking again in 1 minute...
⏸️  Scans are paused by user. Checking again in 1 minute...
⏸️  Scans are paused by user. Checking again in 1 minute...
⏸️  Scans are paused by user. Checking again in 1 minute...
⏸️  Scans are paused by user. Checking again in 1 minute...
⏸️  Scans are paused by user. Checking again in 1 minute...
⏸️  Scans are paused by user. Checking again in 1 minute...
⏸️  Scans are paused by user. Checking again in 1 minute...
⏸️  Scans are paused by user. Checking again in 1 minute...
⏸️  Scans are paused by user. Checking again in 1 minute...
⏸️  Scans are paused by user. Checking again in 1 minute...
⏸️  Scans are paused by user. Checking again in 1 minute...
⏸️  Scans are paused by user. Checking again in 1 minute...
⏸️  Scans are paused by user. Checking again in 1 minute...
⏸️  Scans are paused by user. Checking again in 1 minute...
⏸️  Scans are paused by user. Checking again in 1 minute...
⏸️  Scans are paused by user. Checking again in 1 minute...
⏸️  Scans are paused by user. Checking again in 1 minute...
⏸️  Scans are paused by user. Checking again in 1 minute...
⏸️  Scans are paused by user. Checking again in 1 minute...
⏸️  Scans are paused by user. Checking again in 1 minute...
⏸️  Scans are paused by user. Checking again in 1 minute...
⏸️  Scans are paused by user. Checking again in 1 minute...
⏸️  Scans are paused by user. Checking again in 1 minute...
⏸️  Scans are paused by user. Checking again in 1 minute...
⏸️  Scans are paused by user. Checking again in 1 minute...
⏸️  Scans are paused by user. Checking again in 1 minute...
⏸️  Scans are paused by user. Checking again in 1 minute...
⏸️  Scans are paused by user. Checking again in 1 minute...
⏸️  Scans are paused by user. Checking again in 1 minute...
⏸️  Scans are paused by user. Checking again in 1 minute...
⏸️  Scans are paused by user. Checking again in 1 minute...
⏸️  Scans are paused by user. Checking again in 1 minute...
⏸️  Scans are paused by user. Checking again in 1 minute...
⏸️  Scans are paused by user. Checking again in 1 minute...
⏸️  Scans are paused by user. Checking again in 1 minute...
⏸️  Scans are paused by user. Checking again in 1 minute...
⏸️  Scans are paused by user. Checking again in 1 minute...
⏸️  Scans are paused by user. Checking again in 1 minute...
⏸️  Scans are paused by user. Checking again in 1 minute...
⏸️  Scans are paused by user. Checking again in 1 minute...
⏸️  Scans are paused by user. Checking again in 1 minute...
⏸️  Scans are paused by user. Checking again in 1 minute...
⏸️  Scans are paused by user. Checking again in 1 minute...
⏸️  Scans are paused by user. Checking again in 1 minute...
⏸️  Scans are paused by user. Checking again in 1 minute...
⏸️  Scans are paused by user. Checking again in 1 minute...
⏸️  Scans are paused by user. Checking again in 1 minute...
⏸️  Scans are paused by user. Checking again in 1 minute...
⏸️  Scans are paused by user. Checking again in 1 minute...
⏸️  Scans are paused by user. Checking again in 1 minute...
⏸️  Scans are paused by user. Checking again in 1 minute...
⏸️  Scans are paused by user. Checking again in 1 minute...
⏸️  Scans are paused by user. Checking again in 1 minute...
⏸️  Scans are paused by user. Checking again in 1 minute...
⏸️  Scans are paused by user. Checking again in 1 minute...
⏸️  Scans are paused by user. Checking again in 1 minute...
⏸️  Scans are paused by user. Checking again in 1 minute...
⏸️  Scans are paused by user. Checking again in 1 minute...
⏸️  Scans are paused by user. Checking again in 1 minute...
⏸️  Scans are paused by user. Checking again in 1 minute...
⏸️  Scans are paused by user. Checking again in 1 minute...
⏸️  Scans are paused by user. Checking again in 1 minute...
⏸️  Scans are paused by user. Checking again in 1 minute...
⏸️  Scans are paused by user. Checking again in 1 minute...
⏸️  Scans are paused by user. Checking again in 1 minute...
⏸️  Scans are paused by user. Checking again in 1 minute...
⏸️  Scans are paused by user. Checking again in 1 minute...
⏸️  Scans are paused by user. Checking again in 1 minute...
⏸️  Scans are paused by user. Checking again in 1 minute...
⏸️  Scans are paused by user. Checking again in 1 minute...
⏸️  Scans are paused by user. Checking again in 1 minute...
⏸️  Scans are paused by user. Checking again in 1 minute...
⏸️  Scans are paused by user. Checking again in 1 minute...
⏸️  Scans are paused by user. Checking again in 1 minute...
⏸️  Scans are paused by user. Checking again in 1 minute...
⏸️  Scans are paused by user. Checking again in 1 minute...
⏸️  Scans are paused by user. Checking again in 1 minute...
⏸️  Scans are paused by user. Checking again in 1 minute...
⏸️  Scans are paused by user. Checking again in 1 minute...
⏸️  Scans are paused by user. Checking again in 1 minute...
⏸️  Scans are paused by user. Checking again in 1 minute...
⏸️  Scans are paused by user. Checking again in 1 minute...
⏸️  Scans are paused by user. Checking again in 1 minute...
⏸️  Scans are paused by user. Checking again in 1 minute...
⏸️  Scans are paused by user. Checking again in 1 minute...
⏸️  Scans are paused by user. Checking again in 1 minute...
⏸️  Scans are paused by user. Checking again in 1 minute...
⏸️  Scans are paused by user. Checking again in 1 minute...
⏸️  Scans are paused by user. Checking again in 1 minute...
⏸️  Scans are paused by user. Checking again in 1 minute...
⏸️  Scans are paused by user. Checking again in 1 minute...
⏸️  Scans are paused by user. Checking again in 1 minute...
⏸️  Scans are paused by user. Checking again in 1 minute...
⏸️  Scans are paused by user. Checking again in 1 minute...
⏸️  Scans are paused by user. Checking again in 1 minute...
⏸️  Scans are paused by user. Checking again in 1 minute...
⏸️  Scans are paused by user. Checking again in 1 minute...
⏸️  Scans are paused by user. Checking again in 1 minute...
⏸️  Scans are paused by user. Checking again in 1 minute...
⏸️  Scans are paused by user. Checking again in 1 minute...
⏸️  Scans are paused by user. Checking again in 1 minute...
⏸️  Scans are paused by user. Checking again in 1 minute...
⏸️  Scans are paused by user. Checking again in 1 minute...
⏸️  Scans are paused by user. Checking again in 1 minute...
⏸️  Scans are paused by user. Checking again in 1 minute...
⏸️  Scans are paused by user. Checking again in 1 minute...
⏸️  Scans are paused by user. Checking again in 1 minute...
⏸️  Scans are paused by user. Checking again in 1 minute...
⏸️  Scans are paused by user. Checking again in 1 minute...
⏸️  Scans are paused by user. Checking again in 1 minute...
⏸️  Scans are paused by user. Checking again in 1 minute...
⏸️  Scans are paused by user. Checking again in 1 minute...
⏸️  Scans are paused by user. Checking again in 1 minute...
⏸️  Scans are paused by user. Checking again in 1 minute...
⏸️  Scans are paused by user. Checking again in 1 minute...
⏸️  Scans are paused by user. Checking again in 1 minute...
⏸️  Scans are paused by user. Checking again in 1 minute...
⏸️  Scans are paused by user. Checking again in 1 minute...
⏸️  Scans are paused by user. Checking again in 1 minute...
⏸️  Scans are paused by user. Checking again in 1 minute...
⏸️  Scans are paused by user. Checking again in 1 minute...
⏸️  Scans are paused by user. Checking again in 1 minute...
⏸️  Scans are paused by user. Checking again in 1 minute...
⏸️  Scans are paused by user. Checking again in 1 minute...
⏸️  Scans are paused by user. Checking again in 1 minute...
⏸️  Scans are paused by user. Checking again in 1 minute...
⏸️  Scans are paused by user. Checking again in 1 minute...
⏸️  Scans are paused by user. Checking again in 1 minute...
⏸️  Scans are paused by user. Checking again in 1 minute...
⏸️  Scans are paused by user. Checking again in 1 minute...
⏸️  Scans are paused by user. Checking again in 1 minute...
⏸️  Scans are paused by user. Checking again in 1 minute...
⏸️  Scans are paused by user. Checking again in 1 minute...
⏸️  Scans are paused by user. Checking again in 1 minute...
⏸️  Scans are paused by user. Checking again in 1 minute...
⏸️  Scans are paused by user. Checking again in 1 minute...
⏸️  Scans are paused by user. Checking again in 1 minute...
⏸️  Scans are paused by user. Checking again in 1 minute...
⏸️  Scans are paused by user. Checking again in 1 minute...
⏸️  Scans are paused by user. Checking again in 1 minute...
⏸️  Scans are paused by user. Checking again in 1 minute...
⏸️  Scans are paused by user. Checking again in 1 minute...
⏸️  Scans are paused by user. Checking again in 1 minute...
⏸️  Scans are paused by user. Checking again in 1 minute...
⏸️  Scans are paused by user. Checking again in 1 minute...
⏸️  Scans are paused by user. Checking again in 1 minute...
⏸️  Scans are paused by user. Checking again in 1 minute...
⏸️  Scans are paused by user. Checking again in 1 minute...
⏸️  Scans are paused by user. Checking again in 1 minute...
⏸️  Scans are paused by user. Checking again in 1 minute...
⏸️  Scans are paused by user. Checking again in 1 minute...
⏸️  Scans are paused by user. Checking again in 1 minute...
⏸️  Scans are paused by user. Checking again in 1 minute...
⏸️  Scans are paused by user. Checking again in 1 minute...
⏸️  Scans are paused by user. Checking again in 1 minute...
⏸️  Scans are paused by user. Checking again in 1 minute...
⏸️  Scans are paused by user. Checking again in 1 minute...
⏸️  Scans are paused by user. Checking again in 1 minute...
⏸️  Scans are paused by user. Checking again in 1 minute...
⏸️  Scans are paused by user. Checking again in 1 minute...
⏸️  Scans are paused by user. Checking again in 1 minute...
⏸️  Scans are paused by user. Checking again in 1 minute...
⏸️  Scans are paused by user. Checking again in 1 minute...
⏸️  Scans are paused by user. Checking again in 1 minute...
⏸️  Scans are paused by user. Checking again in 1 minute...
⏸️  Scans are paused by user. Checking again in 1 minute...
⏸️  Scans are paused by user. Checking again in 1 minute...
⏸️  Scans are paused by user. Checking again in 1 minute...
⏸️  Scans are paused by user. Checking again in 1 minute...
⏸️  Scans are paused by user. Checking again in 1 minute...
⏸️  Scans are paused by user. Checking again in 1 minute...
⏸️  Scans are paused by user. Checking again in 1 minute...
⏸️  Scans are paused by user. Checking again in 1 minute...
⏸️  Scans are paused by user. Checking again in 1 minute...
⏸️  Scans are paused by user. Checking again in 1 minute...
⏸️  Scans are paused by user. Checking again in 1 minute...
⏸️  Scans are paused by user. Checking again in 1 minute...
⏸️  Scans are paused by user. Checking again in 1 minute...
⏸️  Scans are paused by user. Checking again in 1 minute...
⏸️  Scans are paused by user. Checking again in 1 minute...
⏸️  Scans are paused by user. Checking again in 1 minute...
⏸️  Scans are paused by user. Checking again in 1 minute...
⏸️  Scans are paused by user. Checking again in 1 minute...
⏸️  Scans are paused by user. Checking again in 1 minute...
⏸️  Scans are paused by user. Checking again in 1 minute...
⏸️  Scans are paused by user. Checking again in 1 minute...
⏸️  Scans are paused by user. Checking again in 1 minute...
⏸️  Scans are paused by user. Checking again in 1 minute...
⏸️  Scans are paused by user. Checking again in 1 minute...
⏸️  Scans are paused by user. Checking again in 1 minute...
⏸️  Scans are paused by user. Checking again in 1 minute...
⏸️  Scans are paused by user. Checking again in 1 minute...
⏸️  Scans are paused by user. Checking again in 1 minute...
⏸️  Scans are paused by user. Checking again in 1 minute...
⏸️  Scans are paused by user. Checking again in 1 minute...
⏸️  Scans are paused by user. Checking again in 1 minute...
⏸️  Scans are paused by user. Checking again in 1 minute...
⏸️  Scans are paused by user. Checking again in 1 minute...
⏸️  Scans are paused by user. Checking again in 1 minute...
⏸️  Scans are paused by user. Checking again in 1 minute...
⏸️  Scans are paused by user. Checking again in 1 minute...
⏸️  Scans are paused by user. Checking again in 1 minute...
⏸️  Scans are paused by user. Checking again in 1 minute...
⏸️  Scans are paused by user. Checking again in 1 minute...
⏸️  Scans are paused by user. Checking again in 1 minute...
⏸️  Scans are paused by user. Checking again in 1 minute...
⏸️  Scans are paused by user. Checking again in 1 minute...
⏸️  Scans are paused by user. Checking again in 1 minute...
⏸️  Scans are paused by user. Checking again in 1 minute...
⏸️  Scans are paused by user. Checking again in 1 minute...
⏸️  Scans are paused by user. Checking again in 1 minute...
⏸️  Scans are paused by user. Checking again in 1 minute...
⏸️  Scans are paused by user. Checking again in 1 minute...
⏸️  Scans are paused by user. Checking again in 1 minute...
⏸️  Scans are paused by user. Checking again in 1 minute...
⏸️  Scans are paused by user. Checking again in 1 minute...
⏸️  Scans are paused by user. Checking again in 1 minute...
⏸️  Scans are paused by user. Checking again in 1 minute...
⏸️  Scans are paused by user. Checking again in 1 minute...
⏸️  Scans are paused by user. Checking again in 1 minute...
⏸️  Scans are paused by user. Checking again in 1 minute...
⏸️  Scans are paused by user. Checking again in 1 minute...
⏸️  Scans are paused by user. Checking again in 1 minute...
⏸️  Scans are paused by user. Checking again in 1 minute...
⏸️  Scans are paused by user. Checking again in 1 minute...
⏸️  Scans are paused by user. Checking again in 1 minute...
⏸️  Scans are paused by user. Checking again in 1 minute...
⏸️  Scans are paused by user. Checking again in 1 minute...
⏸️  Scans are paused by user. Checking again in 1 minute...
⏸️  Scans are paused by user. Checking again in 1 minute...
⏸️  Scans are paused by user. Checking again in 1 minute...
⏸️  Scans are paused by user. Checking again in 1 minute...
⏸️  Scans are paused by user. Checking again in 1 minute...
⏸️  Scans are paused by user. Checking again in 1 minute...
⏸️  Scans are paused by user. Checking again in 1 minute...
⏸️  Scans are paused by user. Checking again in 1 minute...
⏸️  Scans are paused by user. Checking again in 1 minute...
⏸️  Scans are paused by user. Checking again in 1 minute...
⏸️  Scans are paused by user. Checking again in 1 minute...
⏸️  Scans are paused by user. Checking again in 1 minute...
⏸️  Scans are paused by user. Checking again in 1 minute...
⏸️  Scans are paused by user. Checking again in 1 minute...
⏸️  Scans are paused by user. Checking again in 1 minute...
⏸️  Scans are paused by user. Checking again in 1 minute...
⏸️  Scans are paused by user. Checking again in 1 minute...
⏸️  Scans are paused by user. Checking again in 1 minute...
⏸️  Scans are paused by user. Checking again in 1 minute...
⏸️  Scans are paused by user. Checking again in 1 minute...
⏸️  Scans are paused by user. Checking again in 1 minute...
⏸️  Scans are paused by user. Checking again in 1 minute...
⏸️  Scans are paused by user. Checking again in 1 minute...
⏸️  Scans are paused by user. Checking again in 1 minute...
⏸️  Scans are paused by user. Checking again in 1 minute...
⏸️  Scans are paused by user. Checking again in 1 minute...
⏸️  Scans are paused by user. Checking again in 1 minute...
⏸️  Scans are paused by user. Checking again in 1 minute...
⏸️  Scans are paused by user. Checking again in 1 minute...
⏸️  Scans are paused by user. Checking again in 1 minute...
⏸️  Scans are paused by user. Checking again in 1 minute...
⏸️  Scans are paused by user. Checking again in 1 minute...
⏸️  Scans are paused by user. Checking again in 1 minute...
⏸️  Scans are paused by user. Checking again in 1 minute...
⏸️  Scans are paused by user. Checking again in 1 minute...
⏸️  Scans are paused by user. Checking again in 1 minute...
⏸️  Scans are paused by user. Checking again in 1 minute...
⏸️  Scans are paused by user. Checking again in 1 minute...
⏸️  Scans are paused by user. Checking again in 1 minute...
⏸️  Scans are paused by user. Checking again in 1 minute...
⏸️  Scans are paused by user. Checking again in 1 minute...
⏸️  Scans are paused by user. Checking again in 1 minute...
⏸️  Scans are paused by user. Checking again in 1 minute...
⏸️  Scans are paused by user. Checking again in 1 minute...
⏸️  Scans are paused by user. Checking again in 1 minute...
⏸️  Scans are paused by user. Checking again in 1 minute...
⏸️  Scans are paused by user. Checking again in 1 minute...
⏸️  Scans are paused by user. Checking again in 1 minute...
⏸️  Scans are paused by user. Checking again in 1 minute...
⏸️  Scans are paused by user. Checking again in 1 minute...
⏸️  Scans are paused by user. Checking again in 1 minute...
⏸️  Scans are paused by user. Checking again in 1 minute...
⏸️  Scans are paused by user. Checking again in 1 minute...
⏸️  Scans are paused by user. Checking again in 1 minute...
⏸️  Scans are paused by user. Checking again in 1 minute...
⏸️  Scans are paused by user. Checking again in 1 minute...
⏸️  Scans are paused by user. Checking again in 1 minute...
⏸️  Scans are paused by user. Checking again in 1 minute...
⏸️  Scans are paused by user. Checking again in 1 minute...
⏸️  Scans are paused by user. Checking again in 1 minute...
⏸️  Scans are paused by user. Checking again in 1 minute...
⏸️  Scans are paused by user. Checking again in 1 minute...
⏸️  Scans are paused by user. Checking again in 1 minute...
⏸️  Scans are paused by user. Checking again in 1 minute...
⏸️  Scans are paused by user. Checking again in 1 minute...
⏸️  Scans are paused by user. Checking again in 1 minute...
⏸️  Scans are paused by user. Checking again in 1 minute...
⏸️  Scans are paused by user. Checking again in 1 minute...
⏸️  Scans are paused by user. Checking again in 1 minute...
⏸️  Scans are paused by user. Checking again in 1 minute...
⏸️  Scans are paused by user. Checking again in 1 minute...
⏸️  Scans are paused by user. Checking again in 1 minute...
⏸️  Scans are paused by user. Checking again in 1 minute...
⏸️  Scans are paused by user. Checking again in 1 minute...
⏸️  Scans are paused by user. Checking again in 1 minute...
⏸️  Scans are paused by user. Checking again in 1 minute...
⏸️  Scans are paused by user. Checking again in 1 minute...
⏸️  Scans are paused by user. Checking again in 1 minute...
⏸️  Scans are paused by user. Checking again in 1 minute...
⏸️  Scans are paused by user. Checking again in 1 minute...
⏸️  Scans are paused by user. Checking again in 1 minute...
⏸️  Scans are paused by user. Checking again in 1 minute...
⏸️  Scans are paused by user. Checking again in 1 minute...
⏸️  Scans are paused by user. Checking again in 1 minute...
⏸️  Scans are paused by user. Checking again in 1 minute...
⏸️  Scans are paused by user. Checking again in 1 minute...
⏸️  Scans are paused by user. Checking again in 1 minute...
⏸️  Scans are paused by user. Checking again in 1 minute...
⏸️  Scans are paused by user. Checking again in 1 minute...
⏸️  Scans are paused by user. Checking again in 1 minute...
⏸️  Scans are paused by user. Checking again in 1 minute...
⏸️  Scans are paused by user. Checking again in 1 minute...
⏸️  Scans are paused by user. Checking again in 1 minute...
⏸️  Scans are paused by user. Checking again in 1 minute...
⏸️  Scans are paused by user. Checking again in 1 minute...
⏸️  Scans are paused by user. Checking again in 1 minute...
⏸️  Scans are paused by user. Checking again in 1 minute...
⏸️  Scans are paused by user. Checking again in 1 minute...
⏸️  Scans are paused by user. Checking again in 1 minute...
⏸️  Scans are paused by user. Checking again in 1 minute...
⏸️  Scans are paused by user. Checking again in 1 minute...
⏸️  Scans are paused by user. Checking again in 1 minute...
⏸️  Scans are paused by user. Checking again in 1 minute...
⏸️  Scans are paused by user. Checking again in 1 minute...
⏸️  Scans are paused by user. Checking again in 1 minute...
⏸️  Scans are paused by user. Checking again in 1 minute...
⏸️  Scans are paused by user. Checking again in 1 minute...
⏸️  Scans are paused by user. Checking again in 1 minute...
◇ injected env (5) from web/.env.local // tip: ⌘ override existing { override: true }
🚀 Daemon started. Loop interval set to 10 minutes.
⏸️  Scans are paused by user. Checking again in 1 minute...
⏸️  Scans are paused by user. Checking again in 1 minute...
⏸️  Scans are paused by user. Checking again in 1 minute...
⏸️  Scans are paused by user. Checking again in 1 minute...
⏸️  Scans are paused by user. Checking again in 1 minute...
⏸️  Scans are paused by user. Checking again in 1 minute...
⏸️  Scans are paused by user. Checking again in 1 minute...
⏸️  Scans are paused by user. Checking again in 1 minute...
⏸️  Scans are paused by user. Checking again in 1 minute...
⏸️  Scans are paused by user. Checking again in 1 minute...
⏸️  Scans are paused by user. Checking again in 1 minute...
⏸️  Scans are paused by user. Checking again in 1 minute...
⏸️  Scans are paused by user. Checking again in 1 minute...
⏸️  Scans are paused by user. Checking again in 1 minute...
⏸️  Scans are paused by user. Checking again in 1 minute...
⏸️  Scans are paused by user. Checking again in 1 minute...
⏸️  Scans are paused by user. Checking again in 1 minute...
⏸️  Scans are paused by user. Checking again in 1 minute...
⏸️  Scans are paused by user. Checking again in 1 minute...
⏸️  Scans are paused by user. Checking again in 1 minute...
⏸️  Scans are paused by user. Checking again in 1 minute...
⏸️  Scans are paused by user. Checking again in 1 minute...
⏸️  Scans are paused by user. Checking again in 1 minute...
⏸️  Scans are paused by user. Checking again in 1 minute...
⏸️  Scans are paused by user. Checking again in 1 minute...
⏸️  Scans are paused by user. Checking again in 1 minute...
⏸️  Scans are paused by user. Checking again in 1 minute...
⏸️  Scans are paused by user. Checking again in 1 minute...
⏸️  Scans are paused by user. Checking again in 1 minute...
⏸️  Scans are paused by user. Checking again in 1 minute...
⏸️  Scans are paused by user. Checking again in 1 minute...
⏸️  Scans are paused by user. Checking again in 1 minute...
⏸️  Scans are paused by user. Checking again in 1 minute...
⏸️  Scans are paused by user. Checking again in 1 minute...
⏸️  Scans are paused by user. Checking again in 1 minute...
⏸️  Scans are paused by user. Checking again in 1 minute...
⏸️  Scans are paused by user. Checking again in 1 minute...
⏸️  Scans are paused by user. Checking again in 1 minute...
⏸️  Scans are paused by user. Checking again in 1 minute...
⏸️  Scans are paused by user. Checking again in 1 minute...
⏸️  Scans are paused by user. Checking again in 1 minute...
⏸️  Scans are paused by user. Checking again in 1 minute...
⏸️  Scans are paused by user. Checking again in 1 minute...
⏸️  Scans are paused by user. Checking again in 1 minute...
⏸️  Scans are paused by user. Checking again in 1 minute...
⏸️  Scans are paused by user. Checking again in 1 minute...
⏸️  Scans are paused by user. Checking again in 1 minute...
⏸️  Scans are paused by user. Checking again in 1 minute...
⏸️  Scans are paused by user. Checking again in 1 minute...
⏸️  Scans are paused by user. Checking again in 1 minute...
⏸️  Scans are paused by user. Checking again in 1 minute...
⏸️  Scans are paused by user. Checking again in 1 minute...
⏸️  Scans are paused by user. Checking again in 1 minute...
⏸️  Scans are paused by user. Checking again in 1 minute...
⏸️  Scans are paused by user. Checking again in 1 minute...
⏸️  Scans are paused by user. Checking again in 1 minute...
⏸️  Scans are paused by user. Checking again in 1 minute...
⏸️  Scans are paused by user. Checking again in 1 minute...
⏸️  Scans are paused by user. Checking again in 1 minute...
⏸️  Scans are paused by user. Checking again in 1 minute...
⏸️  Scans are paused by user. Checking again in 1 minute...
⏸️  Scans are paused by user. Checking again in 1 minute...
⏸️  Scans are paused by user. Checking again in 1 minute...
⏸️  Scans are paused by user. Checking again in 1 minute...
⏸️  Scans are paused by user. Checking again in 1 minute...
⏸️  Scans are paused by user. Checking again in 1 minute...
⏸️  Scans are paused by user. Checking again in 1 minute...
⏸️  Scans are paused by user. Checking again in 1 minute...
⏸️  Scans are paused by user. Checking again in 1 minute...
⏸️  Scans are paused by user. Checking again in 1 minute...
⏸️  Scans are paused by user. Checking again in 1 minute...
⏸️  Scans are paused by user. Checking again in 1 minute...
⏸️  Scans are paused by user. Checking again in 1 minute...
⏸️  Scans are paused by user. Checking again in 1 minute...
⏸️  Scans are paused by user. Checking again in 1 minute...
⏸️  Scans are paused by user. Checking again in 1 minute...
⏸️  Scans are paused by user. Checking again in 1 minute...
⏸️  Scans are paused by user. Checking again in 1 minute...
⏸️  Scans are paused by user. Checking again in 1 minute...
⏸️  Scans are paused by user. Checking again in 1 minute...
⏸️  Scans are paused by user. Checking again in 1 minute...
⏸️  Scans are paused by user. Checking again in 1 minute...
⏸️  Scans are paused by user. Checking again in 1 minute...
⏸️  Scans are paused by user. Checking again in 1 minute...
⏸️  Scans are paused by user. Checking again in 1 minute...
⏸️  Scans are paused by user. Checking again in 1 minute...
⏸️  Scans are paused by user. Checking again in 1 minute...
⏸️  Scans are paused by user. Checking again in 1 minute...
⏸️  Scans are paused by user. Checking again in 1 minute...
⏸️  Scans are paused by user. Checking again in 1 minute...
⏸️  Scans are paused by user. Checking again in 1 minute...
⏸️  Scans are paused by user. Checking again in 1 minute...
⏸️  Scans are paused by user. Checking again in 1 minute...
⏸️  Scans are paused by user. Checking again in 1 minute...
⏸️  Scans are paused by user. Checking again in 1 minute...
⏸️  Scans are paused by user. Checking again in 1 minute...
⏸️  Scans are paused by user. Checking again in 1 minute...
⏸️  Scans are paused by user. Checking again in 1 minute...
⏸️  Scans are paused by user. Checking again in 1 minute...
⏸️  Scans are paused by user. Checking again in 1 minute...
⏸️  Scans are paused by user. Checking again in 1 minute...
⏸️  Scans are paused by user. Checking again in 1 minute...
⏸️  Scans are paused by user. Checking again in 1 minute...
⏸️  Scans are paused by user. Checking again in 1 minute...
⏸️  Scans are paused by user. Checking again in 1 minute...
⏸️  Scans are paused by user. Checking again in 1 minute...
⏸️  Scans are paused by user. Checking again in 1 minute...
⏸️  Scans are paused by user. Checking again in 1 minute...
⏸️  Scans are paused by user. Checking again in 1 minute...
⏸️  Scans are paused by user. Checking again in 1 minute...
⏸️  Scans are paused by user. Checking again in 1 minute...
⏸️  Scans are paused by user. Checking again in 1 minute...
⏸️  Scans are paused by user. Checking again in 1 minute...
⏸️  Scans are paused by user. Checking again in 1 minute...
⏸️  Scans are paused by user. Checking again in 1 minute...
⏸️  Scans are paused by user. Checking again in 1 minute...
⏸️  Scans are paused by user. Checking again in 1 minute...
⏸️  Scans are paused by user. Checking again in 1 minute...
⏸️  Scans are paused by user. Checking again in 1 minute...
⏸️  Scans are paused by user. Checking again in 1 minute...
⏸️  Scans are paused by user. Checking again in 1 minute...
⏸️  Scans are paused by user. Checking again in 1 minute...
⏸️  Scans are paused by user. Checking again in 1 minute...
⏸️  Scans are paused by user. Checking again in 1 minute...
⏸️  Scans are paused by user. Checking again in 1 minute...
⏸️  Scans are paused by user. Checking again in 1 minute...
⏸️  Scans are paused by user. Checking again in 1 minute...
⏸️  Scans are paused by user. Checking again in 1 minute...
⏸️  Scans are paused by user. Checking again in 1 minute...
⏸️  Scans are paused by user. Checking again in 1 minute...
⏸️  Scans are paused by user. Checking again in 1 minute...
⏸️  Scans are paused by user. Checking again in 1 minute...
⏸️  Scans are paused by user. Checking again in 1 minute...
⏸️  Scans are paused by user. Checking again in 1 minute...
⏸️  Scans are paused by user. Checking again in 1 minute...
⏸️  Scans are paused by user. Checking again in 1 minute...
⏸️  Scans are paused by user. Checking again in 1 minute...
⏸️  Scans are paused by user. Checking again in 1 minute...
⏸️  Scans are paused by user. Checking again in 1 minute...
⏸️  Scans are paused by user. Checking again in 1 minute...
⏸️  Scans are paused by user. Checking again in 1 minute...
⏸️  Scans are paused by user. Checking again in 1 minute...
⏸️  Scans are paused by user. Checking again in 1 minute...
⏸️  Scans are paused by user. Checking again in 1 minute...
⏸️  Scans are paused by user. Checking again in 1 minute...
⏸️  Scans are paused by user. Checking again in 1 minute...
⏸️  Scans are paused by user. Checking again in 1 minute...
⏸️  Scans are paused by user. Checking again in 1 minute...
⏸️  Scans are paused by user. Checking again in 1 minute...
⏸️  Scans are paused by user. Checking again in 1 minute...
⏸️  Scans are paused by user. Checking again in 1 minute...
⏸️  Scans are paused by user. Checking again in 1 minute...
⏸️  Scans are paused by user. Checking again in 1 minute...
⏸️  Scans are paused by user. Checking again in 1 minute...
⏸️  Scans are paused by user. Checking again in 1 minute...
⏸️  Scans are paused by user. Checking again in 1 minute...
⏸️  Scans are paused by user. Checking again in 1 minute...
⏸️  Scans are paused by user. Checking again in 1 minute...
⏸️  Scans are paused by user. Checking again in 1 minute...
⏸️  Scans are paused by user. Checking again in 1 minute...
⏸️  Scans are paused by user. Checking again in 1 minute...
⏸️  Scans are paused by user. Checking again in 1 minute...
⏸️  Scans are paused by user. Checking again in 1 minute...
⏸️  Scans are paused by user. Checking again in 1 minute...
⏸️  Scans are paused by user. Checking again in 1 minute...
⏸️  Scans are paused by user. Checking again in 1 minute...
⏸️  Scans are paused by user. Checking again in 1 minute...
⏸️  Scans are paused by user. Checking again in 1 minute...
⏸️  Scans are paused by user. Checking again in 1 minute...
⏸️  Scans are paused by user. Checking again in 1 minute...
⏸️  Scans are paused by user. Checking again in 1 minute...
⏸️  Scans are paused by user. Checking again in 1 minute...
⏸️  Scans are paused by user. Checking again in 1 minute...
⏸️  Scans are paused by user. Checking again in 1 minute...
⏸️  Scans are paused by user. Checking again in 1 minute...
⏸️  Scans are paused by user. Checking again in 1 minute...
⏸️  Scans are paused by user. Checking again in 1 minute...
⏸️  Scans are paused by user. Checking again in 1 minute...
⏸️  Scans are paused by user. Checking again in 1 minute...
⏸️  Scans are paused by user. Checking again in 1 minute...
⏸️  Scans are paused by user. Checking again in 1 minute...
⏸️  Scans are paused by user. Checking again in 1 minute...
⏸️  Scans are paused by user. Checking again in 1 minute...
⏸️  Scans are paused by user. Checking again in 1 minute...
⏸️  Scans are paused by user. Checking again in 1 minute...
⏸️  Scans are paused by user. Checking again in 1 minute...
⏸️  Scans are paused by user. Checking again in 1 minute...
⏸️  Scans are paused by user. Checking again in 1 minute...
⏸️  Scans are paused by user. Checking again in 1 minute...
⏸️  Scans are paused by user. Checking again in 1 minute...
⏸️  Scans are paused by user. Checking again in 1 minute...
⏸️  Scans are paused by user. Checking again in 1 minute...
⏸️  Scans are paused by user. Checking again in 1 minute...
⏸️  Scans are paused by user. Checking again in 1 minute...
⏸️  Scans are paused by user. Checking again in 1 minute...
⏸️  Scans are paused by user. Checking again in 1 minute...
⏸️  Scans are paused by user. Checking again in 1 minute...
⏸️  Scans are paused by user. Checking again in 1 minute...
⏸️  Scans are paused by user. Checking again in 1 minute...
⏸️  Scans are paused by user. Checking again in 1 minute...
⏸️  Scans are paused by user. Checking again in 1 minute...
⏸️  Scans are paused by user. Checking again in 1 minute...
⏸️  Scans are paused by user. Checking again in 1 minute...
⏸️  Scans are paused by user. Checking again in 1 minute...
⏸️  Scans are paused by user. Checking again in 1 minute...
⏸️  Scans are paused by user. Checking again in 1 minute...
⏸️  Scans are paused by user. Checking again in 1 minute...
⏸️  Scans are paused by user. Checking again in 1 minute...
⏸️  Scans are paused by user. Checking again in 1 minute...
⏸️  Scans are paused by user. Checking again in 1 minute...
⏸️  Scans are paused by user. Checking again in 1 minute...
⏸️  Scans are paused by user. Checking again in 1 minute...
⏸️  Scans are paused by user. Checking again in 1 minute...
⏸️  Scans are paused by user. Checking again in 1 minute...
⏸️  Scans are paused by user. Checking again in 1 minute...
⏸️  Scans are paused by user. Checking again in 1 minute...
⏸️  Scans are paused by user. Checking again in 1 minute...
⏸️  Scans are paused by user. Checking again in 1 minute...
⏸️  Scans are paused by user. Checking again in 1 minute...
⏸️  Scans are paused by user. Checking again in 1 minute...
⏸️  Scans are paused by user. Checking again in 1 minute...
⏸️  Scans are paused by user. Checking again in 1 minute...
⏸️  Scans are paused by user. Checking again in 1 minute...
⏸️  Scans are paused by user. Checking again in 1 minute...
⏸️  Scans are paused by user. Checking again in 1 minute...
⏸️  Scans are paused by user. Checking again in 1 minute...
⏸️  Scans are paused by user. Checking again in 1 minute...
⏸️  Scans are paused by user. Checking again in 1 minute...
⏸️  Scans are paused by user. Checking again in 1 minute...
⏸️  Scans are paused by user. Checking again in 1 minute...
⏸️  Scans are paused by user. Checking again in 1 minute...
⏸️  Scans are paused by user. Checking again in 1 minute...
⏸️  Scans are paused by user. Checking again in 1 minute...
⏸️  Scans are paused by user. Checking again in 1 minute...
⏸️  Scans are paused by user. Checking again in 1 minute...
⏸️  Scans are paused by user. Checking again in 1 minute...
⏸️  Scans are paused by user. Checking again in 1 minute...
⏸️  Scans are paused by user. Checking again in 1 minute...
⏸️  Scans are paused by user. Checking again in 1 minute...
⏸️  Scans are paused by user. Checking again in 1 minute...
⏸️  Scans are paused by user. Checking again in 1 minute...
⏸️  Scans are paused by user. Checking again in 1 minute...
⏸️  Scans are paused by user. Checking again in 1 minute...
⏸️  Scans are paused by user. Checking again in 1 minute...
⏸️  Scans are paused by user. Checking again in 1 minute...
⏸️  Scans are paused by user. Checking again in 1 minute...
⏸️  Scans are paused by user. Checking again in 1 minute...
⏸️  Scans are paused by user. Checking again in 1 minute...
⏸️  Scans are paused by user. Checking again in 1 minute...
⏸️  Scans are paused by user. Checking again in 1 minute...
⏸️  Scans are paused by user. Checking again in 1 minute...
⏸️  Scans are paused by user. Checking again in 1 minute...
⏸️  Scans are paused by user. Checking again in 1 minute...
⏸️  Scans are paused by user. Checking again in 1 minute...
⏸️  Scans are paused by user. Checking again in 1 minute...
⏸️  Scans are paused by user. Checking again in 1 minute...
⏸️  Scans are paused by user. Checking again in 1 minute...
⏸️  Scans are paused by user. Checking again in 1 minute...
⏸️  Scans are paused by user. Checking again in 1 minute...
⏸️  Scans are paused by user. Checking again in 1 minute...
⏸️  Scans are paused by user. Checking again in 1 minute...
⏸️  Scans are paused by user. Checking again in 1 minute...
⏸️  Scans are paused by user. Checking again in 1 minute...
⏸️  Scans are paused by user. Checking again in 1 minute...
⏸️  Scans are paused by user. Checking again in 1 minute...
⏸️  Scans are paused by user. Checking again in 1 minute...
⏸️  Scans are paused by user. Checking again in 1 minute...
⏸️  Scans are paused by user. Checking again in 1 minute...
⏸️  Scans are paused by user. Checking again in 1 minute...
⏸️  Scans are paused by user. Checking again in 1 minute...
⏸️  Scans are paused by user. Checking again in 1 minute...
⏸️  Scans are paused by user. Checking again in 1 minute...
⏸️  Scans are paused by user. Checking again in 1 minute...
⏸️  Scans are paused by user. Checking again in 1 minute...
⏸️  Scans are paused by user. Checking again in 1 minute...
⏸️  Scans are paused by user. Checking again in 1 minute...
⏸️  Scans are paused by user. Checking again in 1 minute...
⏸️  Scans are paused by user. Checking again in 1 minute...
⏸️  Scans are paused by user. Checking again in 1 minute...
⏸️  Scans are paused by user. Checking again in 1 minute...
⏸️  Scans are paused by user. Checking again in 1 minute...
⏸️  Scans are paused by user. Checking again in 1 minute...
⏸️  Scans are paused by user. Checking again in 1 minute...
⏸️  Scans are paused by user. Checking again in 1 minute...
⏸️  Scans are paused by user. Checking again in 1 minute...
⏸️  Scans are paused by user. Checking again in 1 minute...
⏸️  Scans are paused by user. Checking again in 1 minute...
⏸️  Scans are paused by user. Checking again in 1 minute...
⏸️  Scans are paused by user. Checking again in 1 minute...
⏸️  Scans are paused by user. Checking again in 1 minute...
⏸️  Scans are paused by user. Checking again in 1 minute...
⏸️  Scans are paused by user. Checking again in 1 minute...
⏸️  Scans are paused by user. Checking again in 1 minute...
⏸️  Scans are paused by user. Checking again in 1 minute...
⏸️  Scans are paused by user. Checking again in 1 minute...
⏸️  Scans are paused by user. Checking again in 1 minute...
⏸️  Scans are paused by user. Checking again in 1 minute...
⏸️  Scans are paused by user. Checking again in 1 minute...
⏸️  Scans are paused by user. Checking again in 1 minute...
⏸️  Scans are paused by user. Checking again in 1 minute...
⏸️  Scans are paused by user. Checking again in 1 minute...
⏸️  Scans are paused by user. Checking again in 1 minute...
⏸️  Scans are paused by user. Checking again in 1 minute...
⏸️  Scans are paused by user. Checking again in 1 minute...
⏸️  Scans are paused by user. Checking again in 1 minute...
⏸️  Scans are paused by user. Checking again in 1 minute...
⏸️  Scans are paused by user. Checking again in 1 minute...
⏸️  Scans are paused by user. Checking again in 1 minute...
⏸️  Scans are paused by user. Checking again in 1 minute...
⏸️  Scans are paused by user. Checking again in 1 minute...
⏸️  Scans are paused by user. Checking again in 1 minute...
⏸️  Scans are paused by user. Checking again in 1 minute...
⏸️  Scans are paused by user. Checking again in 1 minute...
⏸️  Scans are paused by user. Checking again in 1 minute...
⏸️  Scans are paused by user. Checking again in 1 minute...
⏸️  Scans are paused by user. Checking again in 1 minute...
⏸️  Scans are paused by user. Checking again in 1 minute...
⏸️  Scans are paused by user. Checking again in 1 minute...
⏸️  Scans are paused by user. Checking again in 1 minute...
⏸️  Scans are paused by user. Checking again in 1 minute...
⏸️  Scans are paused by user. Checking again in 1 minute...
⏸️  Scans are paused by user. Checking again in 1 minute...
⏸️  Scans are paused by user. Checking again in 1 minute...
⏸️  Scans are paused by user. Checking again in 1 minute...
⏸️  Scans are paused by user. Checking again in 1 minute...
⏸️  Scans are paused by user. Checking again in 1 minute...
⏸️  Scans are paused by user. Checking again in 1 minute...
⏸️  Scans are paused by user. Checking again in 1 minute...
⏸️  Scans are paused by user. Checking again in 1 minute...
⏸️  Scans are paused by user. Checking again in 1 minute...
⏸️  Scans are paused by user. Checking again in 1 minute...
⏸️  Scans are paused by user. Checking again in 1 minute...
⏸️  Scans are paused by user. Checking again in 1 minute...
⏸️  Scans are paused by user. Checking again in 1 minute...
⏸️  Scans are paused by user. Checking again in 1 minute...
⏸️  Scans are paused by user. Checking again in 1 minute...
⏸️  Scans are paused by user. Checking again in 1 minute...
⏸️  Scans are paused by user. Checking again in 1 minute...
⏸️  Scans are paused by user. Checking again in 1 minute...
⏸️  Scans are paused by user. Checking again in 1 minute...
⏸️  Scans are paused by user. Checking again in 1 minute...
⏸️  Scans are paused by user. Checking again in 1 minute...
⏸️  Scans are paused by user. Checking again in 1 minute...
⏸️  Scans are paused by user. Checking again in 1 minute...
⏸️  Scans are paused by user. Checking again in 1 minute...
⏸️  Scans are paused by user. Checking again in 1 minute...
⏸️  Scans are paused by user. Checking again in 1 minute...
⏸️  Scans are paused by user. Checking again in 1 minute...
⏸️  Scans are paused by user. Checking again in 1 minute...
⏸️  Scans are paused by user. Checking again in 1 minute...
⏸️  Scans are paused by user. Checking again in 1 minute...
⏸️  Scans are paused by user. Checking again in 1 minute...
⏸️  Scans are paused by user. Checking again in 1 minute...
⏸️  Scans are paused by user. Checking again in 1 minute...
⏸️  Scans are paused by user. Checking again in 1 minute...
⏸️  Scans are paused by user. Checking again in 1 minute...
⏸️  Scans are paused by user. Checking again in 1 minute...
⏸️  Scans are paused by user. Checking again in 1 minute...
⏸️  Scans are paused by user. Checking again in 1 minute...
⏸️  Scans are paused by user. Checking again in 1 minute...
⏸️  Scans are paused by user. Checking again in 1 minute...
⏸️  Scans are paused by user. Checking again in 1 minute...
⏸️  Scans are paused by user. Checking again in 1 minute...
⏸️  Scans are paused by user. Checking again in 1 minute...
⏸️  Scans are paused by user. Checking again in 1 minute...
⏸️  Scans are paused by user. Checking again in 1 minute...
⏸️  Scans are paused by user. Checking again in 1 minute...
⏸️  Scans are paused by user. Checking again in 1 minute...
⏸️  Scans are paused by user. Checking again in 1 minute...
⏸️  Scans are paused by user. Checking again in 1 minute...
⏸️  Scans are paused by user. Checking again in 1 minute...
⏸️  Scans are paused by user. Checking again in 1 minute...
⏸️  Scans are paused by user. Checking again in 1 minute...
⏸️  Scans are paused by user. Checking again in 1 minute...
⏸️  Scans are paused by user. Checking again in 1 minute...
⏸️  Scans are paused by user. Checking again in 1 minute...
⏸️  Scans are paused by user. Checking again in 1 minute...
⏸️  Scans are paused by user. Checking again in 1 minute...
⏸️  Scans are paused by user. Checking again in 1 minute...
⏸️  Scans are paused by user. Checking again in 1 minute...
⏸️  Scans are paused by user. Checking again in 1 minute...
⏸️  Scans are paused by user. Checking again in 1 minute...
⏸️  Scans are paused by user. Checking again in 1 minute...
⏸️  Scans are paused by user. Checking again in 1 minute...
⏸️  Scans are paused by user. Checking again in 1 minute...
⏸️  Scans are paused by user. Checking again in 1 minute...
⏸️  Scans are paused by user. Checking again in 1 minute...
⏸️  Scans are paused by user. Checking again in 1 minute...
⏸️  Scans are paused by user. Checking again in 1 minute...
⏸️  Scans are paused by user. Checking again in 1 minute...
⏸️  Scans are paused by user. Checking again in 1 minute...
⏸️  Scans are paused by user. Checking again in 1 minute...
⏸️  Scans are paused by user. Checking again in 1 minute...
⏸️  Scans are paused by user. Checking again in 1 minute...
⏸️  Scans are paused by user. Checking again in 1 minute...
⏸️  Scans are paused by user. Checking again in 1 minute...
⏸️  Scans are paused by user. Checking again in 1 minute...
⏸️  Scans are paused by user. Checking again in 1 minute...
⏸️  Scans are paused by user. Checking again in 1 minute...
⏸️  Scans are paused by user. Checking again in 1 minute...
⏸️  Scans are paused by user. Checking again in 1 minute...
⏸️  Scans are paused by user. Checking again in 1 minute...
⏸️  Scans are paused by user. Checking again in 1 minute...
⏸️  Scans are paused by user. Checking again in 1 minute...
⏸️  Scans are paused by user. Checking again in 1 minute...
⏸️  Scans are paused by user. Checking again in 1 minute...
⏸️  Scans are paused by user. Checking again in 1 minute...
⏸️  Scans are paused by user. Checking again in 1 minute...
⏸️  Scans are paused by user. Checking again in 1 minute...
⏸️  Scans are paused by user. Checking again in 1 minute...
⏸️  Scans are paused by user. Checking again in 1 minute...
⏸️  Scans are paused by user. Checking again in 1 minute...
⏸️  Scans are paused by user. Checking again in 1 minute...
⏸️  Scans are paused by user. Checking again in 1 minute...
⏸️  Scans are paused by user. Checking again in 1 minute...
⏸️  Scans are paused by user. Checking again in 1 minute...
⏸️  Scans are paused by user. Checking again in 1 minute...
⏸️  Scans are paused by user. Checking again in 1 minute...
⏸️  Scans are paused by user. Checking again in 1 minute...
⏸️  Scans are paused by user. Checking again in 1 minute...
⏸️  Scans are paused by user. Checking again in 1 minute...
⏸️  Scans are paused by user. Checking again in 1 minute...
⏸️  Scans are paused by user. Checking again in 1 minute...
⏸️  Scans are paused by user. Checking again in 1 minute...
⏸️  Scans are paused by user. Checking again in 1 minute...
⏸️  Scans are paused by user. Checking again in 1 minute...
⏸️  Scans are paused by user. Checking again in 1 minute...
⏸️  Scans are paused by user. Checking again in 1 minute...
⏸️  Scans are paused by user. Checking again in 1 minute...
⏸️  Scans are paused by user. Checking again in 1 minute...
⏸️  Scans are paused by user. Checking again in 1 minute...
⏸️  Scans are paused by user. Checking again in 1 minute...
⏸️  Scans are paused by user. Checking again in 1 minute...
⏸️  Scans are paused by user. Checking again in 1 minute...
⏸️  Scans are paused by user. Checking again in 1 minute...
⏸️  Scans are paused by user. Checking again in 1 minute...
⏸️  Scans are paused by user. Checking again in 1 minute...
⏸️  Scans are paused by user. Checking again in 1 minute...
⏸️  Scans are paused by user. Checking again in 1 minute...
⏸️  Scans are paused by user. Checking again in 1 minute...
⏸️  Scans are paused by user. Checking again in 1 minute...
⏸️  Scans are paused by user. Checking again in 1 minute...
⏸️  Scans are paused by user. Checking again in 1 minute...
⏸️  Scans are paused by user. Checking again in 1 minute...
⏸️  Scans are paused by user. Checking again in 1 minute...
⏸️  Scans are paused by user. Checking again in 1 minute...
⏸️  Scans are paused by user. Checking again in 1 minute...
⏸️  Scans are paused by user. Checking again in 1 minute...
⏸️  Scans are paused by user. Checking again in 1 minute...
⏸️  Scans are paused by user. Checking again in 1 minute...
⏸️  Scans are paused by user. Checking again in 1 minute...
⏸️  Scans are paused by user. Checking again in 1 minute...
⏸️  Scans are paused by user. Checking again in 1 minute...
⏸️  Scans are paused by user. Checking again in 1 minute...
⏸️  Scans are paused by user. Checking again in 1 minute...
⏸️  Scans are paused by user. Checking again in 1 minute...
⏸️  Scans are paused by user. Checking again in 1 minute...
⏸️  Scans are paused by user. Checking again in 1 minute...
⏸️  Scans are paused by user. Checking again in 1 minute...
⏸️  Scans are paused by user. Checking again in 1 minute...
⏸️  Scans are paused by user. Checking again in 1 minute...
⏸️  Scans are paused by user. Checking again in 1 minute...
⏸️  Scans are paused by user. Checking again in 1 minute...
⏸️  Scans are paused by user. Checking again in 1 minute...
⏸️  Scans are paused by user. Checking again in 1 minute...
⏸️  Scans are paused by user. Checking again in 1 minute...
⏸️  Scans are paused by user. Checking again in 1 minute...
⏸️  Scans are paused by user. Checking again in 1 minute...
⏸️  Scans are paused by user. Checking again in 1 minute...
⏸️  Scans are paused by user. Checking again in 1 minute...
⏸️  Scans are paused by user. Checking again in 1 minute...
⏸️  Scans are paused by user. Checking again in 1 minute...
⏸️  Scans are paused by user. Checking again in 1 minute...
⏸️  Scans are paused by user. Checking again in 1 minute...
⏸️  Scans are paused by user. Checking again in 1 minute...
⏸️  Scans are paused by user. Checking again in 1 minute...
⏸️  Scans are paused by user. Checking again in 1 minute...
⏸️  Scans are paused by user. Checking again in 1 minute...
⏸️  Scans are paused by user. Checking again in 1 minute...
⏸️  Scans are paused by user. Checking again in 1 minute...
⏸️  Scans are paused by user. Checking again in 1 minute...
⏸️  Scans are paused by user. Checking again in 1 minute...
⏸️  Scans are paused by user. Checking again in 1 minute...
⏸️  Scans are paused by user. Checking again in 1 minute...
⏸️  Scans are paused by user. Checking again in 1 minute...
⏸️  Scans are paused by user. Checking again in 1 minute...
⏸️  Scans are paused by user. Checking again in 1 minute...
⏸️  Scans are paused by user. Checking again in 1 minute...
⏸️  Scans are paused by user. Checking again in 1 minute...
⏸️  Scans are paused by user. Checking again in 1 minute...
⏸️  Scans are paused by user. Checking again in 1 minute...
⏸️  Scans are paused by user. Checking again in 1 minute...
⏸️  Scans are paused by user. Checking again in 1 minute...
⏸️  Scans are paused by user. Checking again in 1 minute...
⏸️  Scans are paused by user. Checking again in 1 minute...
⏸️  Scans are paused by user. Checking again in 1 minute...
⏸️  Scans are paused by user. Checking again in 1 minute...
⏸️  Scans are paused by user. Checking again in 1 minute...
⏸️  Scans are paused by user. Checking again in 1 minute...
⏸️  Scans are paused by user. Checking again in 1 minute...
⏸️  Scans are paused by user. Checking again in 1 minute...
⏸️  Scans are paused by user. Checking again in 1 minute...
⏸️  Scans are paused by user. Checking again in 1 minute...
⏸️  Scans are paused by user. Checking again in 1 minute...
⏸️  Scans are paused by user. Checking again in 1 minute...
⏸️  Scans are paused by user. Checking again in 1 minute...
⏸️  Scans are paused by user. Checking again in 1 minute...
⏸️  Scans are paused by user. Checking again in 1 minute...
⏸️  Scans are paused by user. Checking again in 1 minute...
⏸️  Scans are paused by user. Checking again in 1 minute...
⏸️  Scans are paused by user. Checking again in 1 minute...
⏸️  Scans are paused by user. Checking again in 1 minute...
⏸️  Scans are paused by user. Checking again in 1 minute...
⏸️  Scans are paused by user. Checking again in 1 minute...
⏸️  Scans are paused by user. Checking again in 1 minute...
⏸️  Scans are paused by user. Checking again in 1 minute...
⏸️  Scans are paused by user. Checking again in 1 minute...
⏸️  Scans are paused by user. Checking again in 1 minute...
⏸️  Scans are paused by user. Checking again in 1 minute...
⏸️  Scans are paused by user. Checking again in 1 minute...
⏸️  Scans are paused by user. Checking again in 1 minute...
⏸️  Scans are paused by user. Checking again in 1 minute...
⏸️  Scans are paused by user. Checking again in 1 minute...
⏸️  Scans are paused by user. Checking again in 1 minute...
⏸️  Scans are paused by user. Checking again in 1 minute...
⏸️  Scans are paused by user. Checking again in 1 minute...
⏸️  Scans are paused by user. Checking again in 1 minute...
⏸️  Scans are paused by user. Checking again in 1 minute...
⏸️  Scans are paused by user. Checking again in 1 minute...
⏸️  Scans are paused by user. Checking again in 1 minute...
⏸️  Scans are paused by user. Checking again in 1 minute...
⏸️  Scans are paused by user. Checking again in 1 minute...
⏸️  Scans are paused by user. Checking again in 1 minute...
⏸️  Scans are paused by user. Checking again in 1 minute...
⏸️  Scans are paused by user. Checking again in 1 minute...
⏸️  Scans are paused by user. Checking again in 1 minute...
⏸️  Scans are paused by user. Checking again in 1 minute...
⏸️  Scans are paused by user. Checking again in 1 minute...
⏸️  Scans are paused by user. Checking again in 1 minute...
⏸️  Scans are paused by user. Checking again in 1 minute...
⏸️  Scans are paused by user. Checking again in 1 minute...
⏸️  Scans are paused by user. Checking again in 1 minute...
⏸️  Scans are paused by user. Checking again in 1 minute...
⏸️  Scans are paused by user. Checking again in 1 minute...
⏸️  Scans are paused by user. Checking again in 1 minute...
⏸️  Scans are paused by user. Checking again in 1 minute...
⏸️  Scans are paused by user. Checking again in 1 minute...
⏸️  Scans are paused by user. Checking again in 1 minute...
⏸️  Scans are paused by user. Checking again in 1 minute...
⏸️  Scans are paused by user. Checking again in 1 minute...
⏸️  Scans are paused by user. Checking again in 1 minute...
⏸️  Scans are paused by user. Checking again in 1 minute...
⏸️  Scans are paused by user. Checking again in 1 minute...
⏸️  Scans are paused by user. Checking again in 1 minute...
⏸️  Scans are paused by user. Checking again in 1 minute...
⏸️  Scans are paused by user. Checking again in 1 minute...
⏸️  Scans are paused by user. Checking again in 1 minute...
⏸️  Scans are paused by user. Checking again in 1 minute...
⏸️  Scans are paused by user. Checking again in 1 minute...
⏸️  Scans are paused by user. Checking again in 1 minute...
⏸️  Scans are paused by user. Checking again in 1 minute...
⏸️  Scans are paused by user. Checking again in 1 minute...
⏸️  Scans are paused by user. Checking again in 1 minute...
⏸️  Scans are paused by user. Checking again in 1 minute...
⏸️  Scans are paused by user. Checking again in 1 minute...
⏸️  Scans are paused by user. Checking again in 1 minute...
⏸️  Scans are paused by user. Checking again in 1 minute...
⏸️  Scans are paused by user. Checking again in 1 minute...
⏸️  Scans are paused by user. Checking again in 1 minute...
⏸️  Scans are paused by user. Checking again in 1 minute...
⏸️  Scans are paused by user. Checking again in 1 minute...
⏸️  Scans are paused by user. Checking again in 1 minute...
⏸️  Scans are paused by user. Checking again in 1 minute...
⏸️  Scans are paused by user. Checking again in 1 minute...
⏸️  Scans are paused by user. Checking again in 1 minute...
⏸️  Scans are paused by user. Checking again in 1 minute...
⏸️  Scans are paused by user. Checking again in 1 minute...
⏸️  Scans are paused by user. Checking again in 1 minute...
⏸️  Scans are paused by user. Checking again in 1 minute...
⏸️  Scans are paused by user. Checking again in 1 minute...
⏸️  Scans are paused by user. Checking again in 1 minute...
⏸️  Scans are paused by user. Checking again in 1 minute...
⏸️  Scans are paused by user. Checking again in 1 minute...
⏸️  Scans are paused by user. Checking again in 1 minute...
⏸️  Scans are paused by user. Checking again in 1 minute...
⏸️  Scans are paused by user. Checking again in 1 minute...
⏸️  Scans are paused by user. Checking again in 1 minute...
⏸️  Scans are paused by user. Checking again in 1 minute...
⏸️  Scans are paused by user. Checking again in 1 minute...
⏸️  Scans are paused by user. Checking again in 1 minute...
⏸️  Scans are paused by user. Checking again in 1 minute...
⏸️  Scans are paused by user. Checking again in 1 minute...
⏸️  Scans are paused by user. Checking again in 1 minute...
⏸️  Scans are paused by user. Checking again in 1 minute...
⏸️  Scans are paused by user. Checking again in 1 minute...
⏸️  Scans are paused by user. Checking again in 1 minute...
⏸️  Scans are paused by user. Checking again in 1 minute...
⏸️  Scans are paused by user. Checking again in 1 minute...
⏸️  Scans are paused by user. Checking again in 1 minute...
⏸️  Scans are paused by user. Checking again in 1 minute...
⏸️  Scans are paused by user. Checking again in 1 minute...
⏸️  Scans are paused by user. Checking again in 1 minute...
⏸️  Scans are paused by user. Checking again in 1 minute...
⏸️  Scans are paused by user. Checking again in 1 minute...
⏸️  Scans are paused by user. Checking again in 1 minute...
⏸️  Scans are paused by user. Checking again in 1 minute...
⏸️  Scans are paused by user. Checking again in 1 minute...
⏸️  Scans are paused by user. Checking again in 1 minute...
⏸️  Scans are paused by user. Checking again in 1 minute...
⏸️  Scans are paused by user. Checking again in 1 minute...
⏸️  Scans are paused by user. Checking again in 1 minute...
⏸️  Scans are paused by user. Checking again in 1 minute...
⏸️  Scans are paused by user. Checking again in 1 minute...
⏸️  Scans are paused by user. Checking again in 1 minute...
⏸️  Scans are paused by user. Checking again in 1 minute...
⏸️  Scans are paused by user. Checking again in 1 minute...
⏸️  Scans are paused by user. Checking again in 1 minute...
⏸️  Scans are paused by user. Checking again in 1 minute...
⏸️  Scans are paused by user. Checking again in 1 minute...
⏸️  Scans are paused by user. Checking again in 1 minute...
⏸️  Scans are paused by user. Checking again in 1 minute...
⏸️  Scans are paused by user. Checking again in 1 minute...
⏸️  Scans are paused by user. Checking again in 1 minute...
⏸️  Scans are paused by user. Checking again in 1 minute...
⏸️  Scans are paused by user. Checking again in 1 minute...
⏸️  Scans are paused by user. Checking again in 1 minute...
⏸️  Scans are paused by user. Checking again in 1 minute...
⏸️  Scans are paused by user. Checking again in 1 minute...
⏸️  Scans are paused by user. Checking again in 1 minute...
⏸️  Scans are paused by user. Checking again in 1 minute...
⏸️  Scans are paused by user. Checking again in 1 minute...
⏸️  Scans are paused by user. Checking again in 1 minute...
⏸️  Scans are paused by user. Checking again in 1 minute...
⏸️  Scans are paused by user. Checking again in 1 minute...
⏸️  Scans are paused by user. Checking again in 1 minute...
⏸️  Scans are paused by user. Checking again in 1 minute...
⏸️  Scans are paused by user. Checking again in 1 minute...
⏸️  Scans are paused by user. Checking again in 1 minute...
⏸️  Scans are paused by user. Checking again in 1 minute...
⏸️  Scans are paused by user. Checking again in 1 minute...
⏸️  Scans are paused by user. Checking again in 1 minute...
⏸️  Scans are paused by user. Checking again in 1 minute...
⏸️  Scans are paused by user. Checking again in 1 minute...
⏸️  Scans are paused by user. Checking again in 1 minute...
⏸️  Scans are paused by user. Checking again in 1 minute...
⏸️  Scans are paused by user. Checking again in 1 minute...
⏸️  Scans are paused by user. Checking again in 1 minute...
⏸️  Scans are paused by user. Checking again in 1 minute...
⏸️  Scans are paused by user. Checking again in 1 minute...
⏸️  Scans are paused by user. Checking again in 1 minute...
⏸️  Scans are paused by user. Checking again in 1 minute...
⏸️  Scans are paused by user. Checking again in 1 minute...
⏸️  Scans are paused by user. Checking again in 1 minute...
⏸️  Scans are paused by user. Checking again in 1 minute...
⏸️  Scans are paused by user. Checking again in 1 minute...
⏸️  Scans are paused by user. Checking again in 1 minute...
⏸️  Scans are paused by user. Checking again in 1 minute...
⏸️  Scans are paused by user. Checking again in 1 minute...
⏸️  Scans are paused by user. Checking again in 1 minute...
⏸️  Scans are paused by user. Checking again in 1 minute...
⏸️  Scans are paused by user. Checking again in 1 minute...
⏸️  Scans are paused by user. Checking again in 1 minute...
⏸️  Scans are paused by user. Checking again in 1 minute...
⏸️  Scans are paused by user. Checking again in 1 minute...
⏸️  Scans are paused by user. Checking again in 1 minute...
⏸️  Scans are paused by user. Checking again in 1 minute...
⏸️  Scans are paused by user. Checking again in 1 minute...
⏸️  Scans are paused by user. Checking again in 1 minute...
⏸️  Scans are paused by user. Checking again in 1 minute...
⏸️  Scans are paused by user. Checking again in 1 minute...
⏸️  Scans are paused by user. Checking again in 1 minute...
⏸️  Scans are paused by user. Checking again in 1 minute...
⏸️  Scans are paused by user. Checking again in 1 minute...
⏸️  Scans are paused by user. Checking again in 1 minute...
⏸️  Scans are paused by user. Checking again in 1 minute...
⏸️  Scans are paused by user. Checking again in 1 minute...
⏸️  Scans are paused by user. Checking again in 1 minute...
⏸️  Scans are paused by user. Checking again in 1 minute...
⏸️  Scans are paused by user. Checking again in 1 minute...
⏸️  Scans are paused by user. Checking again in 1 minute...
⏸️  Scans are paused by user. Checking again in 1 minute...
⏸️  Scans are paused by user. Checking again in 1 minute...
⏸️  Scans are paused by user. Checking again in 1 minute...
⏸️  Scans are paused by user. Checking again in 1 minute...
⏸️  Scans are paused by user. Checking again in 1 minute...
⏸️  Scans are paused by user. Checking again in 1 minute...
⏸️  Scans are paused by user. Checking again in 1 minute...
⏸️  Scans are paused by user. Checking again in 1 minute...
⏸️  Scans are paused by user. Checking again in 1 minute...
⏸️  Scans are paused by user. Checking again in 1 minute...
⏸️  Scans are paused by user. Checking again in 1 minute...
⏸️  Scans are paused by user. Checking again in 1 minute...
⏸️  Scans are paused by user. Checking again in 1 minute...
⏸️  Scans are paused by user. Checking again in 1 minute...
⏸️  Scans are paused by user. Checking again in 1 minute...
⏸️  Scans are paused by user. Checking again in 1 minute...
⏸️  Scans are paused by user. Checking again in 1 minute...
⏸️  Scans are paused by user. Checking again in 1 minute...
⏸️  Scans are paused by user. Checking again in 1 minute...
⏸️  Scans are paused by user. Checking again in 1 minute...
⏸️  Scans are paused by user. Checking again in 1 minute...
⏸️  Scans are paused by user. Checking again in 1 minute...
⏸️  Scans are paused by user. Checking again in 1 minute...
⏸️  Scans are paused by user. Checking again in 1 minute...
⏸️  Scans are paused by user. Checking again in 1 minute...
⏸️  Scans are paused by user. Checking again in 1 minute...
⏸️  Scans are paused by user. Checking again in 1 minute...
⏸️  Scans are paused by user. Checking again in 1 minute...
⏸️  Scans are paused by user. Checking again in 1 minute...
⏸️  Scans are paused by user. Checking again in 1 minute...
⏸️  Scans are paused by user. Checking again in 1 minute...
⏸️  Scans are paused by user. Checking again in 1 minute...
⏸️  Scans are paused by user. Checking again in 1 minute...
⏸️  Scans are paused by user. Checking again in 1 minute...
⏸️  Scans are paused by user. Checking again in 1 minute...
⏸️  Scans are paused by user. Checking again in 1 minute...
⏸️  Scans are paused by user. Checking again in 1 minute...
⏸️  Scans are paused by user. Checking again in 1 minute...
⏸️  Scans are paused by user. Checking again in 1 minute...
⏸️  Scans are paused by user. Checking again in 1 minute...
⏸️  Scans are paused by user. Checking again in 1 minute...
⏸️  Scans are paused by user. Checking again in 1 minute...
⏸️  Scans are paused by user. Checking again in 1 minute...
⏸️  Scans are paused by user. Checking again in 1 minute...
⏸️  Scans are paused by user. Checking again in 1 minute...
⏸️  Scans are paused by user. Checking again in 1 minute...
⏸️  Scans are paused by user. Checking again in 1 minute...
⏸️  Scans are paused by user. Checking again in 1 minute...
⏸️  Scans are paused by user. Checking again in 1 minute...
⏸️  Scans are paused by user. Checking again in 1 minute...
⏸️  Scans are paused by user. Checking again in 1 minute...
⏸️  Scans are paused by user. Checking again in 1 minute...
⏸️  Scans are paused by user. Checking again in 1 minute...
⏸️  Scans are paused by user. Checking again in 1 minute...
⏸️  Scans are paused by user. Checking again in 1 minute...
⏸️  Scans are paused by user. Checking again in 1 minute...
⏸️  Scans are paused by user. Checking again in 1 minute...
⏸️  Scans are paused by user. Checking again in 1 minute...
⏸️  Scans are paused by user. Checking again in 1 minute...
⏸️  Scans are paused by user. Checking again in 1 minute...
⏸️  Scans are paused by user. Checking again in 1 minute...
⏸️  Scans are paused by user. Checking again in 1 minute...
⏸️  Scans are paused by user. Checking again in 1 minute...
⏸️  Scans are paused by user. Checking again in 1 minute...
⏸️  Scans are paused by user. Checking again in 1 minute...
⏸️  Scans are paused by user. Checking again in 1 minute...
⏸️  Scans are paused by user. Checking again in 1 minute...
⏸️  Scans are paused by user. Checking again in 1 minute...
⏸️  Scans are paused by user. Checking again in 1 minute...
⏸️  Scans are paused by user. Checking again in 1 minute...
⏸️  Scans are paused by user. Checking again in 1 minute...
⏸️  Scans are paused by user. Checking again in 1 minute...
⏸️  Scans are paused by user. Checking again in 1 minute...
⏸️  Scans are paused by user. Checking again in 1 minute...
⏸️  Scans are paused by user. Checking again in 1 minute...
⏸️  Scans are paused by user. Checking again in 1 minute...
⏸️  Scans are paused by user. Checking again in 1 minute...
⏸️  Scans are paused by user. Checking again in 1 minute...
⏸️  Scans are paused by user. Checking again in 1 minute...
⏸️  Scans are paused by user. Checking again in 1 minute...
⏸️  Scans are paused by user. Checking again in 1 minute...
⏸️  Scans are paused by user. Checking again in 1 minute...
⏸️  Scans are paused by user. Checking again in 1 minute...
⏸️  Scans are paused by user. Checking again in 1 minute...
⏸️  Scans are paused by user. Checking again in 1 minute...
⏸️  Scans are paused by user. Checking again in 1 minute...
⏸️  Scans are paused by user. Checking again in 1 minute...
⏸️  Scans are paused by user. Checking again in 1 minute...
⏸️  Scans are paused by user. Checking again in 1 minute...
⏸️  Scans are paused by user. Checking again in 1 minute...
⏸️  Scans are paused by user. Checking again in 1 minute...
⏸️  Scans are paused by user. Checking again in 1 minute...
⏸️  Scans are paused by user. Checking again in 1 minute...
⏸️  Scans are paused by user. Checking again in 1 minute...
⏸️  Scans are paused by user. Checking again in 1 minute...
⏸️  Scans are paused by user. Checking again in 1 minute...
⏸️  Scans are paused by user. Checking again in 1 minute...
⏸️  Scans are paused by user. Checking again in 1 minute...
⏸️  Scans are paused by user. Checking again in 1 minute...
⏸️  Scans are paused by user. Checking again in 1 minute...
⏸️  Scans are paused by user. Checking again in 1 minute...
⏸️  Scans are paused by user. Checking again in 1 minute...
⏸️  Scans are paused by user. Checking again in 1 minute...
⏸️  Scans are paused by user. Checking again in 1 minute...
⏸️  Scans are paused by user. Checking again in 1 minute...
⏸️  Scans are paused by user. Checking again in 1 minute...
⏸️  Scans are paused by user. Checking again in 1 minute...
⏸️  Scans are paused by user. Checking again in 1 minute...
⏸️  Scans are paused by user. Checking again in 1 minute...
⏸️  Scans are paused by user. Checking again in 1 minute...
⏸️  Scans are paused by user. Checking again in 1 minute...
⏸️  Scans are paused by user. Checking again in 1 minute...
⏸️  Scans are paused by user. Checking again in 1 minute...
⏸️  Scans are paused by user. Checking again in 1 minute...
⏸️  Scans are paused by user. Checking again in 1 minute...
⏸️  Scans are paused by user. Checking again in 1 minute...
⏸️  Scans are paused by user. Checking again in 1 minute...
⏸️  Scans are paused by user. Checking again in 1 minute...
⏸️  Scans are paused by user. Checking again in 1 minute...
⏸️  Scans are paused by user. Checking again in 1 minute...
⏸️  Scans are paused by user. Checking again in 1 minute...
⏸️  Scans are paused by user. Checking again in 1 minute...
⏸️  Scans are paused by user. Checking again in 1 minute...
⏸️  Scans are paused by user. Checking again in 1 minute...
⏸️  Scans are paused by user. Checking again in 1 minute...
⏸️  Scans are paused by user. Checking again in 1 minute...
⏸️  Scans are paused by user. Checking again in 1 minute...
⏸️  Scans are paused by user. Checking again in 1 minute...
⏸️  Scans are paused by user. Checking again in 1 minute...
⏸️  Scans are paused by user. Checking again in 1 minute...
⏸️  Scans are paused by user. Checking again in 1 minute...
⏸️  Scans are paused by user. Checking again in 1 minute...
⏸️  Scans are paused by user. Checking again in 1 minute...
⏸️  Scans are paused by user. Checking again in 1 minute...
⏸️  Scans are paused by user. Checking again in 1 minute...
⏸️  Scans are paused by user. Checking again in 1 minute...
⏸️  Scans are paused by user. Checking again in 1 minute...
⏸️  Scans are paused by user. Checking again in 1 minute...
⏸️  Scans are paused by user. Checking again in 1 minute...
⏸️  Scans are paused by user. Checking again in 1 minute...
⏸️  Scans are paused by user. Checking again in 1 minute...
⏸️  Scans are paused by user. Checking again in 1 minute...
⏸️  Scans are paused by user. Checking again in 1 minute...
⏸️  Scans are paused by user. Checking again in 1 minute...
⏸️  Scans are paused by user. Checking again in 1 minute...
⏸️  Scans are paused by user. Checking again in 1 minute...
⏸️  Scans are paused by user. Checking again in 1 minute...
⏸️  Scans are paused by user. Checking again in 1 minute...
⏸️  Scans are paused by user. Checking again in 1 minute...
⏸️  Scans are paused by user. Checking again in 1 minute...
⏸️  Scans are paused by user. Checking again in 1 minute...
⏸️  Scans are paused by user. Checking again in 1 minute...
⏸️  Scans are paused by user. Checking again in 1 minute...
⏸️  Scans are paused by user. Checking again in 1 minute...
⏸️  Scans are paused by user. Checking again in 1 minute...
⏸️  Scans are paused by user. Checking again in 1 minute...
⏸️  Scans are paused by user. Checking again in 1 minute...
⏸️  Scans are paused by user. Checking again in 1 minute...
⏸️  Scans are paused by user. Checking again in 1 minute...
⏸️  Scans are paused by user. Checking again in 1 minute...
⏸️  Scans are paused by user. Checking again in 1 minute...
⏸️  Scans are paused by user. Checking again in 1 minute...
⏸️  Scans are paused by user. Checking again in 1 minute...
⏸️  Scans are paused by user. Checking again in 1 minute...
⏸️  Scans are paused by user. Checking again in 1 minute...
⏸️  Scans are paused by user. Checking again in 1 minute...
⏸️  Scans are paused by user. Checking again in 1 minute...
⏸️  Scans are paused by user. Checking again in 1 minute...
⏸️  Scans are paused by user. Checking again in 1 minute...
⏸️  Scans are paused by user. Checking again in 1 minute...
⏸️  Scans are paused by user. Checking again in 1 minute...
⏸️  Scans are paused by user. Checking again in 1 minute...
⏸️  Scans are paused by user. Checking again in 1 minute...
⏸️  Scans are paused by user. Checking again in 1 minute...
⏸️  Scans are paused by user. Checking again in 1 minute...
⏸️  Scans are paused by user. Checking again in 1 minute...
⏸️  Scans are paused by user. Checking again in 1 minute...
⏸️  Scans are paused by user. Checking again in 1 minute...
⏸️  Scans are paused by user. Checking again in 1 minute...
⏸️  Scans are paused by user. Checking again in 1 minute...
⏸️  Scans are paused by user. Checking again in 1 minute...
⏸️  Scans are paused by user. Checking again in 1 minute...
⏸️  Scans are paused by user. Checking again in 1 minute...
⏸️  Scans are paused by user. Checking again in 1 minute...
⏸️  Scans are paused by user. Checking again in 1 minute...
⏸️  Scans are paused by user. Checking again in 1 minute...
⏸️  Scans are paused by user. Checking again in 1 minute...
⏸️  Scans are paused by user. Checking again in 1 minute...
⏸️  Scans are paused by user. Checking again in 1 minute...
⏸️  Scans are paused by user. Checking again in 1 minute...
⏸️  Scans are paused by user. Checking again in 1 minute...
⏸️  Scans are paused by user. Checking again in 1 minute...
⏸️  Scans are paused by user. Checking again in 1 minute...
⏸️  Scans are paused by user. Checking again in 1 minute...
⏸️  Scans are paused by user. Checking again in 1 minute...
⏸️  Scans are paused by user. Checking again in 1 minute...
⏸️  Scans are paused by user. Checking again in 1 minute...
⏸️  Scans are paused by user. Checking again in 1 minute...
⏸️  Scans are paused by user. Checking again in 1 minute...
⏸️  Scans are paused by user. Checking again in 1 minute...
⏸️  Scans are paused by user. Checking again in 1 minute...
⏸️  Scans are paused by user. Checking again in 1 minute...
⏸️  Scans are paused by user. Checking again in 1 minute...
⏸️  Scans are paused by user. Checking again in 1 minute...
⏸️  Scans are paused by user. Checking again in 1 minute...
⏸️  Scans are paused by user. Checking again in 1 minute...
⏸️  Scans are paused by user. Checking again in 1 minute...
⏸️  Scans are paused by user. Checking again in 1 minute...
⏸️  Scans are paused by user. Checking again in 1 minute...
⏸️  Scans are paused by user. Checking again in 1 minute...
⏸️  Scans are paused by user. Checking again in 1 minute...
⏸️  Scans are paused by user. Checking again in 1 minute...
⏸️  Scans are paused by user. Checking again in 1 minute...
⏸️  Scans are paused by user. Checking again in 1 minute...
⏸️  Scans are paused by user. Checking again in 1 minute...
⏸️  Scans are paused by user. Checking again in 1 minute...
⏸️  Scans are paused by user. Checking again in 1 minute...
⏸️  Scans are paused by user. Checking again in 1 minute...
⏸️  Scans are paused by user. Checking again in 1 minute...
⏸️  Scans are paused by user. Checking again in 1 minute...
⏸️  Scans are paused by user. Checking again in 1 minute...
⏸️  Scans are paused by user. Checking again in 1 minute...
⏸️  Scans are paused by user. Checking again in 1 minute...
⏸️  Scans are paused by user. Checking again in 1 minute...
⏸️  Scans are paused by user. Checking again in 1 minute...
⏸️  Scans are paused by user. Checking again in 1 minute...
⏸️  Scans are paused by user. Checking again in 1 minute...
⏸️  Scans are paused by user. Checking again in 1 minute...
⏸️  Scans are paused by user. Checking again in 1 minute...
⏸️  Scans are paused by user. Checking again in 1 minute...
⏸️  Scans are paused by user. Checking again in 1 minute...
⏸️  Scans are paused by user. Checking again in 1 minute...
⏸️  Scans are paused by user. Checking again in 1 minute...
⏸️  Scans are paused by user. Checking again in 1 minute...
⏸️  Scans are paused by user. Checking again in 1 minute...
⏸️  Scans are paused by user. Checking again in 1 minute...
⏸️  Scans are paused by user. Checking again in 1 minute...
⏸️  Scans are paused by user. Checking again in 1 minute...
⏸️  Scans are paused by user. Checking again in 1 minute...
⏸️  Scans are paused by user. Checking again in 1 minute...
⏸️  Scans are paused by user. Checking again in 1 minute...
⏸️  Scans are paused by user. Checking again in 1 minute...
⏸️  Scans are paused by user. Checking again in 1 minute...
⏸️  Scans are paused by user. Checking again in 1 minute...
⏸️  Scans are paused by user. Checking again in 1 minute...
⏸️  Scans are paused by user. Checking again in 1 minute...
⏸️  Scans are paused by user. Checking again in 1 minute...
⏸️  Scans are paused by user. Checking again in 1 minute...
⏸️  Scans are paused by user. Checking again in 1 minute...
⏸️  Scans are paused by user. Checking again in 1 minute...
⏸️  Scans are paused by user. Checking again in 1 minute...
⏸️  Scans are paused by user. Checking again in 1 minute...
⏸️  Scans are paused by user. Checking again in 1 minute...
⏸️  Scans are paused by user. Checking again in 1 minute...
⏸️  Scans are paused by user. Checking again in 1 minute...
⏸️  Scans are paused by user. Checking again in 1 minute...
⏸️  Scans are paused by user. Checking again in 1 minute...
⏸️  Scans are paused by user. Checking again in 1 minute...
⏸️  Scans are paused by user. Checking again in 1 minute...
⏸️  Scans are paused by user. Checking again in 1 minute...
⏸️  Scans are paused by user. Checking again in 1 minute...
⏸️  Scans are paused by user. Checking again in 1 minute...
⏸️  Scans are paused by user. Checking again in 1 minute...
⏸️  Scans are paused by user. Checking again in 1 minute...
⏸️  Scans are paused by user. Checking again in 1 minute...
⏸️  Scans are paused by user. Checking again in 1 minute...
⏸️  Scans are paused by user. Checking again in 1 minute...
⏸️  Scans are paused by user. Checking again in 1 minute...
⏸️  Scans are paused by user. Checking again in 1 minute...
⏸️  Scans are paused by user. Checking again in 1 minute...
⏸️  Scans are paused by user. Checking again in 1 minute...
⏸️  Scans are paused by user. Checking again in 1 minute...
⏸️  Scans are paused by user. Checking again in 1 minute...
⏸️  Scans are paused by user. Checking again in 1 minute...
⏸️  Scans are paused by user. Checking again in 1 minute...
⏸️  Scans are paused by user. Checking again in 1 minute...
⏸️  Scans are paused by user. Checking again in 1 minute...
⏸️  Scans are paused by user. Checking again in 1 minute...
⏸️  Scans are paused by user. Checking again in 1 minute...
⏸️  Scans are paused by user. Checking again in 1 minute...
⏸️  Scans are paused by user. Checking again in 1 minute...
⏸️  Scans are paused by user. Checking again in 1 minute...
⏸️  Scans are paused by user. Checking again in 1 minute...
⏸️  Scans are paused by user. Checking again in 1 minute...
⏸️  Scans are paused by user. Checking again in 1 minute...
⏸️  Scans are paused by user. Checking again in 1 minute...
⏸️  Scans are paused by user. Checking again in 1 minute...
⏸️  Scans are paused by user. Checking again in 1 minute...
⏸️  Scans are paused by user. Checking again in 1 minute...
⏸️  Scans are paused by user. Checking again in 1 minute...
⏸️  Scans are paused by user. Checking again in 1 minute...
⏸️  Scans are paused by user. Checking again in 1 minute...
⏸️  Scans are paused by user. Checking again in 1 minute...
⏸️  Scans are paused by user. Checking again in 1 minute...
⏸️  Scans are paused by user. Checking again in 1 minute...
⏸️  Scans are paused by user. Checking again in 1 minute...
⏸️  Scans are paused by user. Checking again in 1 minute...
⏸️  Scans are paused by user. Checking again in 1 minute...
⏸️  Scans are paused by user. Checking again in 1 minute...
⏸️  Scans are paused by user. Checking again in 1 minute...
⏸️  Scans are paused by user. Checking again in 1 minute...
⏸️  Scans are paused by user. Checking again in 1 minute...
⏸️  Scans are paused by user. Checking again in 1 minute...
⏸️  Scans are paused by user. Checking again in 1 minute...
⏸️  Scans are paused by user. Checking again in 1 minute...
⏸️  Scans are paused by user. Checking again in 1 minute...
⏸️  Scans are paused by user. Checking again in 1 minute...
⏸️  Scans are paused by user. Checking again in 1 minute...
⏸️  Scans are paused by user. Checking again in 1 minute...
⏸️  Scans are paused by user. Checking again in 1 minute...
⏸️  Scans are paused by user. Checking again in 1 minute...
⏸️  Scans are paused by user. Checking again in 1 minute...
⏸️  Scans are paused by user. Checking again in 1 minute...
⏸️  Scans are paused by user. Checking again in 1 minute...
⏸️  Scans are paused by user. Checking again in 1 minute...
⏸️  Scans are paused by user. Checking again in 1 minute...
⏸️  Scans are paused by user. Checking again in 1 minute...
⏸️  Scans are paused by user. Checking again in 1 minute...
⏸️  Scans are paused by user. Checking again in 1 minute...
⏸️  Scans are paused by user. Checking again in 1 minute...
⏸️  Scans are paused by user. Checking again in 1 minute...
⏸️  Scans are paused by user. Checking again in 1 minute...
⏸️  Scans are paused by user. Checking again in 1 minute...
⏸️  Scans are paused by user. Checking again in 1 minute...
⏸️  Scans are paused by user. Checking again in 1 minute...
⏸️  Scans are paused by user. Checking again in 1 minute...
⏸️  Scans are paused by user. Checking again in 1 minute...
⏸️  Scans are paused by user. Checking again in 1 minute...
⏸️  Scans are paused by user. Checking again in 1 minute...
⏸️  Scans are paused by user. Checking again in 1 minute...
⏸️  Scans are paused by user. Checking again in 1 minute...
⏸️  Scans are paused by user. Checking again in 1 minute...
⏸️  Scans are paused by user. Checking again in 1 minute...
⏸️  Scans are paused by user. Checking again in 1 minute...
⏸️  Scans are paused by user. Checking again in 1 minute...
⏸️  Scans are paused by user. Checking again in 1 minute...
⏸️  Scans are paused by user. Checking again in 1 minute...
⏸️  Scans are paused by user. Checking again in 1 minute...
⏸️  Scans are paused by user. Checking again in 1 minute...
⏸️  Scans are paused by user. Checking again in 1 minute...
⏸️  Scans are paused by user. Checking again in 1 minute...
⏸️  Scans are paused by user. Checking again in 1 minute...
⏸️  Scans are paused by user. Checking again in 1 minute...
⏸️  Scans are paused by user. Checking again in 1 minute...
⏸️  Scans are paused by user. Checking again in 1 minute...
⏸️  Scans are paused by user. Checking again in 1 minute...
⏸️  Scans are paused by user. Checking again in 1 minute...
⏸️  Scans are paused by user. Checking again in 1 minute...
⏸️  Scans are paused by user. Checking again in 1 minute...
⏸️  Scans are paused by user. Checking again in 1 minute...
⏸️  Scans are paused by user. Checking again in 1 minute...
⏸️  Scans are paused by user. Checking again in 1 minute...
⏸️  Scans are paused by user. Checking again in 1 minute...
⏸️  Scans are paused by user. Checking again in 1 minute...
⏸️  Scans are paused by user. Checking again in 1 minute...
⏸️  Scans are paused by user. Checking again in 1 minute...
⏸️  Scans are paused by user. Checking again in 1 minute...
⏸️  Scans are paused by user. Checking again in 1 minute...
⏸️  Scans are paused by user. Checking again in 1 minute...
⏸️  Scans are paused by user. Checking again in 1 minute...
⏸️  Scans are paused by user. Checking again in 1 minute...
⏸️  Scans are paused by user. Checking again in 1 minute...
⏸️  Scans are paused by user. Checking again in 1 minute...
⏸️  Scans are paused by user. Checking again in 1 minute...
⏸️  Scans are paused by user. Checking again in 1 minute...
⏸️  Scans are paused by user. Checking again in 1 minute...
⏸️  Scans are paused by user. Checking again in 1 minute...
⏸️  Scans are paused by user. Checking again in 1 minute...
⏸️  Scans are paused by user. Checking again in 1 minute...
⏸️  Scans are paused by user. Checking again in 1 minute...
⏸️  Scans are paused by user. Checking again in 1 minute...
⏸️  Scans are paused by user. Checking again in 1 minute...
⏸️  Scans are paused by user. Checking again in 1 minute...
⏸️  Scans are paused by user. Checking again in 1 minute...
⏸️  Scans are paused by user. Checking again in 1 minute...
⏸️  Scans are paused by user. Checking again in 1 minute...
⏸️  Scans are paused by user. Checking again in 1 minute...
⏸️  Scans are paused by user. Checking again in 1 minute...
⏸️  Scans are paused by user. Checking again in 1 minute...
⏸️  Scans are paused by user. Checking again in 1 minute...
⏸️  Scans are paused by user. Checking again in 1 minute...
⏸️  Scans are paused by user. Checking again in 1 minute...
⏸️  Scans are paused by user. Checking again in 1 minute...
⏸️  Scans are paused by user. Checking again in 1 minute...
⏸️  Scans are paused by user. Checking again in 1 minute...
⏸️  Scans are paused by user. Checking again in 1 minute...
⏸️  Scans are paused by user. Checking again in 1 minute...
⏸️  Scans are paused by user. Checking again in 1 minute...
⏸️  Scans are paused by user. Checking again in 1 minute...
⏸️  Scans are paused by user. Checking again in 1 minute...
⏸️  Scans are paused by user. Checking again in 1 minute...
⏸️  Scans are paused by user. Checking again in 1 minute...
⏸️  Scans are paused by user. Checking again in 1 minute...
⏸️  Scans are paused by user. Checking again in 1 minute...
⏸️  Scans are paused by user. Checking again in 1 minute...
⏸️  Scans are paused by user. Checking again in 1 minute...
⏸️  Scans are paused by user. Checking again in 1 minute...
⏸️  Scans are paused by user. Checking again in 1 minute...
⏸️  Scans are paused by user. Checking again in 1 minute...
⏸️  Scans are paused by user. Checking again in 1 minute...
⏸️  Scans are paused by user. Checking again in 1 minute...
⏸️  Scans are paused by user. Checking again in 1 minute...
⏸️  Scans are paused by user. Checking again in 1 minute...
⏸️  Scans are paused by user. Checking again in 1 minute...
⏸️  Scans are paused by user. Checking again in 1 minute...
⏸️  Scans are paused by user. Checking again in 1 minute...
⏸️  Scans are paused by user. Checking again in 1 minute...
⏸️  Scans are paused by user. Checking again in 1 minute...
⏸️  Scans are paused by user. Checking again in 1 minute...
⏸️  Scans are paused by user. Checking again in 1 minute...
⏸️  Scans are paused by user. Checking again in 1 minute...
⏸️  Scans are paused by user. Checking again in 1 minute...
⏸️  Scans are paused by user. Checking again in 1 minute...
⏸️  Scans are paused by user. Checking again in 1 minute...
⏸️  Scans are paused by user. Checking again in 1 minute...
⏸️  Scans are paused by user. Checking again in 1 minute...
⏸️  Scans are paused by user. Checking again in 1 minute...
⏸️  Scans are paused by user. Checking again in 1 minute...
⏸️  Scans are paused by user. Checking again in 1 minute...
⏸️  Scans are paused by user. Checking again in 1 minute...
⏸️  Scans are paused by user. Checking again in 1 minute...
⏸️  Scans are paused by user. Checking again in 1 minute...
⏸️  Scans are paused by user. Checking again in 1 minute...
⏸️  Scans are paused by user. Checking again in 1 minute...
⏸️  Scans are paused by user. Checking again in 1 minute...
⏸️  Scans are paused by user. Checking again in 1 minute...
⏸️  Scans are paused by user. Checking again in 1 minute...
⏸️  Scans are paused by user. Checking again in 1 minute...
⏸️  Scans are paused by user. Checking again in 1 minute...
⏸️  Scans are paused by user. Checking again in 1 minute...
⏸️  Scans are paused by user. Checking again in 1 minute...
⏸️  Scans are paused by user. Checking again in 1 minute...
⏸️  Scans are paused by user. Checking again in 1 minute...
⏸️  Scans are paused by user. Checking again in 1 minute...
⏸️  Scans are paused by user. Checking again in 1 minute...
⏸️  Scans are paused by user. Checking again in 1 minute...
⏸️  Scans are paused by user. Checking again in 1 minute...
⏸️  Scans are paused by user. Checking again in 1 minute...
⏸️  Scans are paused by user. Checking again in 1 minute...
⏸️  Scans are paused by user. Checking again in 1 minute...
⏸️  Scans are paused by user. Checking again in 1 minute...
⏸️  Scans are paused by user. Checking again in 1 minute...
⏸️  Scans are paused by user. Checking again in 1 minute...
⏸️  Scans are paused by user. Checking again in 1 minute...
⏸️  Scans are paused by user. Checking again in 1 minute...
⏸️  Scans are paused by user. Checking again in 1 minute...
⏸️  Scans are paused by user. Checking again in 1 minute...
⏸️  Scans are paused by user. Checking again in 1 minute...
⏸️  Scans are paused by user. Checking again in 1 minute...
⏸️  Scans are paused by user. Checking again in 1 minute...
⏸️  Scans are paused by user. Checking again in 1 minute...
⏸️  Scans are paused by user. Checking again in 1 minute...
⏸️  Scans are paused by user. Checking again in 1 minute...
⏸️  Scans are paused by user. Checking again in 1 minute...
⏸️  Scans are paused by user. Checking again in 1 minute...
⏸️  Scans are paused by user. Checking again in 1 minute...
⏸️  Scans are paused by user. Checking again in 1 minute...
⏸️  Scans are paused by user. Checking again in 1 minute...
⏸️  Scans are paused by user. Checking again in 1 minute...
⏸️  Scans are paused by user. Checking again in 1 minute...
⏸️  Scans are paused by user. Checking again in 1 minute...
⏸️  Scans are paused by user. Checking again in 1 minute...
⏸️  Scans are paused by user. Checking again in 1 minute...
⏸️  Scans are paused by user. Checking again in 1 minute...
⏸️  Scans are paused by user. Checking again in 1 minute...
⏸️  Scans are paused by user. Checking again in 1 minute...
⏸️  Scans are paused by user. Checking again in 1 minute...
⏸️  Scans are paused by user. Checking again in 1 minute...
⏸️  Scans are paused by user. Checking again in 1 minute...
⏸️  Scans are paused by user. Checking again in 1 minute...
⏸️  Scans are paused by user. Checking again in 1 minute...
⏸️  Scans are paused by user. Checking again in 1 minute...
⏸️  Scans are paused by user. Checking again in 1 minute...
⏸️  Scans are paused by user. Checking again in 1 minute...
⏸️  Scans are paused by user. Checking again in 1 minute...
⏸️  Scans are paused by user. Checking again in 1 minute...
⏸️  Scans are paused by user. Checking again in 1 minute...
⏸️  Scans are paused by user. Checking again in 1 minute...
⏸️  Scans are paused by user. Checking again in 1 minute...
⏸️  Scans are paused by user. Checking again in 1 minute...
⏸️  Scans are paused by user. Checking again in 1 minute...
⏸️  Scans are paused by user. Checking again in 1 minute...
⏸️  Scans are paused by user. Checking again in 1 minute...
⏸️  Scans are paused by user. Checking again in 1 minute...
⏸️  Scans are paused by user. Checking again in 1 minute...
⏸️  Scans are paused by user. Checking again in 1 minute...
⏸️  Scans are paused by user. Checking again in 1 minute...
⏸️  Scans are paused by user. Checking again in 1 minute...
⏸️  Scans are paused by user. Checking again in 1 minute...
⏸️  Scans are paused by user. Checking again in 1 minute...
⏸️  Scans are paused by user. Checking again in 1 minute...
⏸️  Scans are paused by user. Checking again in 1 minute...
⏸️  Scans are paused by user. Checking again in 1 minute...
⏸️  Scans are paused by user. Checking again in 1 minute...
⏸️  Scans are paused by user. Checking again in 1 minute...
⏸️  Scans are paused by user. Checking again in 1 minute...
⏸️  Scans are paused by user. Checking again in 1 minute...
⏸️  Scans are paused by user. Checking again in 1 minute...
⏸️  Scans are paused by user. Checking again in 1 minute...
⏸️  Scans are paused by user. Checking again in 1 minute...
⏸️  Scans are paused by user. Checking again in 1 minute...
⏸️  Scans are paused by user. Checking again in 1 minute...
⏸️  Scans are paused by user. Checking again in 1 minute...
⏸️  Scans are paused by user. Checking again in 1 minute...
⏸️  Scans are paused by user. Checking again in 1 minute...
⏸️  Scans are paused by user. Checking again in 1 minute...
⏸️  Scans are paused by user. Checking again in 1 minute...
⏸️  Scans are paused by user. Checking again in 1 minute...
⏸️  Scans are paused by user. Checking again in 1 minute...
⏸️  Scans are paused by user. Checking again in 1 minute...
⏸️  Scans are paused by user. Checking again in 1 minute...
⏸️  Scans are paused by user. Checking again in 1 minute...
⏸️  Scans are paused by user. Checking again in 1 minute...
⏸️  Scans are paused by user. Checking again in 1 minute...
⏸️  Scans are paused by user. Checking again in 1 minute...
⏸️  Scans are paused by user. Checking again in 1 minute...
⏸️  Scans are paused by user. Checking again in 1 minute...
⏸️  Scans are paused by user. Checking again in 1 minute...
⏸️  Scans are paused by user. Checking again in 1 minute...
⏸️  Scans are paused by user. Checking again in 1 minute...
⏸️  Scans are paused by user. Checking again in 1 minute...
⏸️  Scans are paused by user. Checking again in 1 minute...
⏸️  Scans are paused by user. Checking again in 1 minute...
⏸️  Scans are paused by user. Checking again in 1 minute...
⏸️  Scans are paused by user. Checking again in 1 minute...
⏸️  Scans are paused by user. Checking again in 1 minute...
⏸️  Scans are paused by user. Checking again in 1 minute...
⏸️  Scans are paused by user. Checking again in 1 minute...
⏸️  Scans are paused by user. Checking again in 1 minute...
⏸️  Scans are paused by user. Checking again in 1 minute...
⏸️  Scans are paused by user. Checking again in 1 minute...
⏸️  Scans are paused by user. Checking again in 1 minute...
⏸️  Scans are paused by user. Checking again in 1 minute...
⏸️  Scans are paused by user. Checking again in 1 minute...
⏸️  Scans are paused by user. Checking again in 1 minute...
⏸️  Scans are paused by user. Checking again in 1 minute...
⏸️  Scans are paused by user. Checking again in 1 minute...
⏸️  Scans are paused by user. Checking again in 1 minute...
⏸️  Scans are paused by user. Checking again in 1 minute...
⏸️  Scans are paused by user. Checking again in 1 minute...
⏸️  Scans are paused by user. Checking again in 1 minute...
⏸️  Scans are paused by user. Checking again in 1 minute...
⏸️  Scans are paused by user. Checking again in 1 minute...
⏸️  Scans are paused by user. Checking again in 1 minute...
⏸️  Scans are paused by user. Checking again in 1 minute...
⏸️  Scans are paused by user. Checking again in 1 minute...
⏸️  Scans are paused by user. Checking again in 1 minute...
⏸️  Scans are paused by user. Checking again in 1 minute...
⏸️  Scans are paused by user. Checking again in 1 minute...
⏸️  Scans are paused by user. Checking again in 1 minute...
⏸️  Scans are paused by user. Checking again in 1 minute...
⏸️  Scans are paused by user. Checking again in 1 minute...
⏸️  Scans are paused by user. Checking again in 1 minute...
⏸️  Scans are paused by user. Checking again in 1 minute...
⏸️  Scans are paused by user. Checking again in 1 minute...
⏸️  Scans are paused by user. Checking again in 1 minute...
⏸️  Scans are paused by user. Checking again in 1 minute...
⏸️  Scans are paused by user. Checking again in 1 minute...
⏸️  Scans are paused by user. Checking again in 1 minute...
⏸️  Scans are paused by user. Checking again in 1 minute...
⏸️  Scans are paused by user. Checking again in 1 minute...
⏸️  Scans are paused by user. Checking again in 1 minute...
⏸️  Scans are paused by user. Checking again in 1 minute...
⏸️  Scans are paused by user. Checking again in 1 minute...
⏸️  Scans are paused by user. Checking again in 1 minute...
⏸️  Scans are paused by user. Checking again in 1 minute...
⏸️  Scans are paused by user. Checking again in 1 minute...
⏸️  Scans are paused by user. Checking again in 1 minute...
⏸️  Scans are paused by user. Checking again in 1 minute...
⏸️  Scans are paused by user. Checking again in 1 minute...
⏸️  Scans are paused by user. Checking again in 1 minute...
⏸️  Scans are paused by user. Checking again in 1 minute...
⏸️  Scans are paused by user. Checking again in 1 minute...
⏸️  Scans are paused by user. Checking again in 1 minute...
⏸️  Scans are paused by user. Checking again in 1 minute...
⏸️  Scans are paused by user. Checking again in 1 minute...
⏸️  Scans are paused by user. Checking again in 1 minute...
⏸️  Scans are paused by user. Checking again in 1 minute...
⏸️  Scans are paused by user. Checking again in 1 minute...
⏸️  Scans are paused by user. Checking again in 1 minute...
⏸️  Scans are paused by user. Checking again in 1 minute...
⏸️  Scans are paused by user. Checking again in 1 minute...
⏸️  Scans are paused by user. Checking again in 1 minute...
⏸️  Scans are paused by user. Checking again in 1 minute...
⏸️  Scans are paused by user. Checking again in 1 minute...
⏸️  Scans are paused by user. Checking again in 1 minute...
⏸️  Scans are paused by user. Checking again in 1 minute...
⏸️  Scans are paused by user. Checking again in 1 minute...
⏸️  Scans are paused by user. Checking again in 1 minute...
⏸️  Scans are paused by user. Checking again in 1 minute...
⏸️  Scans are paused by user. Checking again in 1 minute...
⏸️  Scans are paused by user. Checking again in 1 minute...
⏸️  Scans are paused by user. Checking again in 1 minute...
⏸️  Scans are paused by user. Checking again in 1 minute...
⏸️  Scans are paused by user. Checking again in 1 minute...
⏸️  Scans are paused by user. Checking again in 1 minute...
⏸️  Scans are paused by user. Checking again in 1 minute...
⏸️  Scans are paused by user. Checking again in 1 minute...
⏸️  Scans are paused by user. Checking again in 1 minute...
⏸️  Scans are paused by user. Checking again in 1 minute...
⏸️  Scans are paused by user. Checking again in 1 minute...
⏸️  Scans are paused by user. Checking again in 1 minute...
⏸️  Scans are paused by user. Checking again in 1 minute...
⏸️  Scans are paused by user. Checking again in 1 minute...
⏸️  Scans are paused by user. Checking again in 1 minute...
⏸️  Scans are paused by user. Checking again in 1 minute...
⏸️  Scans are paused by user. Checking again in 1 minute...
⏸️  Scans are paused by user. Checking again in 1 minute...
⏸️  Scans are paused by user. Checking again in 1 minute...
⏸️  Scans are paused by user. Checking again in 1 minute...
⏸️  Scans are paused by user. Checking again in 1 minute...
⏸️  Scans are paused by user. Checking again in 1 minute...
⏸️  Scans are paused by user. Checking again in 1 minute...
⏸️  Scans are paused by user. Checking again in 1 minute...
⏸️  Scans are paused by user. Checking again in 1 minute...
⏸️  Scans are paused by user. Checking again in 1 minute...
⏸️  Scans are paused by user. Checking again in 1 minute...
⏸️  Scans are paused by user. Checking again in 1 minute...
⏸️  Scans are paused by user. Checking again in 1 minute...
⏸️  Scans are paused by user. Checking again in 1 minute...
⏸️  Scans are paused by user. Checking again in 1 minute...
⏸️  Scans are paused by user. Checking again in 1 minute...
⏸️  Scans are paused by user. Checking again in 1 minute...
⏸️  Scans are paused by user. Checking again in 1 minute...
⏸️  Scans are paused by user. Checking again in 1 minute...
⏸️  Scans are paused by user. Checking again in 1 minute...
⏸️  Scans are paused by user. Checking again in 1 minute...
⏸️  Scans are paused by user. Checking again in 1 minute...
⏸️  Scans are paused by user. Checking again in 1 minute...
⏸️  Scans are paused by user. Checking again in 1 minute...
⏸️  Scans are paused by user. Checking again in 1 minute...
⏸️  Scans are paused by user. Checking again in 1 minute...
⏸️  Scans are paused by user. Checking again in 1 minute...
⏸️  Scans are paused by user. Checking again in 1 minute...
⏸️  Scans are paused by user. Checking again in 1 minute...
⏸️  Scans are paused by user. Checking again in 1 minute...
⏸️  Scans are paused by user. Checking again in 1 minute...
⏸️  Scans are paused by user. Checking again in 1 minute...
⏸️  Scans are paused by user. Checking again in 1 minute...
⏸️  Scans are paused by user. Checking again in 1 minute...
⏸️  Scans are paused by user. Checking again in 1 minute...
⏸️  Scans are paused by user. Checking again in 1 minute...
⏸️  Scans are paused by user. Checking again in 1 minute...
⏸️  Scans are paused by user. Checking again in 1 minute...
⏸️  Scans are paused by user. Checking again in 1 minute...
⏸️  Scans are paused by user. Checking again in 1 minute...
⏸️  Scans are paused by user. Checking again in 1 minute...
⏸️  Scans are paused by user. Checking again in 1 minute...
⏸️  Scans are paused by user. Checking again in 1 minute...
⏸️  Scans are paused by user. Checking again in 1 minute...
⏸️  Scans are paused by user. Checking again in 1 minute...
⏸️  Scans are paused by user. Checking again in 1 minute...
⏸️  Scans are paused by user. Checking again in 1 minute...
⏸️  Scans are paused by user. Checking again in 1 minute...
⏸️  Scans are paused by user. Checking again in 1 minute...
⏸️  Scans are paused by user. Checking again in 1 minute...
⏸️  Scans are paused by user. Checking again in 1 minute...
⏸️  Scans are paused by user. Checking again in 1 minute...
⏸️  Scans are paused by user. Checking again in 1 minute...
⏸️  Scans are paused by user. Checking again in 1 minute...
⏸️  Scans are paused by user. Checking again in 1 minute...
⏸️  Scans are paused by user. Checking again in 1 minute...
⏸️  Scans are paused by user. Checking again in 1 minute...
⏸️  Scans are paused by user. Checking again in 1 minute...
⏸️  Scans are paused by user. Checking again in 1 minute...
⏸️  Scans are paused by user. Checking again in 1 minute...
⏸️  Scans are paused by user. Checking again in 1 minute...
⏸️  Scans are paused by user. Checking again in 1 minute...
⏸️  Scans are paused by user. Checking again in 1 minute...
⏸️  Scans are paused by user. Checking again in 1 minute...
⏸️  Scans are paused by user. Checking again in 1 minute...
⏸️  Scans are paused by user. Checking again in 1 minute...
⏸️  Scans are paused by user. Checking again in 1 minute...
⏸️  Scans are paused by user. Checking again in 1 minute...
⏸️  Scans are paused by user. Checking again in 1 minute...
⏸️  Scans are paused by user. Checking again in 1 minute...
⏸️  Scans are paused by user. Checking again in 1 minute...
⏸️  Scans are paused by user. Checking again in 1 minute...
⏸️  Scans are paused by user. Checking again in 1 minute...
⏸️  Scans are paused by user. Checking again in 1 minute...
⏸️  Scans are paused by user. Checking again in 1 minute...
⏸️  Scans are paused by user. Checking again in 1 minute...
⏸️  Scans are paused by user. Checking again in 1 minute...
⏸️  Scans are paused by user. Checking again in 1 minute...
⏸️  Scans are paused by user. Checking again in 1 minute...
⏸️  Scans are paused by user. Checking again in 1 minute...
⏸️  Scans are paused by user. Checking again in 1 minute...
⏸️  Scans are paused by user. Checking again in 1 minute...
⏸️  Scans are paused by user. Checking again in 1 minute...
⏸️  Scans are paused by user. Checking again in 1 minute...
⏸️  Scans are paused by user. Checking again in 1 minute...
⏸️  Scans are paused by user. Checking again in 1 minute...
⏸️  Scans are paused by user. Checking again in 1 minute...
⏸️  Scans are paused by user. Checking again in 1 minute...
⏸️  Scans are paused by user. Checking again in 1 minute...
⏸️  Scans are paused by user. Checking again in 1 minute...
⏸️  Scans are paused by user. Checking again in 1 minute...
⏸️  Scans are paused by user. Checking again in 1 minute...
⏸️  Scans are paused by user. Checking again in 1 minute...
⏸️  Scans are paused by user. Checking again in 1 minute...
⏸️  Scans are paused by user. Checking again in 1 minute...
⏸️  Scans are paused by user. Checking again in 1 minute...
⏸️  Scans are paused by user. Checking again in 1 minute...
⏸️  Scans are paused by user. Checking again in 1 minute...
⏸️  Scans are paused by user. Checking again in 1 minute...
⏸️  Scans are paused by user. Checking again in 1 minute...
⏸️  Scans are paused by user. Checking again in 1 minute...
⏸️  Scans are paused by user. Checking again in 1 minute...
⏸️  Scans are paused by user. Checking again in 1 minute...
⏸️  Scans are paused by user. Checking again in 1 minute...
⏸️  Scans are paused by user. Checking again in 1 minute...
⏸️  Scans are paused by user. Checking again in 1 minute...
⏸️  Scans are paused by user. Checking again in 1 minute...
⏸️  Scans are paused by user. Checking again in 1 minute...
⏸️  Scans are paused by user. Checking again in 1 minute...
⏸️  Scans are paused by user. Checking again in 1 minute...
⏸️  Scans are paused by user. Checking again in 1 minute...
⏸️  Scans are paused by user. Checking again in 1 minute...
⏸️  Scans are paused by user. Checking again in 1 minute...
⏸️  Scans are paused by user. Checking again in 1 minute...
⏸️  Scans are paused by user. Checking again in 1 minute...
⏸️  Scans are paused by user. Checking again in 1 minute...
⏸️  Scans are paused by user. Checking again in 1 minute...
⏸️  Scans are paused by user. Checking again in 1 minute...
⏸️  Scans are paused by user. Checking again in 1 minute...
⏸️  Scans are paused by user. Checking again in 1 minute...
⏸️  Scans are paused by user. Checking again in 1 minute...
⏸️  Scans are paused by user. Checking again in 1 minute...
⏸️  Scans are paused by user. Checking again in 1 minute...
⏸️  Scans are paused by user. Checking again in 1 minute...
⏸️  Scans are paused by user. Checking again in 1 minute...
⏸️  Scans are paused by user. Checking again in 1 minute...
⏸️  Scans are paused by user. Checking again in 1 minute...
⏸️  Scans are paused by user. Checking again in 1 minute...
⏸️  Scans are paused by user. Checking again in 1 minute...
⏸️  Scans are paused by user. Checking again in 1 minute...
⏸️  Scans are paused by user. Checking again in 1 minute...
⏸️  Scans are paused by user. Checking again in 1 minute...
⏸️  Scans are paused by user. Checking again in 1 minute...
⏸️  Scans are paused by user. Checking again in 1 minute...
⏸️  Scans are paused by user. Checking again in 1 minute...
⏸️  Scans are paused by user. Checking again in 1 minute...
⏸️  Scans are paused by user. Checking again in 1 minute...
⏸️  Scans are paused by user. Checking again in 1 minute...
⏸️  Scans are paused by user. Checking again in 1 minute...
⏸️  Scans are paused by user. Checking again in 1 minute...
⏸️  Scans are paused by user. Checking again in 1 minute...
⏸️  Scans are paused by user. Checking again in 1 minute...
⏸️  Scans are paused by user. Checking again in 1 minute...
⏸️  Scans are paused by user. Checking again in 1 minute...
⏸️  Scans are paused by user. Checking again in 1 minute...
⏸️  Scans are paused by user. Checking again in 1 minute...
⏸️  Scans are paused by user. Checking again in 1 minute...
⏸️  Scans are paused by user. Checking again in 1 minute...
⏸️  Scans are paused by user. Checking again in 1 minute...
⏸️  Scans are paused by user. Checking again in 1 minute...
⏸️  Scans are paused by user. Checking again in 1 minute...
⏸️  Scans are paused by user. Checking again in 1 minute...
⏸️  Scans are paused by user. Checking again in 1 minute...
⏸️  Scans are paused by user. Checking again in 1 minute...
⏸️  Scans are paused by user. Checking again in 1 minute...
⏸️  Scans are paused by user. Checking again in 1 minute...
⏸️  Scans are paused by user. Checking again in 1 minute...
⏸️  Scans are paused by user. Checking again in 1 minute...
⏸️  Scans are paused by user. Checking again in 1 minute...
⏸️  Scans are paused by user. Checking again in 1 minute...
⏸️  Scans are paused by user. Checking again in 1 minute...
⏸️  Scans are paused by user. Checking again in 1 minute...
⏸️  Scans are paused by user. Checking again in 1 minute...
⏸️  Scans are paused by user. Checking again in 1 minute...
⏸️  Scans are paused by user. Checking again in 1 minute...
⏸️  Scans are paused by user. Checking again in 1 minute...
⏸️  Scans are paused by user. Checking again in 1 minute...
⏸️  Scans are paused by user. Checking again in 1 minute...
⏸️  Scans are paused by user. Checking again in 1 minute...
⏸️  Scans are paused by user. Checking again in 1 minute...
⏸️  Scans are paused by user. Checking again in 1 minute...
⏸️  Scans are paused by user. Checking again in 1 minute...
⏸️  Scans are paused by user. Checking again in 1 minute...
⏸️  Scans are paused by user. Checking again in 1 minute...
⏸️  Scans are paused by user. Checking again in 1 minute...
⏸️  Scans are paused by user. Checking again in 1 minute...
⏸️  Scans are paused by user. Checking again in 1 minute...
⏸️  Scans are paused by user. Checking again in 1 minute...
⏸️  Scans are paused by user. Checking again in 1 minute...
⏸️  Scans are paused by user. Checking again in 1 minute...
⏸️  Scans are paused by user. Checking again in 1 minute...
⏸️  Scans are paused by user. Checking again in 1 minute...
⏸️  Scans are paused by user. Checking again in 1 minute...
⏸️  Scans are paused by user. Checking again in 1 minute...
⏸️  Scans are paused by user. Checking again in 1 minute...
⏸️  Scans are paused by user. Checking again in 1 minute...
⏸️  Scans are paused by user. Checking again in 1 minute...
⏸️  Scans are paused by user. Checking again in 1 minute...
⏸️  Scans are paused by user. Checking again in 1 minute...
⏸️  Scans are paused by user. Checking again in 1 minute...
⏸️  Scans are paused by user. Checking again in 1 minute...
⏸️  Scans are paused by user. Checking again in 1 minute...
⏸️  Scans are paused by user. Checking again in 1 minute...
⏸️  Scans are paused by user. Checking again in 1 minute...
⏸️  Scans are paused by user. Checking again in 1 minute...
⏸️  Scans are paused by user. Checking again in 1 minute...
⏸️  Scans are paused by user. Checking again in 1 minute...
⏸️  Scans are paused by user. Checking again in 1 minute...
⏸️  Scans are paused by user. Checking again in 1 minute...
⏸️  Scans are paused by user. Checking again in 1 minute...
⏸️  Scans are paused by user. Checking again in 1 minute...
⏸️  Scans are paused by user. Checking again in 1 minute...
⏸️  Scans are paused by user. Checking again in 1 minute...
⏸️  Scans are paused by user. Checking again in 1 minute...
⏸️  Scans are paused by user. Checking again in 1 minute...
⏸️  Scans are paused by user. Checking again in 1 minute...
⏸️  Scans are paused by user. Checking again in 1 minute...
⏸️  Scans are paused by user. Checking again in 1 minute...
⏸️  Scans are paused by user. Checking again in 1 minute...
⏸️  Scans are paused by user. Checking again in 1 minute...
⏸️  Scans are paused by user. Checking again in 1 minute...
⏸️  Scans are paused by user. Checking again in 1 minute...
⏸️  Scans are paused by user. Checking again in 1 minute...
⏸️  Scans are paused by user. Checking again in 1 minute...
⏸️  Scans are paused by user. Checking again in 1 minute...
⏸️  Scans are paused by user. Checking again in 1 minute...
⏸️  Scans are paused by user. Checking again in 1 minute...
⏸️  Scans are paused by user. Checking again in 1 minute...
⏸️  Scans are paused by user. Checking again in 1 minute...
⏸️  Scans are paused by user. Checking again in 1 minute...
⏸️  Scans are paused by user. Checking again in 1 minute...
⏸️  Scans are paused by user. Checking again in 1 minute...
⏸️  Scans are paused by user. Checking again in 1 minute...
⏸️  Scans are paused by user. Checking again in 1 minute...
⏸️  Scans are paused by user. Checking again in 1 minute...
⏸️  Scans are paused by user. Checking again in 1 minute...
⏸️  Scans are paused by user. Checking again in 1 minute...
⏸️  Scans are paused by user. Checking again in 1 minute...
⏸️  Scans are paused by user. Checking again in 1 minute...
⏸️  Scans are paused by user. Checking again in 1 minute...
⏸️  Scans are paused by user. Checking again in 1 minute...
⏸️  Scans are paused by user. Checking again in 1 minute...
⏸️  Scans are paused by user. Checking again in 1 minute...
⏸️  Scans are paused by user. Checking again in 1 minute...
⏸️  Scans are paused by user. Checking again in 1 minute...
⏸️  Scans are paused by user. Checking again in 1 minute...
⏸️  Scans are paused by user. Checking again in 1 minute...
⏸️  Scans are paused by user. Checking again in 1 minute...
⏸️  Scans are paused by user. Checking again in 1 minute...
⏸️  Scans are paused by user. Checking again in 1 minute...
⏸️  Scans are paused by user. Checking again in 1 minute...
⏸️  Scans are paused by user. Checking again in 1 minute...
⏸️  Scans are paused by user. Checking again in 1 minute...
⏸️  Scans are paused by user. Checking again in 1 minute...
⏸️  Scans are paused by user. Checking again in 1 minute...
⏸️  Scans are paused by user. Checking again in 1 minute...
⏸️  Scans are paused by user. Checking again in 1 minute...
⏸️  Scans are paused by user. Checking again in 1 minute...
⏸️  Scans are paused by user. Checking again in 1 minute...
⏸️  Scans are paused by user. Checking again in 1 minute...
⏸️  Scans are paused by user. Checking again in 1 minute...
⏸️  Scans are paused by user. Checking again in 1 minute...
⏸️  Scans are paused by user. Checking again in 1 minute...
⏸️  Scans are paused by user. Checking again in 1 minute...
⏸️  Scans are paused by user. Checking again in 1 minute...
⏸️  Scans are paused by user. Checking again in 1 minute...
⏸️  Scans are paused by user. Checking again in 1 minute...
⏸️  Scans are paused by user. Checking again in 1 minute...
⏸️  Scans are paused by user. Checking again in 1 minute...
⏸️  Scans are paused by user. Checking again in 1 minute...
⏸️  Scans are paused by user. Checking again in 1 minute...
⏸️  Scans are paused by user. Checking again in 1 minute...
⏸️  Scans are paused by user. Checking again in 1 minute...
⏸️  Scans are paused by user. Checking again in 1 minute...
⏸️  Scans are paused by user. Checking again in 1 minute...
⏸️  Scans are paused by user. Checking again in 1 minute...
⏸️  Scans are paused by user. Checking again in 1 minute...
⏸️  Scans are paused by user. Checking again in 1 minute...
⏸️  Scans are paused by user. Checking again in 1 minute...
⏸️  Scans are paused by user. Checking again in 1 minute...
⏸️  Scans are paused by user. Checking again in 1 minute...
⏸️  Scans are paused by user. Checking again in 1 minute...
⏸️  Scans are paused by user. Checking again in 1 minute...
⏸️  Scans are paused by user. Checking again in 1 minute...
⏸️  Scans are paused by user. Checking again in 1 minute...
⏸️  Scans are paused by user. Checking again in 1 minute...
⏸️  Scans are paused by user. Checking again in 1 minute...
⏸️  Scans are paused by user. Checking again in 1 minute...
⏸️  Scans are paused by user. Checking again in 1 minute...
⏸️  Scans are paused by user. Checking again in 1 minute...
⏸️  Scans are paused by user. Checking again in 1 minute...
⏸️  Scans are paused by user. Checking again in 1 minute...
⏸️  Scans are paused by user. Checking again in 1 minute...
⏸️  Scans are paused by user. Checking again in 1 minute...
⏸️  Scans are paused by user. Checking again in 1 minute...
⏸️  Scans are paused by user. Checking again in 1 minute...
⏸️  Scans are paused by user. Checking again in 1 minute...
⏸️  Scans are paused by user. Checking again in 1 minute...
⏸️  Scans are paused by user. Checking again in 1 minute...
⏸️  Scans are paused by user. Checking again in 1 minute...
⏸️  Scans are paused by user. Checking again in 1 minute...
⏸️  Scans are paused by user. Checking again in 1 minute...
◇ injected env (5) from web/.env.local // tip: ⌘ suppress logs { quiet: true }
🚀 Daemon started. Loop interval set to 10 minutes.
⏸️  Scans are paused by user. Checking again in 1 minute...
⏸️  Scans are paused by user. Checking again in 1 minute...
⏸️  Scans are paused by user. Checking again in 1 minute...
⏸️  Scans are paused by user. Checking again in 1 minute...
⏸️  Scans are paused by user. Checking again in 1 minute...
⏸️  Scans are paused by user. Checking again in 1 minute...
⏸️  Scans are paused by user. Checking again in 1 minute...
⏸️  Scans are paused by user. Checking again in 1 minute...
⏸️  Scans are paused by user. Checking again in 1 minute...
⏸️  Scans are paused by user. Checking again in 1 minute...
⏸️  Scans are paused by user. Checking again in 1 minute...
⏸️  Scans are paused by user. Checking again in 1 minute...
⏸️  Scans are paused by user. Checking again in 1 minute...
⏸️  Scans are paused by user. Checking again in 1 minute...
⏸️  Scans are paused by user. Checking again in 1 minute...
⏸️  Scans are paused by user. Checking again in 1 minute...
⏸️  Scans are paused by user. Checking again in 1 minute...
⏸️  Scans are paused by user. Checking again in 1 minute...
⏸️  Scans are paused by user. Checking again in 1 minute...
⏸️  Scans are paused by user. Checking again in 1 minute...
⏸️  Scans are paused by user. Checking again in 1 minute...
⏸️  Scans are paused by user. Checking again in 1 minute...
⏸️  Scans are paused by user. Checking again in 1 minute...
⏸️  Scans are paused by user. Checking again in 1 minute...
⏸️  Scans are paused by user. Checking again in 1 minute...
⏸️  Scans are paused by user. Checking again in 1 minute...
⏸️  Scans are paused by user. Checking again in 1 minute...
⏸️  Scans are paused by user. Checking again in 1 minute...
⏸️  Scans are paused by user. Checking again in 1 minute...
⏸️  Scans are paused by user. Checking again in 1 minute...
⏸️  Scans are paused by user. Checking again in 1 minute...
⏸️  Scans are paused by user. Checking again in 1 minute...
⏸️  Scans are paused by user. Checking again in 1 minute...
⏸️  Scans are paused by user. Checking again in 1 minute...
⏸️  Scans are paused by user. Checking again in 1 minute...
⏸️  Scans are paused by user. Checking again in 1 minute...
⏸️  Scans are paused by user. Checking again in 1 minute...
⏸️  Scans are paused by user. Checking again in 1 minute...
⏸️  Scans are paused by user. Checking again in 1 minute...
⏸️  Scans are paused by user. Checking again in 1 minute...
⏸️  Scans are paused by user. Checking again in 1 minute...
⏸️  Scans are paused by user. Checking again in 1 minute...
⏸️  Scans are paused by user. Checking again in 1 minute...
⏸️  Scans are paused by user. Checking again in 1 minute...
⏸️  Scans are paused by user. Checking again in 1 minute...
⏸️  Scans are paused by user. Checking again in 1 minute...
◇ injected env (5) from web/.env.local // tip: ⌘ custom filepath { path: '/custom/path/.env' }
🚀 Daemon started. Loop interval set to 10 minutes.
⏸️  Scans are paused by user. Checking again in 1 minute...
⏸️  Scans are paused by user. Checking again in 1 minute...
⏸️  Scans are paused by user. Checking again in 1 minute...
⏸️  Scans are paused by user. Checking again in 1 minute...
⏸️  Scans are paused by user. Checking again in 1 minute...
⏸️  Scans are paused by user. Checking again in 1 minute...
⏸️  Scans are paused by user. Checking again in 1 minute...
⏸️  Scans are paused by user. Checking again in 1 minute...
⏸️  Scans are paused by user. Checking again in 1 minute...
⏸️  Scans are paused by user. Checking again in 1 minute...
⏸️  Scans are paused by user. Checking again in 1 minute...
⏸️  Scans are paused by user. Checking again in 1 minute...
⏸️  Scans are paused by user. Checking again in 1 minute...
⏸️  Scans are paused by user. Checking again in 1 minute...
⏸️  Scans are paused by user. Checking again in 1 minute...
⏸️  Scans are paused by user. Checking again in 1 minute...
⏸️  Scans are paused by user. Checking again in 1 minute...
⏸️  Scans are paused by user. Checking again in 1 minute...
⏸️  Scans are paused by user. Checking again in 1 minute...
⏸️  Scans are paused by user. Checking again in 1 minute...
⏸️  Scans are paused by user. Checking again in 1 minute...
⏸️  Scans are paused by user. Checking again in 1 minute...
⏸️  Scans are paused by user. Checking again in 1 minute...
⏸️  Scans are paused by user. Checking again in 1 minute...
⏸️  Scans are paused by user. Checking again in 1 minute...
⏸️  Scans are paused by user. Checking again in 1 minute...
⏸️  Scans are paused by user. Checking again in 1 minute...
⏸️  Scans are paused by user. Checking again in 1 minute...
⏸️  Scans are paused by user. Checking again in 1 minute...
⏸️  Scans are paused by user. Checking again in 1 minute...
⏸️  Scans are paused by user. Checking again in 1 minute...
⏸️  Scans are paused by user. Checking again in 1 minute...
⏸️  Scans are paused by user. Checking again in 1 minute...
⏸️  Scans are paused by user. Checking again in 1 minute...
⏸️  Scans are paused by user. Checking again in 1 minute...
⏸️  Scans are paused by user. Checking again in 1 minute...
⏸️  Scans are paused by user. Checking again in 1 minute...
⏸️  Scans are paused by user. Checking again in 1 minute...
⏸️  Scans are paused by user. Checking again in 1 minute...
⏸️  Scans are paused by user. Checking again in 1 minute...
⏸️  Scans are paused by user. Checking again in 1 minute...
⏸️  Scans are paused by user. Checking again in 1 minute...
⏸️  Scans are paused by user. Checking again in 1 minute...
⏸️  Scans are paused by user. Checking again in 1 minute...
⏸️  Scans are paused by user. Checking again in 1 minute...
⏸️  Scans are paused by user. Checking again in 1 minute...
⏸️  Scans are paused by user. Checking again in 1 minute...
⏸️  Scans are paused by user. Checking again in 1 minute...
⏸️  Scans are paused by user. Checking again in 1 minute...
⏸️  Scans are paused by user. Checking again in 1 minute...
⏸️  Scans are paused by user. Checking again in 1 minute...
⏸️  Scans are paused by user. Checking again in 1 minute...
⏸️  Scans are paused by user. Checking again in 1 minute...
⏸️  Scans are paused by user. Checking again in 1 minute...
⏸️  Scans are paused by user. Checking again in 1 minute...
⏸️  Scans are paused by user. Checking again in 1 minute...
⏸️  Scans are paused by user. Checking again in 1 minute...
⏸️  Scans are paused by user. Checking again in 1 minute...
⏸️  Scans are paused by user. Checking again in 1 minute...
⏸️  Scans are paused by user. Checking again in 1 minute...
⏸️  Scans are paused by user. Checking again in 1 minute...
⏸️  Scans are paused by user. Checking again in 1 minute...
⏸️  Scans are paused by user. Checking again in 1 minute...
⏸️  Scans are paused by user. Checking again in 1 minute...
⏸️  Scans are paused by user. Checking again in 1 minute...
⏸️  Scans are paused by user. Checking again in 1 minute...
⏸️  Scans are paused by user. Checking again in 1 minute...
⏸️  Scans are paused by user. Checking again in 1 minute...
⏸️  Scans are paused by user. Checking again in 1 minute...
⏸️  Scans are paused by user. Checking again in 1 minute...
⏸️  Scans are paused by user. Checking again in 1 minute...
⏸️  Scans are paused by user. Checking again in 1 minute...
⏸️  Scans are paused by user. Checking again in 1 minute...
⏸️  Scans are paused by user. Checking again in 1 minute...
⏸️  Scans are paused by user. Checking again in 1 minute...
⏸️  Scans are paused by user. Checking again in 1 minute...
⏸️  Scans are paused by user. Checking again in 1 minute...
⏸️  Scans are paused by user. Checking again in 1 minute...
⏸️  Scans are paused by user. Checking again in 1 minute...
⏸️  Scans are paused by user. Checking again in 1 minute...
⏸️  Scans are paused by user. Checking again in 1 minute...
⏸️  Scans are paused by user. Checking again in 1 minute...
⏸️  Scans are paused by user. Checking again in 1 minute...
⏸️  Scans are paused by user. Checking again in 1 minute...
⏸️  Scans are paused by user. Checking again in 1 minute...
⏸️  Scans are paused by user. Checking again in 1 minute...
⏸️  Scans are paused by user. Checking again in 1 minute...
⏸️  Scans are paused by user. Checking again in 1 minute...
⏸️  Scans are paused by user. Checking again in 1 minute...
⏸️  Scans are paused by user. Checking again in 1 minute...
⏸️  Scans are paused by user. Checking again in 1 minute...
⏸️  Scans are paused by user. Checking again in 1 minute...
⏸️  Scans are paused by user. Checking again in 1 minute...
⏸️  Scans are paused by user. Checking again in 1 minute...
⏸️  Scans are paused by user. Checking again in 1 minute...
⏸️  Scans are paused by user. Checking again in 1 minute...
⏸️  Scans are paused by user. Checking again in 1 minute...
⏸️  Scans are paused by user. Checking again in 1 minute...
⏸️  Scans are paused by user. Checking again in 1 minute...
⏸️  Scans are paused by user. Checking again in 1 minute...
⏸️  Scans are paused by user. Checking again in 1 minute...
⏸️  Scans are paused by user. Checking again in 1 minute...
⏸️  Scans are paused by user. Checking again in 1 minute...
⏸️  Scans are paused by user. Checking again in 1 minute...
⏸️  Scans are paused by user. Checking again in 1 minute...
⏸️  Scans are paused by user. Checking again in 1 minute...
⏸️  Scans are paused by user. Checking again in 1 minute...
⏸️  Scans are paused by user. Checking again in 1 minute...
⏸️  Scans are paused by user. Checking again in 1 minute...
⏸️  Scans are paused by user. Checking again in 1 minute...
⏸️  Scans are paused by user. Checking again in 1 minute...
⏸️  Scans are paused by user. Checking again in 1 minute...
⏸️  Scans are paused by user. Checking again in 1 minute...
⏸️  Scans are paused by user. Checking again in 1 minute...
⏸️  Scans are paused by user. Checking again in 1 minute...
⏸️  Scans are paused by user. Checking again in 1 minute...
⏸️  Scans are paused by user. Checking again in 1 minute...
⏸️  Scans are paused by user. Checking again in 1 minute...
⏸️  Scans are paused by user. Checking again in 1 minute...
⏸️  Scans are paused by user. Checking again in 1 minute...
⏸️  Scans are paused by user. Checking again in 1 minute...
⏸️  Scans are paused by user. Checking again in 1 minute...
⏸️  Scans are paused by user. Checking again in 1 minute...
⏸️  Scans are paused by user. Checking again in 1 minute...
⏸️  Scans are paused by user. Checking again in 1 minute...
⏸️  Scans are paused by user. Checking again in 1 minute...
⏸️  Scans are paused by user. Checking again in 1 minute...
⏸️  Scans are paused by user. Checking again in 1 minute...
⏸️  Scans are paused by user. Checking again in 1 minute...
⏸️  Scans are paused by user. Checking again in 1 minute...
⏸️  Scans are paused by user. Checking again in 1 minute...
⏸️  Scans are paused by user. Checking again in 1 minute...
⏸️  Scans are paused by user. Checking again in 1 minute...
⏸️  Scans are paused by user. Checking again in 1 minute...
⏸️  Scans are paused by user. Checking again in 1 minute...
⏸️  Scans are paused by user. Checking again in 1 minute...
⏸️  Scans are paused by user. Checking again in 1 minute...
⏸️  Scans are paused by user. Checking again in 1 minute...
⏸️  Scans are paused by user. Checking again in 1 minute...
⏸️  Scans are paused by user. Checking again in 1 minute...
⏸️  Scans are paused by user. Checking again in 1 minute...
⏸️  Scans are paused by user. Checking again in 1 minute...
⏸️  Scans are paused by user. Checking again in 1 minute...
⏸️  Scans are paused by user. Checking again in 1 minute...
⏸️  Scans are paused by user. Checking again in 1 minute...
⏸️  Scans are paused by user. Checking again in 1 minute...
⏸️  Scans are paused by user. Checking again in 1 minute...
⏸️  Scans are paused by user. Checking again in 1 minute...
⏸️  Scans are paused by user. Checking again in 1 minute...
⏸️  Scans are paused by user. Checking again in 1 minute...
⏸️  Scans are paused by user. Checking again in 1 minute...
⏸️  Scans are paused by user. Checking again in 1 minute...
⏸️  Scans are paused by user. Checking again in 1 minute...
⏸️  Scans are paused by user. Checking again in 1 minute...
⏸️  Scans are paused by user. Checking again in 1 minute...
⏸️  Scans are paused by user. Checking again in 1 minute...
⏸️  Scans are paused by user. Checking again in 1 minute...
⏸️  Scans are paused by user. Checking again in 1 minute...
⏸️  Scans are paused by user. Checking again in 1 minute...
⏸️  Scans are paused by user. Checking again in 1 minute...
⏸️  Scans are paused by user. Checking again in 1 minute...
⏸️  Scans are paused by user. Checking again in 1 minute...
⏸️  Scans are paused by user. Checking again in 1 minute...
⏸️  Scans are paused by user. Checking again in 1 minute...
⏸️  Scans are paused by user. Checking again in 1 minute...
⏸️  Scans are paused by user. Checking again in 1 minute...
⏸️  Scans are paused by user. Checking again in 1 minute...
⏸️  Scans are paused by user. Checking again in 1 minute...
⏸️  Scans are paused by user. Checking again in 1 minute...
⏸️  Scans are paused by user. Checking again in 1 minute...
⏸️  Scans are paused by user. Checking again in 1 minute...
⏸️  Scans are paused by user. Checking again in 1 minute...
⏸️  Scans are paused by user. Checking again in 1 minute...
⏸️  Scans are paused by user. Checking again in 1 minute...
⏸️  Scans are paused by user. Checking again in 1 minute...
⏸️  Scans are paused by user. Checking again in 1 minute...
⏸️  Scans are paused by user. Checking again in 1 minute...
⏸️  Scans are paused by user. Checking again in 1 minute...
⏸️  Scans are paused by user. Checking again in 1 minute...
⏸️  Scans are paused by user. Checking again in 1 minute...
⏸️  Scans are paused by user. Checking again in 1 minute...
⏸️  Scans are paused by user. Checking again in 1 minute...
⏸️  Scans are paused by user. Checking again in 1 minute...
⏸️  Scans are paused by user. Checking again in 1 minute...
⏸️  Scans are paused by user. Checking again in 1 minute...
⏸️  Scans are paused by user. Checking again in 1 minute...
⏸️  Scans are paused by user. Checking again in 1 minute...
⏸️  Scans are paused by user. Checking again in 1 minute...
⏸️  Scans are paused by user. Checking again in 1 minute...
⏸️  Scans are paused by user. Checking again in 1 minute...
⏸️  Scans are paused by user. Checking again in 1 minute...
⏸️  Scans are paused by user. Checking again in 1 minute...
⏸️  Scans are paused by user. Checking again in 1 minute...
⏸️  Scans are paused by user. Checking again in 1 minute...
⏸️  Scans are paused by user. Checking again in 1 minute...
⏸️  Scans are paused by user. Checking again in 1 minute...
⏸️  Scans are paused by user. Checking again in 1 minute...
⏸️  Scans are paused by user. Checking again in 1 minute...
⏸️  Scans are paused by user. Checking again in 1 minute...
⏸️  Scans are paused by user. Checking again in 1 minute...
⏸️  Scans are paused by user. Checking again in 1 minute...
⏸️  Scans are paused by user. Checking again in 1 minute...
⏸️  Scans are paused by user. Checking again in 1 minute...
⏸️  Scans are paused by user. Checking again in 1 minute...
⏸️  Scans are paused by user. Checking again in 1 minute...
⏸️  Scans are paused by user. Checking again in 1 minute...
⏸️  Scans are paused by user. Checking again in 1 minute...
⏸️  Scans are paused by user. Checking again in 1 minute...
⏸️  Scans are paused by user. Checking again in 1 minute...
⏸️  Scans are paused by user. Checking again in 1 minute...
⏸️  Scans are paused by user. Checking again in 1 minute...
⏸️  Scans are paused by user. Checking again in 1 minute...
⏸️  Scans are paused by user. Checking again in 1 minute...
⏸️  Scans are paused by user. Checking again in 1 minute...
⏸️  Scans are paused by user. Checking again in 1 minute...
⏸️  Scans are paused by user. Checking again in 1 minute...
⏸️  Scans are paused by user. Checking again in 1 minute...
⏸️  Scans are paused by user. Checking again in 1 minute...
⏸️  Scans are paused by user. Checking again in 1 minute...
⏸️  Scans are paused by user. Checking again in 1 minute...
⏸️  Scans are paused by user. Checking again in 1 minute...
⏸️  Scans are paused by user. Checking again in 1 minute...
⏸️  Scans are paused by user. Checking again in 1 minute...
⏸️  Scans are paused by user. Checking again in 1 minute...
⏸️  Scans are paused by user. Checking again in 1 minute...
⏸️  Scans are paused by user. Checking again in 1 minute...
⏸️  Scans are paused by user. Checking again in 1 minute...
⏸️  Scans are paused by user. Checking again in 1 minute...
⏸️  Scans are paused by user. Checking again in 1 minute...
⏸️  Scans are paused by user. Checking again in 1 minute...
⏸️  Scans are paused by user. Checking again in 1 minute...
⏸️  Scans are paused by user. Checking again in 1 minute...
⏸️  Scans are paused by user. Checking again in 1 minute...
⏸️  Scans are paused by user. Checking again in 1 minute...
⏸️  Scans are paused by user. Checking again in 1 minute...
⏸️  Scans are paused by user. Checking again in 1 minute...
⏸️  Scans are paused by user. Checking again in 1 minute...
⏸️  Scans are paused by user. Checking again in 1 minute...
⏸️  Scans are paused by user. Checking again in 1 minute...
⏸️  Scans are paused by user. Checking again in 1 minute...
⏸️  Scans are paused by user. Checking again in 1 minute...
⏸️  Scans are paused by user. Checking again in 1 minute...
⏸️  Scans are paused by user. Checking again in 1 minute...
⏸️  Scans are paused by user. Checking again in 1 minute...
⏸️  Scans are paused by user. Checking again in 1 minute...
⏸️  Scans are paused by user. Checking again in 1 minute...
⏸️  Scans are paused by user. Checking again in 1 minute...
⏸️  Scans are paused by user. Checking again in 1 minute...
⏸️  Scans are paused by user. Checking again in 1 minute...
⏸️  Scans are paused by user. Checking again in 1 minute...
⏸️  Scans are paused by user. Checking again in 1 minute...
⏸️  Scans are paused by user. Checking again in 1 minute...
⏸️  Scans are paused by user. Checking again in 1 minute...
⏸️  Scans are paused by user. Checking again in 1 minute...
⏸️  Scans are paused by user. Checking again in 1 minute...
⏸️  Scans are paused by user. Checking again in 1 minute...
⏸️  Scans are paused by user. Checking again in 1 minute...
⏸️  Scans are paused by user. Checking again in 1 minute...
⏸️  Scans are paused by user. Checking again in 1 minute...
⏸️  Scans are paused by user. Checking again in 1 minute...
⏸️  Scans are paused by user. Checking again in 1 minute...
⏸️  Scans are paused by user. Checking again in 1 minute...
⏸️  Scans are paused by user. Checking again in 1 minute...
⏸️  Scans are paused by user. Checking again in 1 minute...
⏸️  Scans are paused by user. Checking again in 1 minute...
⏸️  Scans are paused by user. Checking again in 1 minute...
⏸️  Scans are paused by user. Checking again in 1 minute...
⏸️  Scans are paused by user. Checking again in 1 minute...
⏸️  Scans are paused by user. Checking again in 1 minute...
⏸️  Scans are paused by user. Checking again in 1 minute...
⏸️  Scans are paused by user. Checking again in 1 minute...
⏸️  Scans are paused by user. Checking again in 1 minute...
⏸️  Scans are paused by user. Checking again in 1 minute...
⏸️  Scans are paused by user. Checking again in 1 minute...
⏸️  Scans are paused by user. Checking again in 1 minute...
⏸️  Scans are paused by user. Checking again in 1 minute...
⏸️  Scans are paused by user. Checking again in 1 minute...
⏸️  Scans are paused by user. Checking again in 1 minute...
⏸️  Scans are paused by user. Checking again in 1 minute...
⏸️  Scans are paused by user. Checking again in 1 minute...
⏸️  Scans are paused by user. Checking again in 1 minute...
⏸️  Scans are paused by user. Checking again in 1 minute...
⏸️  Scans are paused by user. Checking again in 1 minute...
⏸️  Scans are paused by user. Checking again in 1 minute...
⏸️  Scans are paused by user. Checking again in 1 minute...
⏸️  Scans are paused by user. Checking again in 1 minute...
⏸️  Scans are paused by user. Checking again in 1 minute...
⏸️  Scans are paused by user. Checking again in 1 minute...
⏸️  Scans are paused by user. Checking again in 1 minute...
⏸️  Scans are paused by user. Checking again in 1 minute...
⏸️  Scans are paused by user. Checking again in 1 minute...
⏸️  Scans are paused by user. Checking again in 1 minute...
⏸️  Scans are paused by user. Checking again in 1 minute...
⏸️  Scans are paused by user. Checking again in 1 minute...
⏸️  Scans are paused by user. Checking again in 1 minute...
⏸️  Scans are paused by user. Checking again in 1 minute...
⏸️  Scans are paused by user. Checking again in 1 minute...
⏸️  Scans are paused by user. Checking again in 1 minute...
⏸️  Scans are paused by user. Checking again in 1 minute...
⏸️  Scans are paused by user. Checking again in 1 minute...
⏸️  Scans are paused by user. Checking again in 1 minute...
⏸️  Scans are paused by user. Checking again in 1 minute...
⏸️  Scans are paused by user. Checking again in 1 minute...
⏸️  Scans are paused by user. Checking again in 1 minute...
⏸️  Scans are paused by user. Checking again in 1 minute...
⏸️  Scans are paused by user. Checking again in 1 minute...
⏸️  Scans are paused by user. Checking again in 1 minute...
⏸️  Scans are paused by user. Checking again in 1 minute...
⏸️  Scans are paused by user. Checking again in 1 minute...
⏸️  Scans are paused by user. Checking again in 1 minute...
⏸️  Scans are paused by user. Checking again in 1 minute...
⏸️  Scans are paused by user. Checking again in 1 minute...
⏸️  Scans are paused by user. Checking again in 1 minute...
⏸️  Scans are paused by user. Checking again in 1 minute...
⏸️  Scans are paused by user. Checking again in 1 minute...
⏸️  Scans are paused by user. Checking again in 1 minute...
⏸️  Scans are paused by user. Checking again in 1 minute...
⏸️  Scans are paused by user. Checking again in 1 minute...
⏸️  Scans are paused by user. Checking again in 1 minute...
⏸️  Scans are paused by user. Checking again in 1 minute...
⏸️  Scans are paused by user. Checking again in 1 minute...
⏸️  Scans are paused by user. Checking again in 1 minute...
⏸️  Scans are paused by user. Checking again in 1 minute...
⏸️  Scans are paused by user. Checking again in 1 minute...
⏸️  Scans are paused by user. Checking again in 1 minute...
⏸️  Scans are paused by user. Checking again in 1 minute...
⏸️  Scans are paused by user. Checking again in 1 minute...
⏸️  Scans are paused by user. Checking again in 1 minute...
⏸️  Scans are paused by user. Checking again in 1 minute...
⏸️  Scans are paused by user. Checking again in 1 minute...
⏸️  Scans are paused by user. Checking again in 1 minute...
⏸️  Scans are paused by user. Checking again in 1 minute...
⏸️  Scans are paused by user. Checking again in 1 minute...
⏸️  Scans are paused by user. Checking again in 1 minute...
⏸️  Scans are paused by user. Checking again in 1 minute...
⏸️  Scans are paused by user. Checking again in 1 minute...
⏸️  Scans are paused by user. Checking again in 1 minute...
⏸️  Scans are paused by user. Checking again in 1 minute...
⏸️  Scans are paused by user. Checking again in 1 minute...
⏸️  Scans are paused by user. Checking again in 1 minute...
⏸️  Scans are paused by user. Checking again in 1 minute...
⏸️  Scans are paused by user. Checking again in 1 minute...
⏸️  Scans are paused by user. Checking again in 1 minute...
⏸️  Scans are paused by user. Checking again in 1 minute...
⏸️  Scans are paused by user. Checking again in 1 minute...
⏸️  Scans are paused by user. Checking again in 1 minute...
⏸️  Scans are paused by user. Checking again in 1 minute...
⏸️  Scans are paused by user. Checking again in 1 minute...
⏸️  Scans are paused by user. Checking again in 1 minute...
⏸️  Scans are paused by user. Checking again in 1 minute...
⏸️  Scans are paused by user. Checking again in 1 minute...
⏸️  Scans are paused by user. Checking again in 1 minute...
⏸️  Scans are paused by user. Checking again in 1 minute...
⏸️  Scans are paused by user. Checking again in 1 minute...
⏸️  Scans are paused by user. Checking again in 1 minute...
⏸️  Scans are paused by user. Checking again in 1 minute...
⏸️  Scans are paused by user. Checking again in 1 minute...
⏸️  Scans are paused by user. Checking again in 1 minute...
⏸️  Scans are paused by user. Checking again in 1 minute...
⏸️  Scans are paused by user. Checking again in 1 minute...
⏸️  Scans are paused by user. Checking again in 1 minute...
⏸️  Scans are paused by user. Checking again in 1 minute...
⏸️  Scans are paused by user. Checking again in 1 minute...
⏸️  Scans are paused by user. Checking again in 1 minute...
⏸️  Scans are paused by user. Checking again in 1 minute...
⏸️  Scans are paused by user. Checking again in 1 minute...
⏸️  Scans are paused by user. Checking again in 1 minute...
⏸️  Scans are paused by user. Checking again in 1 minute...
⏸️  Scans are paused by user. Checking again in 1 minute...
⏸️  Scans are paused by user. Checking again in 1 minute...
⏸️  Scans are paused by user. Checking again in 1 minute...
⏸️  Scans are paused by user. Checking again in 1 minute...
⏸️  Scans are paused by user. Checking again in 1 minute...
⏸️  Scans are paused by user. Checking again in 1 minute...
⏸️  Scans are paused by user. Checking again in 1 minute...
⏸️  Scans are paused by user. Checking again in 1 minute...
⏸️  Scans are paused by user. Checking again in 1 minute...
⏸️  Scans are paused by user. Checking again in 1 minute...
⏸️  Scans are paused by user. Checking again in 1 minute...
⏸️  Scans are paused by user. Checking again in 1 minute...
⏸️  Scans are paused by user. Checking again in 1 minute...
⏸️  Scans are paused by user. Checking again in 1 minute...
⏸️  Scans are paused by user. Checking again in 1 minute...
⏸️  Scans are paused by user. Checking again in 1 minute...
⏸️  Scans are paused by user. Checking again in 1 minute...
⏸️  Scans are paused by user. Checking again in 1 minute...
⏸️  Scans are paused by user. Checking again in 1 minute...
⏸️  Scans are paused by user. Checking again in 1 minute...
⏸️  Scans are paused by user. Checking again in 1 minute...
⏸️  Scans are paused by user. Checking again in 1 minute...
⏸️  Scans are paused by user. Checking again in 1 minute...
⏸️  Scans are paused by user. Checking again in 1 minute...
⏸️  Scans are paused by user. Checking again in 1 minute...
⏸️  Scans are paused by user. Checking again in 1 minute...
⏸️  Scans are paused by user. Checking again in 1 minute...
⏸️  Scans are paused by user. Checking again in 1 minute...
⏸️  Scans are paused by user. Checking again in 1 minute...
⏸️  Scans are paused by user. Checking again in 1 minute...
⏸️  Scans are paused by user. Checking again in 1 minute...
⏸️  Scans are paused by user. Checking again in 1 minute...
⏸️  Scans are paused by user. Checking again in 1 minute...
⏸️  Scans are paused by user. Checking again in 1 minute...
⏸️  Scans are paused by user. Checking again in 1 minute...
⏸️  Scans are paused by user. Checking again in 1 minute...
⏸️  Scans are paused by user. Checking again in 1 minute...
⏸️  Scans are paused by user. Checking again in 1 minute...
⏸️  Scans are paused by user. Checking again in 1 minute...
⏸️  Scans are paused by user. Checking again in 1 minute...
⏸️  Scans are paused by user. Checking again in 1 minute...
⏸️  Scans are paused by user. Checking again in 1 minute...
⏸️  Scans are paused by user. Checking again in 1 minute...
⏸️  Scans are paused by user. Checking again in 1 minute...
⏸️  Scans are paused by user. Checking again in 1 minute...
⏸️  Scans are paused by user. Checking again in 1 minute...
⏸️  Scans are paused by user. Checking again in 1 minute...
⏸️  Scans are paused by user. Checking again in 1 minute...
⏸️  Scans are paused by user. Checking again in 1 minute...
⏸️  Scans are paused by user. Checking again in 1 minute...
⏸️  Scans are paused by user. Checking again in 1 minute...
⏸️  Scans are paused by user. Checking again in 1 minute...
⏸️  Scans are paused by user. Checking again in 1 minute...
⏸️  Scans are paused by user. Checking again in 1 minute...
⏸️  Scans are paused by user. Checking again in 1 minute...
⏸️  Scans are paused by user. Checking again in 1 minute...
⏸️  Scans are paused by user. Checking again in 1 minute...
⏸️  Scans are paused by user. Checking again in 1 minute...
⏸️  Scans are paused by user. Checking again in 1 minute...
⏸️  Scans are paused by user. Checking again in 1 minute...
⏸️  Scans are paused by user. Checking again in 1 minute...
⏸️  Scans are paused by user. Checking again in 1 minute...
⏸️  Scans are paused by user. Checking again in 1 minute...
⏸️  Scans are paused by user. Checking again in 1 minute...
⏸️  Scans are paused by user. Checking again in 1 minute...
⏸️  Scans are paused by user. Checking again in 1 minute...
⏸️  Scans are paused by user. Checking again in 1 minute...
⏸️  Scans are paused by user. Checking again in 1 minute...
⏸️  Scans are paused by user. Checking again in 1 minute...
⏸️  Scans are paused by user. Checking again in 1 minute...
⏸️  Scans are paused by user. Checking again in 1 minute...
⏸️  Scans are paused by user. Checking again in 1 minute...
⏸️  Scans are paused by user. Checking again in 1 minute...
⏸️  Scans are paused by user. Checking again in 1 minute...
⏸️  Scans are paused by user. Checking again in 1 minute...
⏸️  Scans are paused by user. Checking again in 1 minute...
⏸️  Scans are paused by user. Checking again in 1 minute...
⏸️  Scans are paused by user. Checking again in 1 minute...
⏸️  Scans are paused by user. Checking again in 1 minute...
⏸️  Scans are paused by user. Checking again in 1 minute...
⏸️  Scans are paused by user. Checking again in 1 minute...
⏸️  Scans are paused by user. Checking again in 1 minute...
⏸️  Scans are paused by user. Checking again in 1 minute...
⏸️  Scans are paused by user. Checking again in 1 minute...
⏸️  Scans are paused by user. Checking again in 1 minute...
⏸️  Scans are paused by user. Checking again in 1 minute...
⏸️  Scans are paused by user. Checking again in 1 minute...
⏸️  Scans are paused by user. Checking again in 1 minute...
⏸️  Scans are paused by user. Checking again in 1 minute...
⏸️  Scans are paused by user. Checking again in 1 minute...
⏸️  Scans are paused by user. Checking again in 1 minute...
⏸️  Scans are paused by user. Checking again in 1 minute...
⏸️  Scans are paused by user. Checking again in 1 minute...
⏸️  Scans are paused by user. Checking again in 1 minute...
⏸️  Scans are paused by user. Checking again in 1 minute...
⏸️  Scans are paused by user. Checking again in 1 minute...
⏸️  Scans are paused by user. Checking again in 1 minute...
⏸️  Scans are paused by user. Checking again in 1 minute...
⏸️  Scans are paused by user. Checking again in 1 minute...
⏸️  Scans are paused by user. Checking again in 1 minute...
⏸️  Scans are paused by user. Checking again in 1 minute...
⏸️  Scans are paused by user. Checking again in 1 minute...
⏸️  Scans are paused by user. Checking again in 1 minute...
⏸️  Scans are paused by user. Checking again in 1 minute...
⏸️  Scans are paused by user. Checking again in 1 minute...
⏸️  Scans are paused by user. Checking again in 1 minute...
⏸️  Scans are paused by user. Checking again in 1 minute...
⏸️  Scans are paused by user. Checking again in 1 minute...
⏸️  Scans are paused by user. Checking again in 1 minute...
⏸️  Scans are paused by user. Checking again in 1 minute...
⏸️  Scans are paused by user. Checking again in 1 minute...
⏸️  Scans are paused by user. Checking again in 1 minute...
⏸️  Scans are paused by user. Checking again in 1 minute...
⏸️  Scans are paused by user. Checking again in 1 minute...
⏸️  Scans are paused by user. Checking again in 1 minute...
⏸️  Scans are paused by user. Checking again in 1 minute...
⏸️  Scans are paused by user. Checking again in 1 minute...
⏸️  Scans are paused by user. Checking again in 1 minute...
⏸️  Scans are paused by user. Checking again in 1 minute...
⏸️  Scans are paused by user. Checking again in 1 minute...
⏸️  Scans are paused by user. Checking again in 1 minute...
⏸️  Scans are paused by user. Checking again in 1 minute...
⏸️  Scans are paused by user. Checking again in 1 minute...
⏸️  Scans are paused by user. Checking again in 1 minute...
⏸️  Scans are paused by user. Checking again in 1 minute...
⏸️  Scans are paused by user. Checking again in 1 minute...
⏸️  Scans are paused by user. Checking again in 1 minute...
⏸️  Scans are paused by user. Checking again in 1 minute...
⏸️  Scans are paused by user. Checking again in 1 minute...
⏸️  Scans are paused by user. Checking again in 1 minute...
⏸️  Scans are paused by user. Checking again in 1 minute...
⏸️  Scans are paused by user. Checking again in 1 minute...
⏸️  Scans are paused by user. Checking again in 1 minute...
⏸️  Scans are paused by user. Checking again in 1 minute...
⏸️  Scans are paused by user. Checking again in 1 minute...
⏸️  Scans are paused by user. Checking again in 1 minute...
⏸️  Scans are paused by user. Checking again in 1 minute...
⏸️  Scans are paused by user. Checking again in 1 minute...
⏸️  Scans are paused by user. Checking again in 1 minute...
⏸️  Scans are paused by user. Checking again in 1 minute...
⏸️  Scans are paused by user. Checking again in 1 minute...
⏸️  Scans are paused by user. Checking again in 1 minute...
⏸️  Scans are paused by user. Checking again in 1 minute...
⏸️  Scans are paused by user. Checking again in 1 minute...
⏸️  Scans are paused by user. Checking again in 1 minute...
⏸️  Scans are paused by user. Checking again in 1 minute...
⏸️  Scans are paused by user. Checking again in 1 minute...
⏸️  Scans are paused by user. Checking again in 1 minute...
⏸️  Scans are paused by user. Checking again in 1 minute...
⏸️  Scans are paused by user. Checking again in 1 minute...
⏸️  Scans are paused by user. Checking again in 1 minute...
⏸️  Scans are paused by user. Checking again in 1 minute...
⏸️  Scans are paused by user. Checking again in 1 minute...
⏸️  Scans are paused by user. Checking again in 1 minute...
⏸️  Scans are paused by user. Checking again in 1 minute...
⏸️  Scans are paused by user. Checking again in 1 minute...
⏸️  Scans are paused by user. Checking again in 1 minute...
⏸️  Scans are paused by user. Checking again in 1 minute...
⏸️  Scans are paused by user. Checking again in 1 minute...
⏸️  Scans are paused by user. Checking again in 1 minute...
⏸️  Scans are paused by user. Checking again in 1 minute...
⏸️  Scans are paused by user. Checking again in 1 minute...
⏸️  Scans are paused by user. Checking again in 1 minute...
⏸️  Scans are paused by user. Checking again in 1 minute...
⏸️  Scans are paused by user. Checking again in 1 minute...
⏸️  Scans are paused by user. Checking again in 1 minute...
⏸️  Scans are paused by user. Checking again in 1 minute...
⏸️  Scans are paused by user. Checking again in 1 minute...
⏸️  Scans are paused by user. Checking again in 1 minute...
⏸️  Scans are paused by user. Checking again in 1 minute...
⏸️  Scans are paused by user. Checking again in 1 minute...
⏸️  Scans are paused by user. Checking again in 1 minute...
⏸️  Scans are paused by user. Checking again in 1 minute...
⏸️  Scans are paused by user. Checking again in 1 minute...
⏸️  Scans are paused by user. Checking again in 1 minute...
⏸️  Scans are paused by user. Checking again in 1 minute...
⏸️  Scans are paused by user. Checking again in 1 minute...
⏸️  Scans are paused by user. Checking again in 1 minute...
⏸️  Scans are paused by user. Checking again in 1 minute...
⏸️  Scans are paused by user. Checking again in 1 minute...
⏸️  Scans are paused by user. Checking again in 1 minute...
⏸️  Scans are paused by user. Checking again in 1 minute...
⏸️  Scans are paused by user. Checking again in 1 minute...
⏸️  Scans are paused by user. Checking again in 1 minute...
⏸️  Scans are paused by user. Checking again in 1 minute...
⏸️  Scans are paused by user. Checking again in 1 minute...
⏸️  Scans are paused by user. Checking again in 1 minute...
⏸️  Scans are paused by user. Checking again in 1 minute...
⏸️  Scans are paused by user. Checking again in 1 minute...
⏸️  Scans are paused by user. Checking again in 1 minute...
⏸️  Scans are paused by user. Checking again in 1 minute...
⏸️  Scans are paused by user. Checking again in 1 minute...
⏸️  Scans are paused by user. Checking again in 1 minute...
⏸️  Scans are paused by user. Checking again in 1 minute...
⏸️  Scans are paused by user. Checking again in 1 minute...
⏸️  Scans are paused by user. Checking again in 1 minute...
⏸️  Scans are paused by user. Checking again in 1 minute...
⏸️  Scans are paused by user. Checking again in 1 minute...
⏸️  Scans are paused by user. Checking again in 1 minute...
⏸️  Scans are paused by user. Checking again in 1 minute...
⏸️  Scans are paused by user. Checking again in 1 minute...
⏸️  Scans are paused by user. Checking again in 1 minute...
⏸️  Scans are paused by user. Checking again in 1 minute...
⏸️  Scans are paused by user. Checking again in 1 minute...
⏸️  Scans are paused by user. Checking again in 1 minute...
⏸️  Scans are paused by user. Checking again in 1 minute...
⏸️  Scans are paused by user. Checking again in 1 minute...
⏸️  Scans are paused by user. Checking again in 1 minute...
⏸️  Scans are paused by user. Checking again in 1 minute...
⏸️  Scans are paused by user. Checking again in 1 minute...
⏸️  Scans are paused by user. Checking again in 1 minute...
⏸️  Scans are paused by user. Checking again in 1 minute...
⏸️  Scans are paused by user. Checking again in 1 minute...
⏸️  Scans are paused by user. Checking again in 1 minute...
⏸️  Scans are paused by user. Checking again in 1 minute...
⏸️  Scans are paused by user. Checking again in 1 minute...
⏸️  Scans are paused by user. Checking again in 1 minute...
⏸️  Scans are paused by user. Checking again in 1 minute...
⏸️  Scans are paused by user. Checking again in 1 minute...
⏸️  Scans are paused by user. Checking again in 1 minute...
⏸️  Scans are paused by user. Checking again in 1 minute...
⏸️  Scans are paused by user. Checking again in 1 minute...
⏸️  Scans are paused by user. Checking again in 1 minute...
⏸️  Scans are paused by user. Checking again in 1 minute...
⏸️  Scans are paused by user. Checking again in 1 minute...
⏸️  Scans are paused by user. Checking again in 1 minute...
⏸️  Scans are paused by user. Checking again in 1 minute...
⏸️  Scans are paused by user. Checking again in 1 minute...
⏸️  Scans are paused by user. Checking again in 1 minute...
⏸️  Scans are paused by user. Checking again in 1 minute...
⏸️  Scans are paused by user. Checking again in 1 minute...
⏸️  Scans are paused by user. Checking again in 1 minute...
⏸️  Scans are paused by user. Checking again in 1 minute...
⏸️  Scans are paused by user. Checking again in 1 minute...
⏸️  Scans are paused by user. Checking again in 1 minute...
⏸️  Scans are paused by user. Checking again in 1 minute...
⏸️  Scans are paused by user. Checking again in 1 minute...
⏸️  Scans are paused by user. Checking again in 1 minute...
⏸️  Scans are paused by user. Checking again in 1 minute...
⏸️  Scans are paused by user. Checking again in 1 minute...
⏸️  Scans are paused by user. Checking again in 1 minute...
⏸️  Scans are paused by user. Checking again in 1 minute...
⏸️  Scans are paused by user. Checking again in 1 minute...
⏸️  Scans are paused by user. Checking again in 1 minute...
⏸️  Scans are paused by user. Checking again in 1 minute...
⏸️  Scans are paused by user. Checking again in 1 minute...
⏸️  Scans are paused by user. Checking again in 1 minute...
⏸️  Scans are paused by user. Checking again in 1 minute...
⏸️  Scans are paused by user. Checking again in 1 minute...
⏸️  Scans are paused by user. Checking again in 1 minute...
⏸️  Scans are paused by user. Checking again in 1 minute...
⏸️  Scans are paused by user. Checking again in 1 minute...
⏸️  Scans are paused by user. Checking again in 1 minute...
⏸️  Scans are paused by user. Checking again in 1 minute...
⏸️  Scans are paused by user. Checking again in 1 minute...
⏸️  Scans are paused by user. Checking again in 1 minute...
⏸️  Scans are paused by user. Checking again in 1 minute...
⏸️  Scans are paused by user. Checking again in 1 minute...
⏸️  Scans are paused by user. Checking again in 1 minute...
⏸️  Scans are paused by user. Checking again in 1 minute...
⏸️  Scans are paused by user. Checking again in 1 minute...
⏸️  Scans are paused by user. Checking again in 1 minute...
⏸️  Scans are paused by user. Checking again in 1 minute...
⏸️  Scans are paused by user. Checking again in 1 minute...
⏸️  Scans are paused by user. Checking again in 1 minute...
⏸️  Scans are paused by user. Checking again in 1 minute...
⏸️  Scans are paused by user. Checking again in 1 minute...
⏸️  Scans are paused by user. Checking again in 1 minute...
⏸️  Scans are paused by user. Checking again in 1 minute...
⏸️  Scans are paused by user. Checking again in 1 minute...
⏸️  Scans are paused by user. Checking again in 1 minute...
⏸️  Scans are paused by user. Checking again in 1 minute...
⏸️  Scans are paused by user. Checking again in 1 minute...
⏸️  Scans are paused by user. Checking again in 1 minute...
⏸️  Scans are paused by user. Checking again in 1 minute...
⏸️  Scans are paused by user. Checking again in 1 minute...
⏸️  Scans are paused by user. Checking again in 1 minute...
⏸️  Scans are paused by user. Checking again in 1 minute...
⏸️  Scans are paused by user. Checking again in 1 minute...
⏸️  Scans are paused by user. Checking again in 1 minute...
⏸️  Scans are paused by user. Checking again in 1 minute...
⏸️  Scans are paused by user. Checking again in 1 minute...
⏸️  Scans are paused by user. Checking again in 1 minute...
⏸️  Scans are paused by user. Checking again in 1 minute...
⏸️  Scans are paused by user. Checking again in 1 minute...
⏸️  Scans are paused by user. Checking again in 1 minute...
⏸️  Scans are paused by user. Checking again in 1 minute...
⏸️  Scans are paused by user. Checking again in 1 minute...
⏸️  Scans are paused by user. Checking again in 1 minute...
⏸️  Scans are paused by user. Checking again in 1 minute...
⏸️  Scans are paused by user. Checking again in 1 minute...
⏸️  Scans are paused by user. Checking again in 1 minute...
⏸️  Scans are paused by user. Checking again in 1 minute...
⏸️  Scans are paused by user. Checking again in 1 minute...
⏸️  Scans are paused by user. Checking again in 1 minute...
⏸️  Scans are paused by user. Checking again in 1 minute...
⏸️  Scans are paused by user. Checking again in 1 minute...
⏸️  Scans are paused by user. Checking again in 1 minute...
⏸️  Scans are paused by user. Checking again in 1 minute...
⏸️  Scans are paused by user. Checking again in 1 minute...
⏸️  Scans are paused by user. Checking again in 1 minute...
⏸️  Scans are paused by user. Checking again in 1 minute...
⏸️  Scans are paused by user. Checking again in 1 minute...
⏸️  Scans are paused by user. Checking again in 1 minute...
⏸️  Scans are paused by user. Checking again in 1 minute...
⏸️  Scans are paused by user. Checking again in 1 minute...
⏸️  Scans are paused by user. Checking again in 1 minute...
⏸️  Scans are paused by user. Checking again in 1 minute...
⏸️  Scans are paused by user. Checking again in 1 minute...
⏸️  Scans are paused by user. Checking again in 1 minute...
⏸️  Scans are paused by user. Checking again in 1 minute...
⏸️  Scans are paused by user. Checking again in 1 minute...
⏸️  Scans are paused by user. Checking again in 1 minute...
⏸️  Scans are paused by user. Checking again in 1 minute...
⏸️  Scans are paused by user. Checking again in 1 minute...
⏸️  Scans are paused by user. Checking again in 1 minute...
⏸️  Scans are paused by user. Checking again in 1 minute...
⏸️  Scans are paused by user. Checking again in 1 minute...
⏸️  Scans are paused by user. Checking again in 1 minute...
⏸️  Scans are paused by user. Checking again in 1 minute...
⏸️  Scans are paused by user. Checking again in 1 minute...
⏸️  Scans are paused by user. Checking again in 1 minute...
⏸️  Scans are paused by user. Checking again in 1 minute...
⏸️  Scans are paused by user. Checking again in 1 minute...
⏸️  Scans are paused by user. Checking again in 1 minute...
⏸️  Scans are paused by user. Checking again in 1 minute...
⏸️  Scans are paused by user. Checking again in 1 minute...
⏸️  Scans are paused by user. Checking again in 1 minute...
⏸️  Scans are paused by user. Checking again in 1 minute...
⏸️  Scans are paused by user. Checking again in 1 minute...
⏸️  Scans are paused by user. Checking again in 1 minute...
⏸️  Scans are paused by user. Checking again in 1 minute...
⏸️  Scans are paused by user. Checking again in 1 minute...
⏸️  Scans are paused by user. Checking again in 1 minute...
⏸️  Scans are paused by user. Checking again in 1 minute...
⏸️  Scans are paused by user. Checking again in 1 minute...
⏸️  Scans are paused by user. Checking again in 1 minute...
⏸️  Scans are paused by user. Checking again in 1 minute...
⏸️  Scans are paused by user. Checking again in 1 minute...
⏸️  Scans are paused by user. Checking again in 1 minute...
⏸️  Scans are paused by user. Checking again in 1 minute...
⏸️  Scans are paused by user. Checking again in 1 minute...
⏸️  Scans are paused by user. Checking again in 1 minute...
⏸️  Scans are paused by user. Checking again in 1 minute...
⏸️  Scans are paused by user. Checking again in 1 minute...
⏸️  Scans are paused by user. Checking again in 1 minute...
⏸️  Scans are paused by user. Checking again in 1 minute...
⏸️  Scans are paused by user. Checking again in 1 minute...
⏸️  Scans are paused by user. Checking again in 1 minute...
⏸️  Scans are paused by user. Checking again in 1 minute...
⏸️  Scans are paused by user. Checking again in 1 minute...
⏸️  Scans are paused by user. Checking again in 1 minute...
⏸️  Scans are paused by user. Checking again in 1 minute...
⏸️  Scans are paused by user. Checking again in 1 minute...
⏸️  Scans are paused by user. Checking again in 1 minute...
⏸️  Scans are paused by user. Checking again in 1 minute...
⏸️  Scans are paused by user. Checking again in 1 minute...
⏸️  Scans are paused by user. Checking again in 1 minute...
⏸️  Scans are paused by user. Checking again in 1 minute...
⏸️  Scans are paused by user. Checking again in 1 minute...
⏸️  Scans are paused by user. Checking again in 1 minute...
⏸️  Scans are paused by user. Checking again in 1 minute...
⏸️  Scans are paused by user. Checking again in 1 minute...
⏸️  Scans are paused by user. Checking again in 1 minute...
⏸️  Scans are paused by user. Checking again in 1 minute...
⏸️  Scans are paused by user. Checking again in 1 minute...
⏸️  Scans are paused by user. Checking again in 1 minute...
⏸️  Scans are paused by user. Checking again in 1 minute...
⏸️  Scans are paused by user. Checking again in 1 minute...
⏸️  Scans are paused by user. Checking again in 1 minute...
⏸️  Scans are paused by user. Checking again in 1 minute...
⏸️  Scans are paused by user. Checking again in 1 minute...
⏸️  Scans are paused by user. Checking again in 1 minute...
⏸️  Scans are paused by user. Checking again in 1 minute...
⏸️  Scans are paused by user. Checking again in 1 minute...
⏸️  Scans are paused by user. Checking again in 1 minute...
⏸️  Scans are paused by user. Checking again in 1 minute...
⏸️  Scans are paused by user. Checking again in 1 minute...
⏸️  Scans are paused by user. Checking again in 1 minute...
⏸️  Scans are paused by user. Checking again in 1 minute...
⏸️  Scans are paused by user. Checking again in 1 minute...
⏸️  Scans are paused by user. Checking again in 1 minute...
⏸️  Scans are paused by user. Checking again in 1 minute...
⏸️  Scans are paused by user. Checking again in 1 minute...
⏸️  Scans are paused by user. Checking again in 1 minute...
⏸️  Scans are paused by user. Checking again in 1 minute...
⏸️  Scans are paused by user. Checking again in 1 minute...
⏸️  Scans are paused by user. Checking again in 1 minute...
⏸️  Scans are paused by user. Checking again in 1 minute...
⏸️  Scans are paused by user. Checking again in 1 minute...
⏸️  Scans are paused by user. Checking again in 1 minute...
⏸️  Scans are paused by user. Checking again in 1 minute...
⏸️  Scans are paused by user. Checking again in 1 minute...
⏸️  Scans are paused by user. Checking again in 1 minute...
⏸️  Scans are paused by user. Checking again in 1 minute...
⏸️  Scans are paused by user. Checking again in 1 minute...
⏸️  Scans are paused by user. Checking again in 1 minute...
⏸️  Scans are paused by user. Checking again in 1 minute...
⏸️  Scans are paused by user. Checking again in 1 minute...
⏸️  Scans are paused by user. Checking again in 1 minute...
⏸️  Scans are paused by user. Checking again in 1 minute...
⏸️  Scans are paused by user. Checking again in 1 minute...
⏸️  Scans are paused by user. Checking again in 1 minute...
⏸️  Scans are paused by user. Checking again in 1 minute...
⏸️  Scans are paused by user. Checking again in 1 minute...
⏸️  Scans are paused by user. Checking again in 1 minute...
⏸️  Scans are paused by user. Checking again in 1 minute...
⏸️  Scans are paused by user. Checking again in 1 minute...
⏸️  Scans are paused by user. Checking again in 1 minute...
⏸️  Scans are paused by user. Checking again in 1 minute...
⏸️  Scans are paused by user. Checking again in 1 minute...
⏸️  Scans are paused by user. Checking again in 1 minute...
⏸️  Scans are paused by user. Checking again in 1 minute...
⏸️  Scans are paused by user. Checking again in 1 minute...
⏸️  Scans are paused by user. Checking again in 1 minute...
⏸️  Scans are paused by user. Checking again in 1 minute...
⏸️  Scans are paused by user. Checking again in 1 minute...
⏸️  Scans are paused by user. Checking again in 1 minute...
⏸️  Scans are paused by user. Checking again in 1 minute...
⏸️  Scans are paused by user. Checking again in 1 minute...
⏸️  Scans are paused by user. Checking again in 1 minute...
⏸️  Scans are paused by user. Checking again in 1 minute...
⏸️  Scans are paused by user. Checking again in 1 minute...
⏸️  Scans are paused by user. Checking again in 1 minute...
⏸️  Scans are paused by user. Checking again in 1 minute...
⏸️  Scans are paused by user. Checking again in 1 minute...
⏸️  Scans are paused by user. Checking again in 1 minute...
⏸️  Scans are paused by user. Checking again in 1 minute...
⏸️  Scans are paused by user. Checking again in 1 minute...
⏸️  Scans are paused by user. Checking again in 1 minute...
⏸️  Scans are paused by user. Checking again in 1 minute...
⏸️  Scans are paused by user. Checking again in 1 minute...
⏸️  Scans are paused by user. Checking again in 1 minute...
⏸️  Scans are paused by user. Checking again in 1 minute...
⏸️  Scans are paused by user. Checking again in 1 minute...
⏸️  Scans are paused by user. Checking again in 1 minute...
⏸️  Scans are paused by user. Checking again in 1 minute...
⏸️  Scans are paused by user. Checking again in 1 minute...
⏸️  Scans are paused by user. Checking again in 1 minute...
⏸️  Scans are paused by user. Checking again in 1 minute...
⏸️  Scans are paused by user. Checking again in 1 minute...
⏸️  Scans are paused by user. Checking again in 1 minute...
⏸️  Scans are paused by user. Checking again in 1 minute...
⏸️  Scans are paused by user. Checking again in 1 minute...
⏸️  Scans are paused by user. Checking again in 1 minute...
⏸️  Scans are paused by user. Checking again in 1 minute...
⏸️  Scans are paused by user. Checking again in 1 minute...
⏸️  Scans are paused by user. Checking again in 1 minute...
⏸️  Scans are paused by user. Checking again in 1 minute...
⏸️  Scans are paused by user. Checking again in 1 minute...
⏸️  Scans are paused by user. Checking again in 1 minute...
⏸️  Scans are paused by user. Checking again in 1 minute...
⏸️  Scans are paused by user. Checking again in 1 minute...
⏸️  Scans are paused by user. Checking again in 1 minute...
⏸️  Scans are paused by user. Checking again in 1 minute...
⏸️  Scans are paused by user. Checking again in 1 minute...
⏸️  Scans are paused by user. Checking again in 1 minute...
⏸️  Scans are paused by user. Checking again in 1 minute...
⏸️  Scans are paused by user. Checking again in 1 minute...
⏸️  Scans are paused by user. Checking again in 1 minute...
⏸️  Scans are paused by user. Checking again in 1 minute...
⏸️  Scans are paused by user. Checking again in 1 minute...
⏸️  Scans are paused by user. Checking again in 1 minute...
⏸️  Scans are paused by user. Checking again in 1 minute...
⏸️  Scans are paused by user. Checking again in 1 minute...
⏸️  Scans are paused by user. Checking again in 1 minute...
⏸️  Scans are paused by user. Checking again in 1 minute...
⏸️  Scans are paused by user. Checking again in 1 minute...
⏸️  Scans are paused by user. Checking again in 1 minute...
⏸️  Scans are paused by user. Checking again in 1 minute...
⏸️  Scans are paused by user. Checking again in 1 minute...
⏸️  Scans are paused by user. Checking again in 1 minute...
⏸️  Scans are paused by user. Checking again in 1 minute...
⏸️  Scans are paused by user. Checking again in 1 minute...
⏸️  Scans are paused by user. Checking again in 1 minute...
⏸️  Scans are paused by user. Checking again in 1 minute...
⏸️  Scans are paused by user. Checking again in 1 minute...
⏸️  Scans are paused by user. Checking again in 1 minute...
⏸️  Scans are paused by user. Checking again in 1 minute...
⏸️  Scans are paused by user. Checking again in 1 minute...
⏸️  Scans are paused by user. Checking again in 1 minute...
⏸️  Scans are paused by user. Checking again in 1 minute...
⏸️  Scans are paused by user. Checking again in 1 minute...
⏸️  Scans are paused by user. Checking again in 1 minute...
⏸️  Scans are paused by user. Checking again in 1 minute...
⏸️  Scans are paused by user. Checking again in 1 minute...
⏸️  Scans are paused by user. Checking again in 1 minute...
⏸️  Scans are paused by user. Checking again in 1 minute...
⏸️  Scans are paused by user. Checking again in 1 minute...
⏸️  Scans are paused by user. Checking again in 1 minute...
⏸️  Scans are paused by user. Checking again in 1 minute...
⏸️  Scans are paused by user. Checking again in 1 minute...
⏸️  Scans are paused by user. Checking again in 1 minute...
⏸️  Scans are paused by user. Checking again in 1 minute...
⏸️  Scans are paused by user. Checking again in 1 minute...
⏸️  Scans are paused by user. Checking again in 1 minute...
⏸️  Scans are paused by user. Checking again in 1 minute...
⏸️  Scans are paused by user. Checking again in 1 minute...
⏸️  Scans are paused by user. Checking again in 1 minute...
⏸️  Scans are paused by user. Checking again in 1 minute...
⏸️  Scans are paused by user. Checking again in 1 minute...
⏸️  Scans are paused by user. Checking again in 1 minute...
⏸️  Scans are paused by user. Checking again in 1 minute...
⏸️  Scans are paused by user. Checking again in 1 minute...
⏸️  Scans are paused by user. Checking again in 1 minute...
⏸️  Scans are paused by user. Checking again in 1 minute...
⏸️  Scans are paused by user. Checking again in 1 minute...
⏸️  Scans are paused by user. Checking again in 1 minute...
⏸️  Scans are paused by user. Checking again in 1 minute...
⏸️  Scans are paused by user. Checking again in 1 minute...
⏸️  Scans are paused by user. Checking again in 1 minute...
⏸️  Scans are paused by user. Checking again in 1 minute...
⏸️  Scans are paused by user. Checking again in 1 minute...
⏸️  Scans are paused by user. Checking again in 1 minute...
⏸️  Scans are paused by user. Checking again in 1 minute...
⏸️  Scans are paused by user. Checking again in 1 minute...
⏸️  Scans are paused by user. Checking again in 1 minute...
⏸️  Scans are paused by user. Checking again in 1 minute...
⏸️  Scans are paused by user. Checking again in 1 minute...
⏸️  Scans are paused by user. Checking again in 1 minute...
⏸️  Scans are paused by user. Checking again in 1 minute...
⏸️  Scans are paused by user. Checking again in 1 minute...
⏸️  Scans are paused by user. Checking again in 1 minute...
⏸️  Scans are paused by user. Checking again in 1 minute...
⏸️  Scans are paused by user. Checking again in 1 minute...
⏸️  Scans are paused by user. Checking again in 1 minute...
⏸️  Scans are paused by user. Checking again in 1 minute...
⏸️  Scans are paused by user. Checking again in 1 minute...
⏸️  Scans are paused by user. Checking again in 1 minute...
⏸️  Scans are paused by user. Checking again in 1 minute...
⏸️  Scans are paused by user. Checking again in 1 minute...
⏸️  Scans are paused by user. Checking again in 1 minute...
⏸️  Scans are paused by user. Checking again in 1 minute...
⏸️  Scans are paused by user. Checking again in 1 minute...
⏸️  Scans are paused by user. Checking again in 1 minute...
⏸️  Scans are paused by user. Checking again in 1 minute...
⏸️  Scans are paused by user. Checking again in 1 minute...
⏸️  Scans are paused by user. Checking again in 1 minute...
⏸️  Scans are paused by user. Checking again in 1 minute...
⏸️  Scans are paused by user. Checking again in 1 minute...
⏸️  Scans are paused by user. Checking again in 1 minute...
⏸️  Scans are paused by user. Checking again in 1 minute...
⏸️  Scans are paused by user. Checking again in 1 minute...
⏸️  Scans are paused by user. Checking again in 1 minute...
⏸️  Scans are paused by user. Checking again in 1 minute...
⏸️  Scans are paused by user. Checking again in 1 minute...
⏸️  Scans are paused by user. Checking again in 1 minute...
⏸️  Scans are paused by user. Checking again in 1 minute...
⏸️  Scans are paused by user. Checking again in 1 minute...
⏸️  Scans are paused by user. Checking again in 1 minute...
⏸️  Scans are paused by user. Checking again in 1 minute...
⏸️  Scans are paused by user. Checking again in 1 minute...
⏸️  Scans are paused by user. Checking again in 1 minute...
⏸️  Scans are paused by user. Checking again in 1 minute...
⏸️  Scans are paused by user. Checking again in 1 minute...
⏸️  Scans are paused by user. Checking again in 1 minute...
⏸️  Scans are paused by user. Checking again in 1 minute...
⏸️  Scans are paused by user. Checking again in 1 minute...
⏸️  Scans are paused by user. Checking again in 1 minute...
⏸️  Scans are paused by user. Checking again in 1 minute...
⏸️  Scans are paused by user. Checking again in 1 minute...
⏸️  Scans are paused by user. Checking again in 1 minute...
⏸️  Scans are paused by user. Checking again in 1 minute...
⏸️  Scans are paused by user. Checking again in 1 minute...
⏸️  Scans are paused by user. Checking again in 1 minute...
⏸️  Scans are paused by user. Checking again in 1 minute...
⏸️  Scans are paused by user. Checking again in 1 minute...
⏸️  Scans are paused by user. Checking again in 1 minute...
⏸️  Scans are paused by user. Checking again in 1 minute...
⏸️  Scans are paused by user. Checking again in 1 minute...
⏸️  Scans are paused by user. Checking again in 1 minute...
⏸️  Scans are paused by user. Checking again in 1 minute...
⏸️  Scans are paused by user. Checking again in 1 minute...
⏸️  Scans are paused by user. Checking again in 1 minute...
⏸️  Scans are paused by user. Checking again in 1 minute...
⏸️  Scans are paused by user. Checking again in 1 minute...
⏸️  Scans are paused by user. Checking again in 1 minute...
⏸️  Scans are paused by user. Checking again in 1 minute...
⏸️  Scans are paused by user. Checking again in 1 minute...
⏸️  Scans are paused by user. Checking again in 1 minute...
⏸️  Scans are paused by user. Checking again in 1 minute...
⏸️  Scans are paused by user. Checking again in 1 minute...
⏸️  Scans are paused by user. Checking again in 1 minute...
⏸️  Scans are paused by user. Checking again in 1 minute...
⏸️  Scans are paused by user. Checking again in 1 minute...
⏸️  Scans are paused by user. Checking again in 1 minute...
⏸️  Scans are paused by user. Checking again in 1 minute...
⏸️  Scans are paused by user. Checking again in 1 minute...
⏸️  Scans are paused by user. Checking again in 1 minute...
⏸️  Scans are paused by user. Checking again in 1 minute...
⏸️  Scans are paused by user. Checking again in 1 minute...
⏸️  Scans are paused by user. Checking again in 1 minute...
⏸️  Scans are paused by user. Checking again in 1 minute...
⏸️  Scans are paused by user. Checking again in 1 minute...
⏸️  Scans are paused by user. Checking again in 1 minute...
⏸️  Scans are paused by user. Checking again in 1 minute...
⏸️  Scans are paused by user. Checking again in 1 minute...
⏸️  Scans are paused by user. Checking again in 1 minute...
⏸️  Scans are paused by user. Checking again in 1 minute...
⏸️  Scans are paused by user. Checking again in 1 minute...
⏸️  Scans are paused by user. Checking again in 1 minute...
⏸️  Scans are paused by user. Checking again in 1 minute...
⏸️  Scans are paused by user. Checking again in 1 minute...
⏸️  Scans are paused by user. Checking again in 1 minute...
⏸️  Scans are paused by user. Checking again in 1 minute...
⏸️  Scans are paused by user. Checking again in 1 minute...
⏸️  Scans are paused by user. Checking again in 1 minute...
⏸️  Scans are paused by user. Checking again in 1 minute...
⏸️  Scans are paused by user. Checking again in 1 minute...
⏸️  Scans are paused by user. Checking again in 1 minute...
⏸️  Scans are paused by user. Checking again in 1 minute...
⏸️  Scans are paused by user. Checking again in 1 minute...
⏸️  Scans are paused by user. Checking again in 1 minute...
⏸️  Scans are paused by user. Checking again in 1 minute...
⏸️  Scans are paused by user. Checking again in 1 minute...
⏸️  Scans are paused by user. Checking again in 1 minute...
⏸️  Scans are paused by user. Checking again in 1 minute...
⏸️  Scans are paused by user. Checking again in 1 minute...
⏸️  Scans are paused by user. Checking again in 1 minute...
⏸️  Scans are paused by user. Checking again in 1 minute...
⏸️  Scans are paused by user. Checking again in 1 minute...
⏸️  Scans are paused by user. Checking again in 1 minute...
⏸️  Scans are paused by user. Checking again in 1 minute...
⏸️  Scans are paused by user. Checking again in 1 minute...
⏸️  Scans are paused by user. Checking again in 1 minute...
⏸️  Scans are paused by user. Checking again in 1 minute...
⏸️  Scans are paused by user. Checking again in 1 minute...
⏸️  Scans are paused by user. Checking again in 1 minute...
⏸️  Scans are paused by user. Checking again in 1 minute...
⏸️  Scans are paused by user. Checking again in 1 minute...
⏸️  Scans are paused by user. Checking again in 1 minute...
⏸️  Scans are paused by user. Checking again in 1 minute...
⏸️  Scans are paused by user. Checking again in 1 minute...
⏸️  Scans are paused by user. Checking again in 1 minute...
⏸️  Scans are paused by user. Checking again in 1 minute...
⏸️  Scans are paused by user. Checking again in 1 minute...
⏸️  Scans are paused by user. Checking again in 1 minute...
⏸️  Scans are paused by user. Checking again in 1 minute...
⏸️  Scans are paused by user. Checking again in 1 minute...
⏸️  Scans are paused by user. Checking again in 1 minute...
⏸️  Scans are paused by user. Checking again in 1 minute...
⏸️  Scans are paused by user. Checking again in 1 minute...
⏸️  Scans are paused by user. Checking again in 1 minute...
⏸️  Scans are paused by user. Checking again in 1 minute...
⏸️  Scans are paused by user. Checking again in 1 minute...
⏸️  Scans are paused by user. Checking again in 1 minute...
⏸️  Scans are paused by user. Checking again in 1 minute...
⏸️  Scans are paused by user. Checking again in 1 minute...
⏸️  Scans are paused by user. Checking again in 1 minute...
⏸️  Scans are paused by user. Checking again in 1 minute...
⏸️  Scans are paused by user. Checking again in 1 minute...
⏸️  Scans are paused by user. Checking again in 1 minute...
⏸️  Scans are paused by user. Checking again in 1 minute...
⏸️  Scans are paused by user. Checking again in 1 minute...
⏸️  Scans are paused by user. Checking again in 1 minute...
⏸️  Scans are paused by user. Checking again in 1 minute...
⏸️  Scans are paused by user. Checking again in 1 minute...
⏸️  Scans are paused by user. Checking again in 1 minute...
⏸️  Scans are paused by user. Checking again in 1 minute...
⏸️  Scans are paused by user. Checking again in 1 minute...
⏸️  Scans are paused by user. Checking again in 1 minute...
⏸️  Scans are paused by user. Checking again in 1 minute...
⏸️  Scans are paused by user. Checking again in 1 minute...
⏸️  Scans are paused by user. Checking again in 1 minute...
⏸️  Scans are paused by user. Checking again in 1 minute...
⏸️  Scans are paused by user. Checking again in 1 minute...
⏸️  Scans are paused by user. Checking again in 1 minute...
⏸️  Scans are paused by user. Checking again in 1 minute...
⏸️  Scans are paused by user. Checking again in 1 minute...
⏸️  Scans are paused by user. Checking again in 1 minute...
⏸️  Scans are paused by user. Checking again in 1 minute...
⏸️  Scans are paused by user. Checking again in 1 minute...
⏸️  Scans are paused by user. Checking again in 1 minute...
⏸️  Scans are paused by user. Checking again in 1 minute...
⏸️  Scans are paused by user. Checking again in 1 minute...
⏸️  Scans are paused by user. Checking again in 1 minute...
⏸️  Scans are paused by user. Checking again in 1 minute...
⏸️  Scans are paused by user. Checking again in 1 minute...
⏸️  Scans are paused by user. Checking again in 1 minute...
⏸️  Scans are paused by user. Checking again in 1 minute...
⏸️  Scans are paused by user. Checking again in 1 minute...
⏸️  Scans are paused by user. Checking again in 1 minute...
⏸️  Scans are paused by user. Checking again in 1 minute...
⏸️  Scans are paused by user. Checking again in 1 minute...
⏸️  Scans are paused by user. Checking again in 1 minute...
⏸️  Scans are paused by user. Checking again in 1 minute...
⏸️  Scans are paused by user. Checking again in 1 minute...
⏸️  Scans are paused by user. Checking again in 1 minute...
⏸️  Scans are paused by user. Checking again in 1 minute...
⏸️  Scans are paused by user. Checking again in 1 minute...
⏸️  Scans are paused by user. Checking again in 1 minute...
⏸️  Scans are paused by user. Checking again in 1 minute...
⏸️  Scans are paused by user. Checking again in 1 minute...
⏸️  Scans are paused by user. Checking again in 1 minute...
⏸️  Scans are paused by user. Checking again in 1 minute...
⏸️  Scans are paused by user. Checking again in 1 minute...
⏸️  Scans are paused by user. Checking again in 1 minute...
⏸️  Scans are paused by user. Checking again in 1 minute...
⏸️  Scans are paused by user. Checking again in 1 minute...
⏸️  Scans are paused by user. Checking again in 1 minute...
⏸️  Scans are paused by user. Checking again in 1 minute...
⏸️  Scans are paused by user. Checking again in 1 minute...
⏸️  Scans are paused by user. Checking again in 1 minute...
⏸️  Scans are paused by user. Checking again in 1 minute...
⏸️  Scans are paused by user. Checking again in 1 minute...
⏸️  Scans are paused by user. Checking again in 1 minute...
⏸️  Scans are paused by user. Checking again in 1 minute...
⏸️  Scans are paused by user. Checking again in 1 minute...
⏸️  Scans are paused by user. Checking again in 1 minute...
⏸️  Scans are paused by user. Checking again in 1 minute...
⏸️  Scans are paused by user. Checking again in 1 minute...
⏸️  Scans are paused by user. Checking again in 1 minute...
⏸️  Scans are paused by user. Checking again in 1 minute...
⏸️  Scans are paused by user. Checking again in 1 minute...
⏸️  Scans are paused by user. Checking again in 1 minute...
⏸️  Scans are paused by user. Checking again in 1 minute...
⏸️  Scans are paused by user. Checking again in 1 minute...
⏸️  Scans are paused by user. Checking again in 1 minute...
⏸️  Scans are paused by user. Checking again in 1 minute...
⏸️  Scans are paused by user. Checking again in 1 minute...
⏸️  Scans are paused by user. Checking again in 1 minute...
⏸️  Scans are paused by user. Checking again in 1 minute...
⏸️  Scans are paused by user. Checking again in 1 minute...
⏸️  Scans are paused by user. Checking again in 1 minute...
⏸️  Scans are paused by user. Checking again in 1 minute...
⏸️  Scans are paused by user. Checking again in 1 minute...
⏸️  Scans are paused by user. Checking again in 1 minute...
⏸️  Scans are paused by user. Checking again in 1 minute...
⏸️  Scans are paused by user. Checking again in 1 minute...
⏸️  Scans are paused by user. Checking again in 1 minute...
⏸️  Scans are paused by user. Checking again in 1 minute...
⏸️  Scans are paused by user. Checking again in 1 minute...
⏸️  Scans are paused by user. Checking again in 1 minute...
⏸️  Scans are paused by user. Checking again in 1 minute...
⏸️  Scans are paused by user. Checking again in 1 minute...
⏸️  Scans are paused by user. Checking again in 1 minute...
⏸️  Scans are paused by user. Checking again in 1 minute...
⏸️  Scans are paused by user. Checking again in 1 minute...
⏸️  Scans are paused by user. Checking again in 1 minute...
⏸️  Scans are paused by user. Checking again in 1 minute...
⏸️  Scans are paused by user. Checking again in 1 minute...
⏸️  Scans are paused by user. Checking again in 1 minute...
⏸️  Scans are paused by user. Checking again in 1 minute...
⏸️  Scans are paused by user. Checking again in 1 minute...
⏸️  Scans are paused by user. Checking again in 1 minute...
⏸️  Scans are paused by user. Checking again in 1 minute...
⏸️  Scans are paused by user. Checking again in 1 minute...
⏸️  Scans are paused by user. Checking again in 1 minute...
⏸️  Scans are paused by user. Checking again in 1 minute...
⏸️  Scans are paused by user. Checking again in 1 minute...
⏸️  Scans are paused by user. Checking again in 1 minute...
⏸️  Scans are paused by user. Checking again in 1 minute...
⏸️  Scans are paused by user. Checking again in 1 minute...
⏸️  Scans are paused by user. Checking again in 1 minute...
⏸️  Scans are paused by user. Checking again in 1 minute...
⏸️  Scans are paused by user. Checking again in 1 minute...
⏸️  Scans are paused by user. Checking again in 1 minute...
⏸️  Scans are paused by user. Checking again in 1 minute...
⏸️  Scans are paused by user. Checking again in 1 minute...
⏸️  Scans are paused by user. Checking again in 1 minute...
⏸️  Scans are paused by user. Checking again in 1 minute...
⏸️  Scans are paused by user. Checking again in 1 minute...
⏸️  Scans are paused by user. Checking again in 1 minute...
⏸️  Scans are paused by user. Checking again in 1 minute...
⏸️  Scans are paused by user. Checking again in 1 minute...
⏸️  Scans are paused by user. Checking again in 1 minute...
⏸️  Scans are paused by user. Checking again in 1 minute...
⏸️  Scans are paused by user. Checking again in 1 minute...
⏸️  Scans are paused by user. Checking again in 1 minute...
⏸️  Scans are paused by user. Checking again in 1 minute...
⏸️  Scans are paused by user. Checking again in 1 minute...
⏸️  Scans are paused by user. Checking again in 1 minute...
⏸️  Scans are paused by user. Checking again in 1 minute...
⏸️  Scans are paused by user. Checking again in 1 minute...
⏸️  Scans are paused by user. Checking again in 1 minute...
⏸️  Scans are paused by user. Checking again in 1 minute...
⏸️  Scans are paused by user. Checking again in 1 minute...
⏸️  Scans are paused by user. Checking again in 1 minute...
⏸️  Scans are paused by user. Checking again in 1 minute...
⏸️  Scans are paused by user. Checking again in 1 minute...
⏸️  Scans are paused by user. Checking again in 1 minute...
⏸️  Scans are paused by user. Checking again in 1 minute...
⏸️  Scans are paused by user. Checking again in 1 minute...
⏸️  Scans are paused by user. Checking again in 1 minute...
⏸️  Scans are paused by user. Checking again in 1 minute...
⏸️  Scans are paused by user. Checking again in 1 minute...
⏸️  Scans are paused by user. Checking again in 1 minute...
⏸️  Scans are paused by user. Checking again in 1 minute...
⏸️  Scans are paused by user. Checking again in 1 minute...
⏸️  Scans are paused by user. Checking again in 1 minute...
⏸️  Scans are paused by user. Checking again in 1 minute...
⏸️  Scans are paused by user. Checking again in 1 minute...
⏸️  Scans are paused by user. Checking again in 1 minute...
⏸️  Scans are paused by user. Checking again in 1 minute...
⏸️  Scans are paused by user. Checking again in 1 minute...
⏸️  Scans are paused by user. Checking again in 1 minute...
⏸️  Scans are paused by user. Checking again in 1 minute...
⏸️  Scans are paused by user. Checking again in 1 minute...
⏸️  Scans are paused by user. Checking again in 1 minute...
⏸️  Scans are paused by user. Checking again in 1 minute...
⏸️  Scans are paused by user. Checking again in 1 minute...
⏸️  Scans are paused by user. Checking again in 1 minute...
⏸️  Scans are paused by user. Checking again in 1 minute...
⏸️  Scans are paused by user. Checking again in 1 minute...
⏸️  Scans are paused by user. Checking again in 1 minute...
⏸️  Scans are paused by user. Checking again in 1 minute...
⏸️  Scans are paused by user. Checking again in 1 minute...
⏸️  Scans are paused by user. Checking again in 1 minute...
⏸️  Scans are paused by user. Checking again in 1 minute...
⏸️  Scans are paused by user. Checking again in 1 minute...
⏸️  Scans are paused by user. Checking again in 1 minute...
⏸️  Scans are paused by user. Checking again in 1 minute...
⏸️  Scans are paused by user. Checking again in 1 minute...
⏸️  Scans are paused by user. Checking again in 1 minute...
⏸️  Scans are paused by user. Checking again in 1 minute...
⏸️  Scans are paused by user. Checking again in 1 minute...
⏸️  Scans are paused by user. Checking again in 1 minute...
⏸️  Scans are paused by user. Checking again in 1 minute...
⏸️  Scans are paused by user. Checking again in 1 minute...
⏸️  Scans are paused by user. Checking again in 1 minute...
⏸️  Scans are paused by user. Checking again in 1 minute...
⏸️  Scans are paused by user. Checking again in 1 minute...
⏸️  Scans are paused by user. Checking again in 1 minute...
⏸️  Scans are paused by user. Checking again in 1 minute...
⏸️  Scans are paused by user. Checking again in 1 minute...
⏸️  Scans are paused by user. Checking again in 1 minute...
⏸️  Scans are paused by user. Checking again in 1 minute...
⏸️  Scans are paused by user. Checking again in 1 minute...
⏸️  Scans are paused by user. Checking again in 1 minute...
⏸️  Scans are paused by user. Checking again in 1 minute...
⏸️  Scans are paused by user. Checking again in 1 minute...
⏸️  Scans are paused by user. Checking again in 1 minute...
⏸️  Scans are paused by user. Checking again in 1 minute...
⏸️  Scans are paused by user. Checking again in 1 minute...
⏸️  Scans are paused by user. Checking again in 1 minute...
⏸️  Scans are paused by user. Checking again in 1 minute...
⏸️  Scans are paused by user. Checking again in 1 minute...
⏸️  Scans are paused by user. Checking again in 1 minute...
⏸️  Scans are paused by user. Checking again in 1 minute...
⏸️  Scans are paused by user. Checking again in 1 minute...
⏸️  Scans are paused by user. Checking again in 1 minute...
⏸️  Scans are paused by user. Checking again in 1 minute...
⏸️  Scans are paused by user. Checking again in 1 minute...
⏸️  Scans are paused by user. Checking again in 1 minute...
⏸️  Scans are paused by user. Checking again in 1 minute...
⏸️  Scans are paused by user. Checking again in 1 minute...
⏸️  Scans are paused by user. Checking again in 1 minute...
⏸️  Scans are paused by user. Checking again in 1 minute...
⏸️  Scans are paused by user. Checking again in 1 minute...
⏸️  Scans are paused by user. Checking again in 1 minute...
⏸️  Scans are paused by user. Checking again in 1 minute...
⏸️  Scans are paused by user. Checking again in 1 minute...
⏸️  Scans are paused by user. Checking again in 1 minute...
⏸️  Scans are paused by user. Checking again in 1 minute...
⏸️  Scans are paused by user. Checking again in 1 minute...
⏸️  Scans are paused by user. Checking again in 1 minute...
⏸️  Scans are paused by user. Checking again in 1 minute...
⏸️  Scans are paused by user. Checking again in 1 minute...
⏸️  Scans are paused by user. Checking again in 1 minute...
⏸️  Scans are paused by user. Checking again in 1 minute...
⏸️  Scans are paused by user. Checking again in 1 minute...
⏸️  Scans are paused by user. Checking again in 1 minute...
⏸️  Scans are paused by user. Checking again in 1 minute...
⏸️  Scans are paused by user. Checking again in 1 minute...
⏸️  Scans are paused by user. Checking again in 1 minute...
⏸️  Scans are paused by user. Checking again in 1 minute...
⏸️  Scans are paused by user. Checking again in 1 minute...
⏸️  Scans are paused by user. Checking again in 1 minute...
⏸️  Scans are paused by user. Checking again in 1 minute...
⏸️  Scans are paused by user. Checking again in 1 minute...
⏸️  Scans are paused by user. Checking again in 1 minute...
⏸️  Scans are paused by user. Checking again in 1 minute...
⏸️  Scans are paused by user. Checking again in 1 minute...
⏸️  Scans are paused by user. Checking again in 1 minute...
⏸️  Scans are paused by user. Checking again in 1 minute...
⏸️  Scans are paused by user. Checking again in 1 minute...
⏸️  Scans are paused by user. Checking again in 1 minute...
⏸️  Scans are paused by user. Checking again in 1 minute...
⏸️  Scans are paused by user. Checking again in 1 minute...
⏸️  Scans are paused by user. Checking again in 1 minute...
⏸️  Scans are paused by user. Checking again in 1 minute...
⏸️  Scans are paused by user. Checking again in 1 minute...
⏸️  Scans are paused by user. Checking again in 1 minute...
⏸️  Scans are paused by user. Checking again in 1 minute...
⏸️  Scans are paused by user. Checking again in 1 minute...
⏸️  Scans are paused by user. Checking again in 1 minute...
⏸️  Scans are paused by user. Checking again in 1 minute...
⏸️  Scans are paused by user. Checking again in 1 minute...
⏸️  Scans are paused by user. Checking again in 1 minute...
⏸️  Scans are paused by user. Checking again in 1 minute...
⏸️  Scans are paused by user. Checking again in 1 minute...
⏸️  Scans are paused by user. Checking again in 1 minute...
⏸️  Scans are paused by user. Checking again in 1 minute...
⏸️  Scans are paused by user. Checking again in 1 minute...
⏸️  Scans are paused by user. Checking again in 1 minute...
⏸️  Scans are paused by user. Checking again in 1 minute...
⏸️  Scans are paused by user. Checking again in 1 minute...
⏸️  Scans are paused by user. Checking again in 1 minute...
⏸️  Scans are paused by user. Checking again in 1 minute...
⏸️  Scans are paused by user. Checking again in 1 minute...
⏸️  Scans are paused by user. Checking again in 1 minute...
⏸️  Scans are paused by user. Checking again in 1 minute...
⏸️  Scans are paused by user. Checking again in 1 minute...
⏸️  Scans are paused by user. Checking again in 1 minute...
⏸️  Scans are paused by user. Checking again in 1 minute...
⏸️  Scans are paused by user. Checking again in 1 minute...
⏸️  Scans are paused by user. Checking again in 1 minute...
⏸️  Scans are paused by user. Checking again in 1 minute...
⏸️  Scans are paused by user. Checking again in 1 minute...
⏸️  Scans are paused by user. Checking again in 1 minute...
⏸️  Scans are paused by user. Checking again in 1 minute...
⏸️  Scans are paused by user. Checking again in 1 minute...
⏸️  Scans are paused by user. Checking again in 1 minute...
⏸️  Scans are paused by user. Checking again in 1 minute...
⏸️  Scans are paused by user. Checking again in 1 minute...
⏸️  Scans are paused by user. Checking again in 1 minute...
⏸️  Scans are paused by user. Checking again in 1 minute...
⏸️  Scans are paused by user. Checking again in 1 minute...
⏸️  Scans are paused by user. Checking again in 1 minute...
⏸️  Scans are paused by user. Checking again in 1 minute...
⏸️  Scans are paused by user. Checking again in 1 minute...
⏸️  Scans are paused by user. Checking again in 1 minute...
⏸️  Scans are paused by user. Checking again in 1 minute...
⏸️  Scans are paused by user. Checking again in 1 minute...
⏸️  Scans are paused by user. Checking again in 1 minute...
⏸️  Scans are paused by user. Checking again in 1 minute...
⏸️  Scans are paused by user. Checking again in 1 minute...
⏸️  Scans are paused by user. Checking again in 1 minute...
⏸️  Scans are paused by user. Checking again in 1 minute...
⏸️  Scans are paused by user. Checking again in 1 minute...
⏸️  Scans are paused by user. Checking again in 1 minute...
⏸️  Scans are paused by user. Checking again in 1 minute...
⏸️  Scans are paused by user. Checking again in 1 minute...
⏸️  Scans are paused by user. Checking again in 1 minute...
⏸️  Scans are paused by user. Checking again in 1 minute...
⏸️  Scans are paused by user. Checking again in 1 minute...
⏸️  Scans are paused by user. Checking again in 1 minute...
⏸️  Scans are paused by user. Checking again in 1 minute...
⏸️  Scans are paused by user. Checking again in 1 minute...
⏸️  Scans are paused by user. Checking again in 1 minute...
⏸️  Scans are paused by user. Checking again in 1 minute...
⏸️  Scans are paused by user. Checking again in 1 minute...
⏸️  Scans are paused by user. Checking again in 1 minute...
⏸️  Scans are paused by user. Checking again in 1 minute...
⏸️  Scans are paused by user. Checking again in 1 minute...
⏸️  Scans are paused by user. Checking again in 1 minute...
⏸️  Scans are paused by user. Checking again in 1 minute...
⏸️  Scans are paused by user. Checking again in 1 minute...
⏸️  Scans are paused by user. Checking again in 1 minute...
⏸️  Scans are paused by user. Checking again in 1 minute...
⏸️  Scans are paused by user. Checking again in 1 minute...
⏸️  Scans are paused by user. Checking again in 1 minute...
⏸️  Scans are paused by user. Checking again in 1 minute...
⏸️  Scans are paused by user. Checking again in 1 minute...
⏸️  Scans are paused by user. Checking again in 1 minute...
⏸️  Scans are paused by user. Checking again in 1 minute...
⏸️  Scans are paused by user. Checking again in 1 minute...
⏸️  Scans are paused by user. Checking again in 1 minute...
⏸️  Scans are paused by user. Checking again in 1 minute...
⏸️  Scans are paused by user. Checking again in 1 minute...
⏸️  Scans are paused by user. Checking again in 1 minute...
⏸️  Scans are paused by user. Checking again in 1 minute...
⏸️  Scans are paused by user. Checking again in 1 minute...
⏸️  Scans are paused by user. Checking again in 1 minute...
⏸️  Scans are paused by user. Checking again in 1 minute...
⏸️  Scans are paused by user. Checking again in 1 minute...
⏸️  Scans are paused by user. Checking again in 1 minute...
⏸️  Scans are paused by user. Checking again in 1 minute...
⏸️  Scans are paused by user. Checking again in 1 minute...
⏸️  Scans are paused by user. Checking again in 1 minute...
⏸️  Scans are paused by user. Checking again in 1 minute...
⏸️  Scans are paused by user. Checking again in 1 minute...
⏸️  Scans are paused by user. Checking again in 1 minute...
⏸️  Scans are paused by user. Checking again in 1 minute...
⏸️  Scans are paused by user. Checking again in 1 minute...
⏸️  Scans are paused by user. Checking again in 1 minute...
⏸️  Scans are paused by user. Checking again in 1 minute...
⏸️  Scans are paused by user. Checking again in 1 minute...
⏸️  Scans are paused by user. Checking again in 1 minute...
⏸️  Scans are paused by user. Checking again in 1 minute...
⏸️  Scans are paused by user. Checking again in 1 minute...
⏸️  Scans are paused by user. Checking again in 1 minute...
⏸️  Scans are paused by user. Checking again in 1 minute...
⏸️  Scans are paused by user. Checking again in 1 minute...
⏸️  Scans are paused by user. Checking again in 1 minute...
⏸️  Scans are paused by user. Checking again in 1 minute...
⏸️  Scans are paused by user. Checking again in 1 minute...
⏸️  Scans are paused by user. Checking again in 1 minute...
⏸️  Scans are paused by user. Checking again in 1 minute...
⏸️  Scans are paused by user. Checking again in 1 minute...
⏸️  Scans are paused by user. Checking again in 1 minute...
⏸️  Scans are paused by user. Checking again in 1 minute...
⏸️  Scans are paused by user. Checking again in 1 minute...
⏸️  Scans are paused by user. Checking again in 1 minute...
⏸️  Scans are paused by user. Checking again in 1 minute...
⏸️  Scans are paused by user. Checking again in 1 minute...
⏸️  Scans are paused by user. Checking again in 1 minute...
⏸️  Scans are paused by user. Checking again in 1 minute...
⏸️  Scans are paused by user. Checking again in 1 minute...
⏸️  Scans are paused by user. Checking again in 1 minute...
⏸️  Scans are paused by user. Checking again in 1 minute...
⏸️  Scans are paused by user. Checking again in 1 minute...
⏸️  Scans are paused by user. Checking again in 1 minute...
⏸️  Scans are paused by user. Checking again in 1 minute...
⏸️  Scans are paused by user. Checking again in 1 minute...
⏸️  Scans are paused by user. Checking again in 1 minute...
⏸️  Scans are paused by user. Checking again in 1 minute...
⏸️  Scans are paused by user. Checking again in 1 minute...
⏸️  Scans are paused by user. Checking again in 1 minute...
⏸️  Scans are paused by user. Checking again in 1 minute...
⏸️  Scans are paused by user. Checking again in 1 minute...
⏸️  Scans are paused by user. Checking again in 1 minute...
⏸️  Scans are paused by user. Checking again in 1 minute...
⏸️  Scans are paused by user. Checking again in 1 minute...
⏸️  Scans are paused by user. Checking again in 1 minute...
⏸️  Scans are paused by user. Checking again in 1 minute...
⏸️  Scans are paused by user. Checking again in 1 minute...
⏸️  Scans are paused by user. Checking again in 1 minute...
⏸️  Scans are paused by user. Checking again in 1 minute...
⏸️  Scans are paused by user. Checking again in 1 minute...
⏸️  Scans are paused by user. Checking again in 1 minute...
⏸️  Scans are paused by user. Checking again in 1 minute...
⏸️  Scans are paused by user. Checking again in 1 minute...
⏸️  Scans are paused by user. Checking again in 1 minute...
⏸️  Scans are paused by user. Checking again in 1 minute...
⏸️  Scans are paused by user. Checking again in 1 minute...
⏸️  Scans are paused by user. Checking again in 1 minute...
⏸️  Scans are paused by user. Checking again in 1 minute...
⏸️  Scans are paused by user. Checking again in 1 minute...
⏸️  Scans are paused by user. Checking again in 1 minute...
⏸️  Scans are paused by user. Checking again in 1 minute...
⏸️  Scans are paused by user. Checking again in 1 minute...
⏸️  Scans are paused by user. Checking again in 1 minute...
⏸️  Scans are paused by user. Checking again in 1 minute...
⏸️  Scans are paused by user. Checking again in 1 minute...
⏸️  Scans are paused by user. Checking again in 1 minute...
⏸️  Scans are paused by user. Checking again in 1 minute...
⏸️  Scans are paused by user. Checking again in 1 minute...
⏸️  Scans are paused by user. Checking again in 1 minute...
⏸️  Scans are paused by user. Checking again in 1 minute...
⏸️  Scans are paused by user. Checking again in 1 minute...
⏸️  Scans are paused by user. Checking again in 1 minute...
⏸️  Scans are paused by user. Checking again in 1 minute...
⏸️  Scans are paused by user. Checking again in 1 minute...
⏸️  Scans are paused by user. Checking again in 1 minute...
⏸️  Scans are paused by user. Checking again in 1 minute...
⏸️  Scans are paused by user. Checking again in 1 minute...
⏸️  Scans are paused by user. Checking again in 1 minute...
⏸️  Scans are paused by user. Checking again in 1 minute...
⏸️  Scans are paused by user. Checking again in 1 minute...
⏸️  Scans are paused by user. Checking again in 1 minute...
⏸️  Scans are paused by user. Checking again in 1 minute...
⏸️  Scans are paused by user. Checking again in 1 minute...
⏸️  Scans are paused by user. Checking again in 1 minute...
⏸️  Scans are paused by user. Checking again in 1 minute...
⏸️  Scans are paused by user. Checking again in 1 minute...
⏸️  Scans are paused by user. Checking again in 1 minute...
⏸️  Scans are paused by user. Checking again in 1 minute...
⏸️  Scans are paused by user. Checking again in 1 minute...
⏸️  Scans are paused by user. Checking again in 1 minute...
⏸️  Scans are paused by user. Checking again in 1 minute...
⏸️  Scans are paused by user. Checking again in 1 minute...
⏸️  Scans are paused by user. Checking again in 1 minute...
⏸️  Scans are paused by user. Checking again in 1 minute...
⏸️  Scans are paused by user. Checking again in 1 minute...
⏸️  Scans are paused by user. Checking again in 1 minute...
⏸️  Scans are paused by user. Checking again in 1 minute...
⏸️  Scans are paused by user. Checking again in 1 minute...
⏸️  Scans are paused by user. Checking again in 1 minute...
⏸️  Scans are paused by user. Checking again in 1 minute...
⏸️  Scans are paused by user. Checking again in 1 minute...
⏸️  Scans are paused by user. Checking again in 1 minute...
⏸️  Scans are paused by user. Checking again in 1 minute...
⏸️  Scans are paused by user. Checking again in 1 minute...
⏸️  Scans are paused by user. Checking again in 1 minute...
⏸️  Scans are paused by user. Checking again in 1 minute...
⏸️  Scans are paused by user. Checking again in 1 minute...
⏸️  Scans are paused by user. Checking again in 1 minute...
⏸️  Scans are paused by user. Checking again in 1 minute...
⏸️  Scans are paused by user. Checking again in 1 minute...
⏸️  Scans are paused by user. Checking again in 1 minute...
⏸️  Scans are paused by user. Checking again in 1 minute...
⏸️  Scans are paused by user. Checking again in 1 minute...
⏸️  Scans are paused by user. Checking again in 1 minute...
⏸️  Scans are paused by user. Checking again in 1 minute...
⏸️  Scans are paused by user. Checking again in 1 minute...
⏸️  Scans are paused by user. Checking again in 1 minute...
⏸️  Scans are paused by user. Checking again in 1 minute...
⏸️  Scans are paused by user. Checking again in 1 minute...
⏸️  Scans are paused by user. Checking again in 1 minute...
⏸️  Scans are paused by user. Checking again in 1 minute...
⏸️  Scans are paused by user. Checking again in 1 minute...
⏸️  Scans are paused by user. Checking again in 1 minute...
⏸️  Scans are paused by user. Checking again in 1 minute...
⏸️  Scans are paused by user. Checking again in 1 minute...
⏸️  Scans are paused by user. Checking again in 1 minute...
⏸️  Scans are paused by user. Checking again in 1 minute...
⏸️  Scans are paused by user. Checking again in 1 minute...
⏸️  Scans are paused by user. Checking again in 1 minute...
⏸️  Scans are paused by user. Checking again in 1 minute...
⏸️  Scans are paused by user. Checking again in 1 minute...
⏸️  Scans are paused by user. Checking again in 1 minute...
⏸️  Scans are paused by user. Checking again in 1 minute...
⏸️  Scans are paused by user. Checking again in 1 minute...
⏸️  Scans are paused by user. Checking again in 1 minute...
⏸️  Scans are paused by user. Checking again in 1 minute...
⏸️  Scans are paused by user. Checking again in 1 minute...
⏸️  Scans are paused by user. Checking again in 1 minute...
⏸️  Scans are paused by user. Checking again in 1 minute...
⏸️  Scans are paused by user. Checking again in 1 minute...
⏸️  Scans are paused by user. Checking again in 1 minute...
⏸️  Scans are paused by user. Checking again in 1 minute...
⏸️  Scans are paused by user. Checking again in 1 minute...
⏸️  Scans are paused by user. Checking again in 1 minute...
⏸️  Scans are paused by user. Checking again in 1 minute...
⏸️  Scans are paused by user. Checking again in 1 minute...
⏸️  Scans are paused by user. Checking again in 1 minute...
⏸️  Scans are paused by user. Checking again in 1 minute...
⏸️  Scans are paused by user. Checking again in 1 minute...
⏸️  Scans are paused by user. Checking again in 1 minute...
⏸️  Scans are paused by user. Checking again in 1 minute...
⏸️  Scans are paused by user. Checking again in 1 minute...
⏸️  Scans are paused by user. Checking again in 1 minute...
⏸️  Scans are paused by user. Checking again in 1 minute...
⏸️  Scans are paused by user. Checking again in 1 minute...
⏸️  Scans are paused by user. Checking again in 1 minute...
⏸️  Scans are paused by user. Checking again in 1 minute...
⏸️  Scans are paused by user. Checking again in 1 minute...
⏸️  Scans are paused by user. Checking again in 1 minute...
⏸️  Scans are paused by user. Checking again in 1 minute...
⏸️  Scans are paused by user. Checking again in 1 minute...
⏸️  Scans are paused by user. Checking again in 1 minute...
⏸️  Scans are paused by user. Checking again in 1 minute...
⏸️  Scans are paused by user. Checking again in 1 minute...
⏸️  Scans are paused by user. Checking again in 1 minute...
⏸️  Scans are paused by user. Checking again in 1 minute...
⏸️  Scans are paused by user. Checking again in 1 minute...
⏸️  Scans are paused by user. Checking again in 1 minute...
⏸️  Scans are paused by user. Checking again in 1 minute...
⏸️  Scans are paused by user. Checking again in 1 minute...
⏸️  Scans are paused by user. Checking again in 1 minute...
⏸️  Scans are paused by user. Checking again in 1 minute...
⏸️  Scans are paused by user. Checking again in 1 minute...
⏸️  Scans are paused by user. Checking again in 1 minute...
⏸️  Scans are paused by user. Checking again in 1 minute...
⏸️  Scans are paused by user. Checking again in 1 minute...
⏸️  Scans are paused by user. Checking again in 1 minute...
⏸️  Scans are paused by user. Checking again in 1 minute...
⏸️  Scans are paused by user. Checking again in 1 minute...
⏸️  Scans are paused by user. Checking again in 1 minute...
⏸️  Scans are paused by user. Checking again in 1 minute...
⏸️  Scans are paused by user. Checking again in 1 minute...
⏸️  Scans are paused by user. Checking again in 1 minute...
⏸️  Scans are paused by user. Checking again in 1 minute...
⏸️  Scans are paused by user. Checking again in 1 minute...
⏸️  Scans are paused by user. Checking again in 1 minute...
⏸️  Scans are paused by user. Checking again in 1 minute...
⏸️  Scans are paused by user. Checking again in 1 minute...
⏸️  Scans are paused by user. Checking again in 1 minute...
⏸️  Scans are paused by user. Checking again in 1 minute...
⏸️  Scans are paused by user. Checking again in 1 minute...
⏸️  Scans are paused by user. Checking again in 1 minute...
⏸️  Scans are paused by user. Checking again in 1 minute...
⏸️  Scans are paused by user. Checking again in 1 minute...
⏸️  Scans are paused by user. Checking again in 1 minute...
⏸️  Scans are paused by user. Checking again in 1 minute...
⏸️  Scans are paused by user. Checking again in 1 minute...
⏸️  Scans are paused by user. Checking again in 1 minute...
⏸️  Scans are paused by user. Checking again in 1 minute...
⏸️  Scans are paused by user. Checking again in 1 minute...
⏸️  Scans are paused by user. Checking again in 1 minute...
⏸️  Scans are paused by user. Checking again in 1 minute...
⏸️  Scans are paused by user. Checking again in 1 minute...
⏸️  Scans are paused by user. Checking again in 1 minute...
⏸️  Scans are paused by user. Checking again in 1 minute...
⏸️  Scans are paused by user. Checking again in 1 minute...
⏸️  Scans are paused by user. Checking again in 1 minute...
⏸️  Scans are paused by user. Checking again in 1 minute...
⏸️  Scans are paused by user. Checking again in 1 minute...
⏸️  Scans are paused by user. Checking again in 1 minute...
⏸️  Scans are paused by user. Checking again in 1 minute...
⏸️  Scans are paused by user. Checking again in 1 minute...
⏸️  Scans are paused by user. Checking again in 1 minute...
⏸️  Scans are paused by user. Checking again in 1 minute...
⏸️  Scans are paused by user. Checking again in 1 minute...
⏸️  Scans are paused by user. Checking again in 1 minute...
⏸️  Scans are paused by user. Checking again in 1 minute...
⏸️  Scans are paused by user. Checking again in 1 minute...
⏸️  Scans are paused by user. Checking again in 1 minute...
⏸️  Scans are paused by user. Checking again in 1 minute...
⏸️  Scans are paused by user. Checking again in 1 minute...
⏸️  Scans are paused by user. Checking again in 1 minute...
⏸️  Scans are paused by user. Checking again in 1 minute...
⏸️  Scans are paused by user. Checking again in 1 minute...
⏸️  Scans are paused by user. Checking again in 1 minute...
⏸️  Scans are paused by user. Checking again in 1 minute...
⏸️  Scans are paused by user. Checking again in 1 minute...
⏸️  Scans are paused by user. Checking again in 1 minute...
⏸️  Scans are paused by user. Checking again in 1 minute...
⏸️  Scans are paused by user. Checking again in 1 minute...
⏸️  Scans are paused by user. Checking again in 1 minute...
⏸️  Scans are paused by user. Checking again in 1 minute...
⏸️  Scans are paused by user. Checking again in 1 minute...
⏸️  Scans are paused by user. Checking again in 1 minute...
⏸️  Scans are paused by user. Checking again in 1 minute...
⏸️  Scans are paused by user. Checking again in 1 minute...
⏸️  Scans are paused by user. Checking again in 1 minute...
⏸️  Scans are paused by user. Checking again in 1 minute...
⏸️  Scans are paused by user. Checking again in 1 minute...
⏸️  Scans are paused by user. Checking again in 1 minute...
⏸️  Scans are paused by user. Checking again in 1 minute...
⏸️  Scans are paused by user. Checking again in 1 minute...
⏸️  Scans are paused by user. Checking again in 1 minute...
⏸️  Scans are paused by user. Checking again in 1 minute...
⏸️  Scans are paused by user. Checking again in 1 minute...
⏸️  Scans are paused by user. Checking again in 1 minute...
⏸️  Scans are paused by user. Checking again in 1 minute...
⏸️  Scans are paused by user. Checking again in 1 minute...
⏸️  Scans are paused by user. Checking again in 1 minute...
⏸️  Scans are paused by user. Checking again in 1 minute...
⏸️  Scans are paused by user. Checking again in 1 minute...
⏸️  Scans are paused by user. Checking again in 1 minute...
⏸️  Scans are paused by user. Checking again in 1 minute...
⏸️  Scans are paused by user. Checking again in 1 minute...
⏸️  Scans are paused by user. Checking again in 1 minute...
⏸️  Scans are paused by user. Checking again in 1 minute...
⏸️  Scans are paused by user. Checking again in 1 minute...
⏸️  Scans are paused by user. Checking again in 1 minute...
⏸️  Scans are paused by user. Checking again in 1 minute...
⏸️  Scans are paused by user. Checking again in 1 minute...
⏸️  Scans are paused by user. Checking again in 1 minute...
⏸️  Scans are paused by user. Checking again in 1 minute...
⏸️  Scans are paused by user. Checking again in 1 minute...
⏸️  Scans are paused by user. Checking again in 1 minute...
⏸️  Scans are paused by user. Checking again in 1 minute...
⏸️  Scans are paused by user. Checking again in 1 minute...
⏸️  Scans are paused by user. Checking again in 1 minute...
⏸️  Scans are paused by user. Checking again in 1 minute...
⏸️  Scans are paused by user. Checking again in 1 minute...
⏸️  Scans are paused by user. Checking again in 1 minute...
⏸️  Scans are paused by user. Checking again in 1 minute...
⏸️  Scans are paused by user. Checking again in 1 minute...
⏸️  Scans are paused by user. Checking again in 1 minute...
⏸️  Scans are paused by user. Checking again in 1 minute...
⏸️  Scans are paused by user. Checking again in 1 minute...
⏸️  Scans are paused by user. Checking again in 1 minute...
⏸️  Scans are paused by user. Checking again in 1 minute...
⏸️  Scans are paused by user. Checking again in 1 minute...
⏸️  Scans are paused by user. Checking again in 1 minute...
⏸️  Scans are paused by user. Checking again in 1 minute...
⏸️  Scans are paused by user. Checking again in 1 minute...
⏸️  Scans are paused by user. Checking again in 1 minute...
⏸️  Scans are paused by user. Checking again in 1 minute...
⏸️  Scans are paused by user. Checking again in 1 minute...
⏸️  Scans are paused by user. Checking again in 1 minute...
⏸️  Scans are paused by user. Checking again in 1 minute...
⏸️  Scans are paused by user. Checking again in 1 minute...
⏸️  Scans are paused by user. Checking again in 1 minute...
⏸️  Scans are paused by user. Checking again in 1 minute...
⏸️  Scans are paused by user. Checking again in 1 minute...
⏸️  Scans are paused by user. Checking again in 1 minute...
⏸️  Scans are paused by user. Checking again in 1 minute...
⏸️  Scans are paused by user. Checking again in 1 minute...
⏸️  Scans are paused by user. Checking again in 1 minute...
⏸️  Scans are paused by user. Checking again in 1 minute...
⏸️  Scans are paused by user. Checking again in 1 minute...
⏸️  Scans are paused by user. Checking again in 1 minute...
⏸️  Scans are paused by user. Checking again in 1 minute...
⏸️  Scans are paused by user. Checking again in 1 minute...
⏸️  Scans are paused by user. Checking again in 1 minute...
⏸️  Scans are paused by user. Checking again in 1 minute...
⏸️  Scans are paused by user. Checking again in 1 minute...
⏸️  Scans are paused by user. Checking again in 1 minute...
⏸️  Scans are paused by user. Checking again in 1 minute...
⏸️  Scans are paused by user. Checking again in 1 minute...
⏸️  Scans are paused by user. Checking again in 1 minute...
⏸️  Scans are paused by user. Checking again in 1 minute...
⏸️  Scans are paused by user. Checking again in 1 minute...
⏸️  Scans are paused by user. Checking again in 1 minute...
⏸️  Scans are paused by user. Checking again in 1 minute...
⏸️  Scans are paused by user. Checking again in 1 minute...
⏸️  Scans are paused by user. Checking again in 1 minute...
⏸️  Scans are paused by user. Checking again in 1 minute...
⏸️  Scans are paused by user. Checking again in 1 minute...
⏸️  Scans are paused by user. Checking again in 1 minute...
⏸️  Scans are paused by user. Checking again in 1 minute...
⏸️  Scans are paused by user. Checking again in 1 minute...
⏸️  Scans are paused by user. Checking again in 1 minute...
⏸️  Scans are paused by user. Checking again in 1 minute...
⏸️  Scans are paused by user. Checking again in 1 minute...
⏸️  Scans are paused by user. Checking again in 1 minute...
⏸️  Scans are paused by user. Checking again in 1 minute...
⏸️  Scans are paused by user. Checking again in 1 minute...
⏸️  Scans are paused by user. Checking again in 1 minute...
⏸️  Scans are paused by user. Checking again in 1 minute...
⏸️  Scans are paused by user. Checking again in 1 minute...
⏸️  Scans are paused by user. Checking again in 1 minute...
⏸️  Scans are paused by user. Checking again in 1 minute...
⏸️  Scans are paused by user. Checking again in 1 minute...
⏸️  Scans are paused by user. Checking again in 1 minute...
⏸️  Scans are paused by user. Checking again in 1 minute...
⏸️  Scans are paused by user. Checking again in 1 minute...
⏸️  Scans are paused by user. Checking again in 1 minute...
⏸️  Scans are paused by user. Checking again in 1 minute...
⏸️  Scans are paused by user. Checking again in 1 minute...
⏸️  Scans are paused by user. Checking again in 1 minute...
⏸️  Scans are paused by user. Checking again in 1 minute...
⏸️  Scans are paused by user. Checking again in 1 minute...
⏸️  Scans are paused by user. Checking again in 1 minute...
⏸️  Scans are paused by user. Checking again in 1 minute...
⏸️  Scans are paused by user. Checking again in 1 minute...
⏸️  Scans are paused by user. Checking again in 1 minute...
⏸️  Scans are paused by user. Checking again in 1 minute...
⏸️  Scans are paused by user. Checking again in 1 minute...
⏸️  Scans are paused by user. Checking again in 1 minute...
⏸️  Scans are paused by user. Checking again in 1 minute...
⏸️  Scans are paused by user. Checking again in 1 minute...
⏸️  Scans are paused by user. Checking again in 1 minute...
⏸️  Scans are paused by user. Checking again in 1 minute...
⏸️  Scans are paused by user. Checking again in 1 minute...
⏸️  Scans are paused by user. Checking again in 1 minute...
⏸️  Scans are paused by user. Checking again in 1 minute...
⏸️  Scans are paused by user. Checking again in 1 minute...
⏸️  Scans are paused by user. Checking again in 1 minute...
⏸️  Scans are paused by user. Checking again in 1 minute...
⏸️  Scans are paused by user. Checking again in 1 minute...
⏸️  Scans are paused by user. Checking again in 1 minute...
⏸️  Scans are paused by user. Checking again in 1 minute...
⏸️  Scans are paused by user. Checking again in 1 minute...
⏸️  Scans are paused by user. Checking again in 1 minute...
⏸️  Scans are paused by user. Checking again in 1 minute...
⏸️  Scans are paused by user. Checking again in 1 minute...
⏸️  Scans are paused by user. Checking again in 1 minute...
⏸️  Scans are paused by user. Checking again in 1 minute...
⏸️  Scans are paused by user. Checking again in 1 minute...
⏸️  Scans are paused by user. Checking again in 1 minute...
⏸️  Scans are paused by user. Checking again in 1 minute...
⏸️  Scans are paused by user. Checking again in 1 minute...
⏸️  Scans are paused by user. Checking again in 1 minute...
⏸️  Scans are paused by user. Checking again in 1 minute...
⏸️  Scans are paused by user. Checking again in 1 minute...
⏸️  Scans are paused by user. Checking again in 1 minute...
⏸️  Scans are paused by user. Checking again in 1 minute...
⏸️  Scans are paused by user. Checking again in 1 minute...
⏸️  Scans are paused by user. Checking again in 1 minute...
⏸️  Scans are paused by user. Checking again in 1 minute...
⏸️  Scans are paused by user. Checking again in 1 minute...
⏸️  Scans are paused by user. Checking again in 1 minute...
⏸️  Scans are paused by user. Checking again in 1 minute...
⏸️  Scans are paused by user. Checking again in 1 minute...
⏸️  Scans are paused by user. Checking again in 1 minute...
⏸️  Scans are paused by user. Checking again in 1 minute...
⏸️  Scans are paused by user. Checking again in 1 minute...
⏸️  Scans are paused by user. Checking again in 1 minute...
⏸️  Scans are paused by user. Checking again in 1 minute...
⏸️  Scans are paused by user. Checking again in 1 minute...
⏸️  Scans are paused by user. Checking again in 1 minute...
⏸️  Scans are paused by user. Checking again in 1 minute...
⏸️  Scans are paused by user. Checking again in 1 minute...
⏸️  Scans are paused by user. Checking again in 1 minute...
⏸️  Scans are paused by user. Checking again in 1 minute...
⏸️  Scans are paused by user. Checking again in 1 minute...
⏸️  Scans are paused by user. Checking again in 1 minute...
⏸️  Scans are paused by user. Checking again in 1 minute...
⏸️  Scans are paused by user. Checking again in 1 minute...
⏸️  Scans are paused by user. Checking again in 1 minute...
⏸️  Scans are paused by user. Checking again in 1 minute...
⏸️  Scans are paused by user. Checking again in 1 minute...
⏸️  Scans are paused by user. Checking again in 1 minute...
⏸️  Scans are paused by user. Checking again in 1 minute...
⏸️  Scans are paused by user. Checking again in 1 minute...
⏸️  Scans are paused by user. Checking again in 1 minute...
⏸️  Scans are paused by user. Checking again in 1 minute...
⏸️  Scans are paused by user. Checking again in 1 minute...
⏸️  Scans are paused by user. Checking again in 1 minute...
⏸️  Scans are paused by user. Checking again in 1 minute...
⏸️  Scans are paused by user. Checking again in 1 minute...
⏸️  Scans are paused by user. Checking again in 1 minute...
⏸️  Scans are paused by user. Checking again in 1 minute...
⏸️  Scans are paused by user. Checking again in 1 minute...
⏸️  Scans are paused by user. Checking again in 1 minute...
⏸️  Scans are paused by user. Checking again in 1 minute...
⏸️  Scans are paused by user. Checking again in 1 minute...
⏸️  Scans are paused by user. Checking again in 1 minute...
⏸️  Scans are paused by user. Checking again in 1 minute...
⏸️  Scans are paused by user. Checking again in 1 minute...
⏸️  Scans are paused by user. Checking again in 1 minute...
⏸️  Scans are paused by user. Checking again in 1 minute...
⏸️  Scans are paused by user. Checking again in 1 minute...
⏸️  Scans are paused by user. Checking again in 1 minute...
⏸️  Scans are paused by user. Checking again in 1 minute...
⏸️  Scans are paused by user. Checking again in 1 minute...
⏸️  Scans are paused by user. Checking again in 1 minute...
⏸️  Scans are paused by user. Checking again in 1 minute...
⏸️  Scans are paused by user. Checking again in 1 minute...
⏸️  Scans are paused by user. Checking again in 1 minute...
⏸️  Scans are paused by user. Checking again in 1 minute...
⏸️  Scans are paused by user. Checking again in 1 minute...
⏸️  Scans are paused by user. Checking again in 1 minute...
⏸️  Scans are paused by user. Checking again in 1 minute...
⏸️  Scans are paused by user. Checking again in 1 minute...
⏸️  Scans are paused by user. Checking again in 1 minute...
⏸️  Scans are paused by user. Checking again in 1 minute...
⏸️  Scans are paused by user. Checking again in 1 minute...
⏸️  Scans are paused by user. Checking again in 1 minute...
⏸️  Scans are paused by user. Checking again in 1 minute...
⏸️  Scans are paused by user. Checking again in 1 minute...
⏸️  Scans are paused by user. Checking again in 1 minute...
⏸️  Scans are paused by user. Checking again in 1 minute...
⏸️  Scans are paused by user. Checking again in 1 minute...
⏸️  Scans are paused by user. Checking again in 1 minute...
⏸️  Scans are paused by user. Checking again in 1 minute...
⏸️  Scans are paused by user. Checking again in 1 minute...
⏸️  Scans are paused by user. Checking again in 1 minute...
⏸️  Scans are paused by user. Checking again in 1 minute...
⏸️  Scans are paused by user. Checking again in 1 minute...
⏸️  Scans are paused by user. Checking again in 1 minute...
⏸️  Scans are paused by user. Checking again in 1 minute...
⏸️  Scans are paused by user. Checking again in 1 minute...
⏸️  Scans are paused by user. Checking again in 1 minute...
⏸️  Scans are paused by user. Checking again in 1 minute...
⏸️  Scans are paused by user. Checking again in 1 minute...
⏸️  Scans are paused by user. Checking again in 1 minute...
⏸️  Scans are paused by user. Checking again in 1 minute...
⏸️  Scans are paused by user. Checking again in 1 minute...
⏸️  Scans are paused by user. Checking again in 1 minute...
⏸️  Scans are paused by user. Checking again in 1 minute...
⏸️  Scans are paused by user. Checking again in 1 minute...
⏸️  Scans are paused by user. Checking again in 1 minute...
⏸️  Scans are paused by user. Checking again in 1 minute...
⏸️  Scans are paused by user. Checking again in 1 minute...
⏸️  Scans are paused by user. Checking again in 1 minute...
⏸️  Scans are paused by user. Checking again in 1 minute...
⏸️  Scans are paused by user. Checking again in 1 minute...
⏸️  Scans are paused by user. Checking again in 1 minute...
⏸️  Scans are paused by user. Checking again in 1 minute...
⏸️  Scans are paused by user. Checking again in 1 minute...
⏸️  Scans are paused by user. Checking again in 1 minute...
⏸️  Scans are paused by user. Checking again in 1 minute...
⏸️  Scans are paused by user. Checking again in 1 minute...
⏸️  Scans are paused by user. Checking again in 1 minute...
⏸️  Scans are paused by user. Checking again in 1 minute...
⏸️  Scans are paused by user. Checking again in 1 minute...
⏸️  Scans are paused by user. Checking again in 1 minute...
⏸️  Scans are paused by user. Checking again in 1 minute...
⏸️  Scans are paused by user. Checking again in 1 minute...
⏸️  Scans are paused by user. Checking again in 1 minute...
⏸️  Scans are paused by user. Checking again in 1 minute...
⏸️  Scans are paused by user. Checking again in 1 minute...
⏸️  Scans are paused by user. Checking again in 1 minute...
⏸️  Scans are paused by user. Checking again in 1 minute...
⏸️  Scans are paused by user. Checking again in 1 minute...
⏸️  Scans are paused by user. Checking again in 1 minute...
⏸️  Scans are paused by user. Checking again in 1 minute...
⏸️  Scans are paused by user. Checking again in 1 minute...
⏸️  Scans are paused by user. Checking again in 1 minute...
⏸️  Scans are paused by user. Checking again in 1 minute...
⏸️  Scans are paused by user. Checking again in 1 minute...
⏸️  Scans are paused by user. Checking again in 1 minute...
⏸️  Scans are paused by user. Checking again in 1 minute...
⏸️  Scans are paused by user. Checking again in 1 minute...
⏸️  Scans are paused by user. Checking again in 1 minute...
⏸️  Scans are paused by user. Checking again in 1 minute...
⏸️  Scans are paused by user. Checking again in 1 minute...
⏸️  Scans are paused by user. Checking again in 1 minute...
⏸️  Scans are paused by user. Checking again in 1 minute...
⏸️  Scans are paused by user. Checking again in 1 minute...
⏸️  Scans are paused by user. Checking again in 1 minute...
⏸️  Scans are paused by user. Checking again in 1 minute...
⏸️  Scans are paused by user. Checking again in 1 minute...
⏸️  Scans are paused by user. Checking again in 1 minute...
⏸️  Scans are paused by user. Checking again in 1 minute...
⏸️  Scans are paused by user. Checking again in 1 minute...
⏸️  Scans are paused by user. Checking again in 1 minute...
⏸️  Scans are paused by user. Checking again in 1 minute...
⏸️  Scans are paused by user. Checking again in 1 minute...
⏸️  Scans are paused by user. Checking again in 1 minute...
⏸️  Scans are paused by user. Checking again in 1 minute...
⏸️  Scans are paused by user. Checking again in 1 minute...
⏸️  Scans are paused by user. Checking again in 1 minute...
⏸️  Scans are paused by user. Checking again in 1 minute...
⏸️  Scans are paused by user. Checking again in 1 minute...
⏸️  Scans are paused by user. Checking again in 1 minute...
⏸️  Scans are paused by user. Checking again in 1 minute...
⏸️  Scans are paused by user. Checking again in 1 minute...
⏸️  Scans are paused by user. Checking again in 1 minute...
⏸️  Scans are paused by user. Checking again in 1 minute...
⏸️  Scans are paused by user. Checking again in 1 minute...
⏸️  Scans are paused by user. Checking again in 1 minute...
⏸️  Scans are paused by user. Checking again in 1 minute...
⏸️  Scans are paused by user. Checking again in 1 minute...
⏸️  Scans are paused by user. Checking again in 1 minute...
⏸️  Scans are paused by user. Checking again in 1 minute...
⏸️  Scans are paused by user. Checking again in 1 minute...
⏸️  Scans are paused by user. Checking again in 1 minute...
⏸️  Scans are paused by user. Checking again in 1 minute...
⏸️  Scans are paused by user. Checking again in 1 minute...
⏸️  Scans are paused by user. Checking again in 1 minute...
⏸️  Scans are paused by user. Checking again in 1 minute...
⏸️  Scans are paused by user. Checking again in 1 minute...
⏸️  Scans are paused by user. Checking again in 1 minute...
⏸️  Scans are paused by user. Checking again in 1 minute...
⏸️  Scans are paused by user. Checking again in 1 minute...
⏸️  Scans are paused by user. Checking again in 1 minute...
⏸️  Scans are paused by user. Checking again in 1 minute...
⏸️  Scans are paused by user. Checking again in 1 minute...
⏸️  Scans are paused by user. Checking again in 1 minute...
⏸️  Scans are paused by user. Checking again in 1 minute...
⏸️  Scans are paused by user. Checking again in 1 minute...
⏸️  Scans are paused by user. Checking again in 1 minute...
⏸️  Scans are paused by user. Checking again in 1 minute...
⏸️  Scans are paused by user. Checking again in 1 minute...
⏸️  Scans are paused by user. Checking again in 1 minute...
⏸️  Scans are paused by user. Checking again in 1 minute...
⏸️  Scans are paused by user. Checking again in 1 minute...
⏸️  Scans are paused by user. Checking again in 1 minute...
⏸️  Scans are paused by user. Checking again in 1 minute...
⏸️  Scans are paused by user. Checking again in 1 minute...
⏸️  Scans are paused by user. Checking again in 1 minute...
⏸️  Scans are paused by user. Checking again in 1 minute...
⏸️  Scans are paused by user. Checking again in 1 minute...
⏸️  Scans are paused by user. Checking again in 1 minute...
⏸️  Scans are paused by user. Checking again in 1 minute...
⏸️  Scans are paused by user. Checking again in 1 minute...
⏸️  Scans are paused by user. Checking again in 1 minute...
⏸️  Scans are paused by user. Checking again in 1 minute...
⏸️  Scans are paused by user. Checking again in 1 minute...
⏸️  Scans are paused by user. Checking again in 1 minute...
⏸️  Scans are paused by user. Checking again in 1 minute...
⏸️  Scans are paused by user. Checking again in 1 minute...
⏸️  Scans are paused by user. Checking again in 1 minute...
⏸️  Scans are paused by user. Checking again in 1 minute...
⏸️  Scans are paused by user. Checking again in 1 minute...
⏸️  Scans are paused by user. Checking again in 1 minute...
⏸️  Scans are paused by user. Checking again in 1 minute...
⏸️  Scans are paused by user. Checking again in 1 minute...
⏸️  Scans are paused by user. Checking again in 1 minute...
⏸️  Scans are paused by user. Checking again in 1 minute...
⏸️  Scans are paused by user. Checking again in 1 minute...
⏸️  Scans are paused by user. Checking again in 1 minute...
⏸️  Scans are paused by user. Checking again in 1 minute...
⏸️  Scans are paused by user. Checking again in 1 minute...
⏸️  Scans are paused by user. Checking again in 1 minute...
⏸️  Scans are paused by user. Checking again in 1 minute...
⏸️  Scans are paused by user. Checking again in 1 minute...
⏸️  Scans are paused by user. Checking again in 1 minute...
⏸️  Scans are paused by user. Checking again in 1 minute...
⏸️  Scans are paused by user. Checking again in 1 minute...
⏸️  Scans are paused by user. Checking again in 1 minute...
⏸️  Scans are paused by user. Checking again in 1 minute...
⏸️  Scans are paused by user. Checking again in 1 minute...
⏸️  Scans are paused by user. Checking again in 1 minute...
⏸️  Scans are paused by user. Checking again in 1 minute...
⏸️  Scans are paused by user. Checking again in 1 minute...
⏸️  Scans are paused by user. Checking again in 1 minute...
⏸️  Scans are paused by user. Checking again in 1 minute...
⏸️  Scans are paused by user. Checking again in 1 minute...
⏸️  Scans are paused by user. Checking again in 1 minute...
⏸️  Scans are paused by user. Checking again in 1 minute...
⏸️  Scans are paused by user. Checking again in 1 minute...
⏸️  Scans are paused by user. Checking again in 1 minute...
⏸️  Scans are paused by user. Checking again in 1 minute...
⏸️  Scans are paused by user. Checking again in 1 minute...
⏸️  Scans are paused by user. Checking again in 1 minute...
⏸️  Scans are paused by user. Checking again in 1 minute...
⏸️  Scans are paused by user. Checking again in 1 minute...
⏸️  Scans are paused by user. Checking again in 1 minute...
⏸️  Scans are paused by user. Checking again in 1 minute...
⏸️  Scans are paused by user. Checking again in 1 minute...
⏸️  Scans are paused by user. Checking again in 1 minute...
⏸️  Scans are paused by user. Checking again in 1 minute...
⏸️  Scans are paused by user. Checking again in 1 minute...
⏸️  Scans are paused by user. Checking again in 1 minute...
⏸️  Scans are paused by user. Checking again in 1 minute...
⏸️  Scans are paused by user. Checking again in 1 minute...
⏸️  Scans are paused by user. Checking again in 1 minute...
⏸️  Scans are paused by user. Checking again in 1 minute...
⏸️  Scans are paused by user. Checking again in 1 minute...
⏸️  Scans are paused by user. Checking again in 1 minute...
⏸️  Scans are paused by user. Checking again in 1 minute...
⏸️  Scans are paused by user. Checking again in 1 minute...
⏸️  Scans are paused by user. Checking again in 1 minute...
⏸️  Scans are paused by user. Checking again in 1 minute...
⏸️  Scans are paused by user. Checking again in 1 minute...
⏸️  Scans are paused by user. Checking again in 1 minute...
⏸️  Scans are paused by user. Checking again in 1 minute...
⏸️  Scans are paused by user. Checking again in 1 minute...
⏸️  Scans are paused by user. Checking again in 1 minute...
⏸️  Scans are paused by user. Checking again in 1 minute...
⏸️  Scans are paused by user. Checking again in 1 minute...
⏸️  Scans are paused by user. Checking again in 1 minute...
⏸️  Scans are paused by user. Checking again in 1 minute...
⏸️  Scans are paused by user. Checking again in 1 minute...
⏸️  Scans are paused by user. Checking again in 1 minute...
⏸️  Scans are paused by user. Checking again in 1 minute...
⏸️  Scans are paused by user. Checking again in 1 minute...
⏸️  Scans are paused by user. Checking again in 1 minute...
⏸️  Scans are paused by user. Checking again in 1 minute...
⏸️  Scans are paused by user. Checking again in 1 minute...
⏸️  Scans are paused by user. Checking again in 1 minute...
⏸️  Scans are paused by user. Checking again in 1 minute...
⏸️  Scans are paused by user. Checking again in 1 minute...
⏸️  Scans are paused by user. Checking again in 1 minute...
⏸️  Scans are paused by user. Checking again in 1 minute...
⏸️  Scans are paused by user. Checking again in 1 minute...
⏸️  Scans are paused by user. Checking again in 1 minute...
⏸️  Scans are paused by user. Checking again in 1 minute...
⏸️  Scans are paused by user. Checking again in 1 minute...
⏸️  Scans are paused by user. Checking again in 1 minute...
⏸️  Scans are paused by user. Checking again in 1 minute...
⏸️  Scans are paused by user. Checking again in 1 minute...
⏸️  Scans are paused by user. Checking again in 1 minute...
⏸️  Scans are paused by user. Checking again in 1 minute...
⏸️  Scans are paused by user. Checking again in 1 minute...
⏸️  Scans are paused by user. Checking again in 1 minute...
⏸️  Scans are paused by user. Checking again in 1 minute...
⏸️  Scans are paused by user. Checking again in 1 minute...
⏸️  Scans are paused by user. Checking again in 1 minute...
⏸️  Scans are paused by user. Checking again in 1 minute...
⏸️  Scans are paused by user. Checking again in 1 minute...
⏸️  Scans are paused by user. Checking again in 1 minute...
⏸️  Scans are paused by user. Checking again in 1 minute...
⏸️  Scans are paused by user. Checking again in 1 minute...
⏸️  Scans are paused by user. Checking again in 1 minute...
⏸️  Scans are paused by user. Checking again in 1 minute...
⏸️  Scans are paused by user. Checking again in 1 minute...
⏸️  Scans are paused by user. Checking again in 1 minute...
⏸️  Scans are paused by user. Checking again in 1 minute...
⏸️  Scans are paused by user. Checking again in 1 minute...
⏸️  Scans are paused by user. Checking again in 1 minute...
⏸️  Scans are paused by user. Checking again in 1 minute...
⏸️  Scans are paused by user. Checking again in 1 minute...
⏸️  Scans are paused by user. Checking again in 1 minute...
⏸️  Scans are paused by user. Checking again in 1 minute...
⏸️  Scans are paused by user. Checking again in 1 minute...
⏸️  Scans are paused by user. Checking again in 1 minute...
⏸️  Scans are paused by user. Checking again in 1 minute...
⏸️  Scans are paused by user. Checking again in 1 minute...
⏸️  Scans are paused by user. Checking again in 1 minute...
⏸️  Scans are paused by user. Checking again in 1 minute...
⏸️  Scans are paused by user. Checking again in 1 minute...
⏸️  Scans are paused by user. Checking again in 1 minute...
⏸️  Scans are paused by user. Checking again in 1 minute...
⏸️  Scans are paused by user. Checking again in 1 minute...
⏸️  Scans are paused by user. Checking again in 1 minute...
⏸️  Scans are paused by user. Checking again in 1 minute...
⏸️  Scans are paused by user. Checking again in 1 minute...
⏸️  Scans are paused by user. Checking again in 1 minute...
⏸️  Scans are paused by user. Checking again in 1 minute...
⏸️  Scans are paused by user. Checking again in 1 minute...
⏸️  Scans are paused by user. Checking again in 1 minute...
⏸️  Scans are paused by user. Checking again in 1 minute...
⏸️  Scans are paused by user. Checking again in 1 minute...
⏸️  Scans are paused by user. Checking again in 1 minute...
⏸️  Scans are paused by user. Checking again in 1 minute...
⏸️  Scans are paused by user. Checking again in 1 minute...
⏸️  Scans are paused by user. Checking again in 1 minute...
⏸️  Scans are paused by user. Checking again in 1 minute...
⏸️  Scans are paused by user. Checking again in 1 minute...
⏸️  Scans are paused by user. Checking again in 1 minute...
⏸️  Scans are paused by user. Checking again in 1 minute...
⏸️  Scans are paused by user. Checking again in 1 minute...
⏸️  Scans are paused by user. Checking again in 1 minute...
⏸️  Scans are paused by user. Checking again in 1 minute...
⏸️  Scans are paused by user. Checking again in 1 minute...
⏸️  Scans are paused by user. Checking again in 1 minute...
⏸️  Scans are paused by user. Checking again in 1 minute...
⏸️  Scans are paused by user. Checking again in 1 minute...
⏸️  Scans are paused by user. Checking again in 1 minute...
⏸️  Scans are paused by user. Checking again in 1 minute...
⏸️  Scans are paused by user. Checking again in 1 minute...
⏸️  Scans are paused by user. Checking again in 1 minute...
⏸️  Scans are paused by user. Checking again in 1 minute...
⏸️  Scans are paused by user. Checking again in 1 minute...
⏸️  Scans are paused by user. Checking again in 1 minute...
⏸️  Scans are paused by user. Checking again in 1 minute...
⏸️  Scans are paused by user. Checking again in 1 minute...
⏸️  Scans are paused by user. Checking again in 1 minute...
⏸️  Scans are paused by user. Checking again in 1 minute...
⏸️  Scans are paused by user. Checking again in 1 minute...
⏸️  Scans are paused by user. Checking again in 1 minute...
⏸️  Scans are paused by user. Checking again in 1 minute...
⏸️  Scans are paused by user. Checking again in 1 minute...
⏸️  Scans are paused by user. Checking again in 1 minute...
⏸️  Scans are paused by user. Checking again in 1 minute...
⏸️  Scans are paused by user. Checking again in 1 minute...
⏸️  Scans are paused by user. Checking again in 1 minute...
⏸️  Scans are paused by user. Checking again in 1 minute...
⏸️  Scans are paused by user. Checking again in 1 minute...
⏸️  Scans are paused by user. Checking again in 1 minute...
⏸️  Scans are paused by user. Checking again in 1 minute...
⏸️  Scans are paused by user. Checking again in 1 minute...
⏸️  Scans are paused by user. Checking again in 1 minute...
⏸️  Scans are paused by user. Checking again in 1 minute...
⏸️  Scans are paused by user. Checking again in 1 minute...
⏸️  Scans are paused by user. Checking again in 1 minute...
⏸️  Scans are paused by user. Checking again in 1 minute...
⏸️  Scans are paused by user. Checking again in 1 minute...
⏸️  Scans are paused by user. Checking again in 1 minute...
⏸️  Scans are paused by user. Checking again in 1 minute...
⏸️  Scans are paused by user. Checking again in 1 minute...
⏸️  Scans are paused by user. Checking again in 1 minute...
⏸️  Scans are paused by user. Checking again in 1 minute...
⏸️  Scans are paused by user. Checking again in 1 minute...
⏸️  Scans are paused by user. Checking again in 1 minute...
⏸️  Scans are paused by user. Checking again in 1 minute...
⏸️  Scans are paused by user. Checking again in 1 minute...
⏸️  Scans are paused by user. Checking again in 1 minute...
⏸️  Scans are paused by user. Checking again in 1 minute...
⏸️  Scans are paused by user. Checking again in 1 minute...
⏸️  Scans are paused by user. Checking again in 1 minute...
⏸️  Scans are paused by user. Checking again in 1 minute...
⏸️  Scans are paused by user. Checking again in 1 minute...
⏸️  Scans are paused by user. Checking again in 1 minute...
⏸️  Scans are paused by user. Checking again in 1 minute...
⏸️  Scans are paused by user. Checking again in 1 minute...
⏸️  Scans are paused by user. Checking again in 1 minute...
⏸️  Scans are paused by user. Checking again in 1 minute...
⏸️  Scans are paused by user. Checking again in 1 minute...
⏸️  Scans are paused by user. Checking again in 1 minute...
⏸️  Scans are paused by user. Checking again in 1 minute...
⏸️  Scans are paused by user. Checking again in 1 minute...
⏸️  Scans are paused by user. Checking again in 1 minute...
⏸️  Scans are paused by user. Checking again in 1 minute...
⏸️  Scans are paused by user. Checking again in 1 minute...
⏸️  Scans are paused by user. Checking again in 1 minute...
⏸️  Scans are paused by user. Checking again in 1 minute...
⏸️  Scans are paused by user. Checking again in 1 minute...
⏸️  Scans are paused by user. Checking again in 1 minute...
⏸️  Scans are paused by user. Checking again in 1 minute...
⏸️  Scans are paused by user. Checking again in 1 minute...
⏸️  Scans are paused by user. Checking again in 1 minute...
⏸️  Scans are paused by user. Checking again in 1 minute...
⏸️  Scans are paused by user. Checking again in 1 minute...
⏸️  Scans are paused by user. Checking again in 1 minute...
⏸️  Scans are paused by user. Checking again in 1 minute...
⏸️  Scans are paused by user. Checking again in 1 minute...
⏸️  Scans are paused by user. Checking again in 1 minute...
⏸️  Scans are paused by user. Checking again in 1 minute...
⏸️  Scans are paused by user. Checking again in 1 minute...
⏸️  Scans are paused by user. Checking again in 1 minute...
⏸️  Scans are paused by user. Checking again in 1 minute...
⏸️  Scans are paused by user. Checking again in 1 minute...
⏸️  Scans are paused by user. Checking again in 1 minute...
⏸️  Scans are paused by user. Checking again in 1 minute...
⏸️  Scans are paused by user. Checking again in 1 minute...
⏸️  Scans are paused by user. Checking again in 1 minute...
⏸️  Scans are paused by user. Checking again in 1 minute...
⏸️  Scans are paused by user. Checking again in 1 minute...
⏸️  Scans are paused by user. Checking again in 1 minute...
⏸️  Scans are paused by user. Checking again in 1 minute...
⏸️  Scans are paused by user. Checking again in 1 minute...
⏸️  Scans are paused by user. Checking again in 1 minute...
⏸️  Scans are paused by user. Checking again in 1 minute...
⏸️  Scans are paused by user. Checking again in 1 minute...
⏸️  Scans are paused by user. Checking again in 1 minute...
⏸️  Scans are paused by user. Checking again in 1 minute...
⏸️  Scans are paused by user. Checking again in 1 minute...
⏸️  Scans are paused by user. Checking again in 1 minute...
⏸️  Scans are paused by user. Checking again in 1 minute...
⏸️  Scans are paused by user. Checking again in 1 minute...
⏸️  Scans are paused by user. Checking again in 1 minute...
⏸️  Scans are paused by user. Checking again in 1 minute...
⏸️  Scans are paused by user. Checking again in 1 minute...
⏸️  Scans are paused by user. Checking again in 1 minute...
⏸️  Scans are paused by user. Checking again in 1 minute...
⏸️  Scans are paused by user. Checking again in 1 minute...
⏸️  Scans are paused by user. Checking again in 1 minute...
◇ injected env (5) from web/.env.local // tip: ◈ encrypted .env [www.dotenvx.com]
🚀 Daemon started. Loop interval set to 10 minutes.
⏸️  Scans are paused by user. Checking again in 1 minute...
⏸️  Scans are paused by user. Checking again in 1 minute...
⏸️  Scans are paused by user. Checking again in 1 minute...
⏸️  Scans are paused by user. Checking again in 1 minute...
⏸️  Scans are paused by user. Checking again in 1 minute...
⏸️  Scans are paused by user. Checking again in 1 minute...
⏸️  Scans are paused by user. Checking again in 1 minute...
⏸️  Scans are paused by user. Checking again in 1 minute...
⏸️  Scans are paused by user. Checking again in 1 minute...
⏸️  Scans are paused by user. Checking again in 1 minute...
⏸️  Scans are paused by user. Checking again in 1 minute...
⏸️  Scans are paused by user. Checking again in 1 minute...
⏸️  Scans are paused by user. Checking again in 1 minute...
⏸️  Scans are paused by user. Checking again in 1 minute...
⏸️  Scans are paused by user. Checking again in 1 minute...
⏸️  Scans are paused by user. Checking again in 1 minute...
⏸️  Scans are paused by user. Checking again in 1 minute...
⏸️  Scans are paused by user. Checking again in 1 minute...
⏸️  Scans are paused by user. Checking again in 1 minute...
⏸️  Scans are paused by user. Checking again in 1 minute...
⏸️  Scans are paused by user. Checking again in 1 minute...
⏸️  Scans are paused by user. Checking again in 1 minute...
⏸️  Scans are paused by user. Checking again in 1 minute...
⏸️  Scans are paused by user. Checking again in 1 minute...
⏸️  Scans are paused by user. Checking again in 1 minute...
⏸️  Scans are paused by user. Checking again in 1 minute...
⏸️  Scans are paused by user. Checking again in 1 minute...
⏸️  Scans are paused by user. Checking again in 1 minute...
⏸️  Scans are paused by user. Checking again in 1 minute...
⏸️  Scans are paused by user. Checking again in 1 minute...
⏸️  Scans are paused by user. Checking again in 1 minute...
⏸️  Scans are paused by user. Checking again in 1 minute...
⏸️  Scans are paused by user. Checking again in 1 minute...
⏸️  Scans are paused by user. Checking again in 1 minute...
⏸️  Scans are paused by user. Checking again in 1 minute...
⏸️  Scans are paused by user. Checking again in 1 minute...
⏸️  Scans are paused by user. Checking again in 1 minute...
⏸️  Scans are paused by user. Checking again in 1 minute...
⏸️  Scans are paused by user. Checking again in 1 minute...
⏸️  Scans are paused by user. Checking again in 1 minute...
⏸️  Scans are paused by user. Checking again in 1 minute...
⏸️  Scans are paused by user. Checking again in 1 minute...
⏸️  Scans are paused by user. Checking again in 1 minute...
⏸️  Scans are paused by user. Checking again in 1 minute...
⏸️  Scans are paused by user. Checking again in 1 minute...
⏸️  Scans are paused by user. Checking again in 1 minute...
⏸️  Scans are paused by user. Checking again in 1 minute...
⏸️  Scans are paused by user. Checking again in 1 minute...
⏸️  Scans are paused by user. Checking again in 1 minute...
⏸️  Scans are paused by user. Checking again in 1 minute...
⏸️  Scans are paused by user. Checking again in 1 minute...
⏸️  Scans are paused by user. Checking again in 1 minute...
⏸️  Scans are paused by user. Checking again in 1 minute...
⏸️  Scans are paused by user. Checking again in 1 minute...
⏸️  Scans are paused by user. Checking again in 1 minute...
⏸️  Scans are paused by user. Checking again in 1 minute...
⏸️  Scans are paused by user. Checking again in 1 minute...
⏸️  Scans are paused by user. Checking again in 1 minute...
⏸️  Scans are paused by user. Checking again in 1 minute...
⏸️  Scans are paused by user. Checking again in 1 minute...
⏸️  Scans are paused by user. Checking again in 1 minute...
⏸️  Scans are paused by user. Checking again in 1 minute...
⏸️  Scans are paused by user. Checking again in 1 minute...
⏸️  Scans are paused by user. Checking again in 1 minute...
⏸️  Scans are paused by user. Checking again in 1 minute...
⏸️  Scans are paused by user. Checking again in 1 minute...
⏸️  Scans are paused by user. Checking again in 1 minute...
⏸️  Scans are paused by user. Checking again in 1 minute...
⏸️  Scans are paused by user. Checking again in 1 minute...
⏸️  Scans are paused by user. Checking again in 1 minute...
⏸️  Scans are paused by user. Checking again in 1 minute...
⏸️  Scans are paused by user. Checking again in 1 minute...
⏸️  Scans are paused by user. Checking again in 1 minute...
⏸️  Scans are paused by user. Checking again in 1 minute...
⏸️  Scans are paused by user. Checking again in 1 minute...
⏸️  Scans are paused by user. Checking again in 1 minute...
⏸️  Scans are paused by user. Checking again in 1 minute...
⏸️  Scans are paused by user. Checking again in 1 minute...
⏸️  Scans are paused by user. Checking again in 1 minute...
⏸️  Scans are paused by user. Checking again in 1 minute...
⏸️  Scans are paused by user. Checking again in 1 minute...
⏸️  Scans are paused by user. Checking again in 1 minute...
⏸️  Scans are paused by user. Checking again in 1 minute...
⏸️  Scans are paused by user. Checking again in 1 minute...
⏸️  Scans are paused by user. Checking again in 1 minute...
⏸️  Scans are paused by user. Checking again in 1 minute...
⏸️  Scans are paused by user. Checking again in 1 minute...
⏸️  Scans are paused by user. Checking again in 1 minute...
⏸️  Scans are paused by user. Checking again in 1 minute...
⏸️  Scans are paused by user. Checking again in 1 minute...
⏸️  Scans are paused by user. Checking again in 1 minute...
⏸️  Scans are paused by user. Checking again in 1 minute...
⏸️  Scans are paused by user. Checking again in 1 minute...
⏸️  Scans are paused by user. Checking again in 1 minute...
⏸️  Scans are paused by user. Checking again in 1 minute...
⏸️  Scans are paused by user. Checking again in 1 minute...
⏸️  Scans are paused by user. Checking again in 1 minute...
⏸️  Scans are paused by user. Checking again in 1 minute...
⏸️  Scans are paused by user. Checking again in 1 minute...
⏸️  Scans are paused by user. Checking again in 1 minute...
⏸️  Scans are paused by user. Checking again in 1 minute...
⏸️  Scans are paused by user. Checking again in 1 minute...
⏸️  Scans are paused by user. Checking again in 1 minute...
⏸️  Scans are paused by user. Checking again in 1 minute...
⏸️  Scans are paused by user. Checking again in 1 minute...
⏸️  Scans are paused by user. Checking again in 1 minute...
⏸️  Scans are paused by user. Checking again in 1 minute...
⏸️  Scans are paused by user. Checking again in 1 minute...
⏸️  Scans are paused by user. Checking again in 1 minute...
⏸️  Scans are paused by user. Checking again in 1 minute...
⏸️  Scans are paused by user. Checking again in 1 minute...
⏸️  Scans are paused by user. Checking again in 1 minute...
⏸️  Scans are paused by user. Checking again in 1 minute...
⏸️  Scans are paused by user. Checking again in 1 minute...
⏸️  Scans are paused by user. Checking again in 1 minute...
⏸️  Scans are paused by user. Checking again in 1 minute...
⏸️  Scans are paused by user. Checking again in 1 minute...
⏸️  Scans are paused by user. Checking again in 1 minute...
⏸️  Scans are paused by user. Checking again in 1 minute...
⏸️  Scans are paused by user. Checking again in 1 minute...
⏸️  Scans are paused by user. Checking again in 1 minute...
⏸️  Scans are paused by user. Checking again in 1 minute...
⏸️  Scans are paused by user. Checking again in 1 minute...
⏸️  Scans are paused by user. Checking again in 1 minute...
⏸️  Scans are paused by user. Checking again in 1 minute...
⏸️  Scans are paused by user. Checking again in 1 minute...
⏸️  Scans are paused by user. Checking again in 1 minute...
⏸️  Scans are paused by user. Checking again in 1 minute...
⏸️  Scans are paused by user. Checking again in 1 minute...
⏸️  Scans are paused by user. Checking again in 1 minute...
⏸️  Scans are paused by user. Checking again in 1 minute...
⏸️  Scans are paused by user. Checking again in 1 minute...
⏸️  Scans are paused by user. Checking again in 1 minute...
⏸️  Scans are paused by user. Checking again in 1 minute...
⏸️  Scans are paused by user. Checking again in 1 minute...
⏸️  Scans are paused by user. Checking again in 1 minute...
⏸️  Scans are paused by user. Checking again in 1 minute...
⏸️  Scans are paused by user. Checking again in 1 minute...
⏸️  Scans are paused by user. Checking again in 1 minute...
⏸️  Scans are paused by user. Checking again in 1 minute...
⏸️  Scans are paused by user. Checking again in 1 minute...
⏸️  Scans are paused by user. Checking again in 1 minute...
⏸️  Scans are paused by user. Checking again in 1 minute...
⏸️  Scans are paused by user. Checking again in 1 minute...
⏸️  Scans are paused by user. Checking again in 1 minute...
⏸️  Scans are paused by user. Checking again in 1 minute...
⏸️  Scans are paused by user. Checking again in 1 minute...
⏸️  Scans are paused by user. Checking again in 1 minute...
⏸️  Scans are paused by user. Checking again in 1 minute...
⏸️  Scans are paused by user. Checking again in 1 minute...
⏸️  Scans are paused by user. Checking again in 1 minute...
⏸️  Scans are paused by user. Checking again in 1 minute...
⏸️  Scans are paused by user. Checking again in 1 minute...
⏸️  Scans are paused by user. Checking again in 1 minute...
⏸️  Scans are paused by user. Checking again in 1 minute...
⏸️  Scans are paused by user. Checking again in 1 minute...
⏸️  Scans are paused by user. Checking again in 1 minute...
⏸️  Scans are paused by user. Checking again in 1 minute...
⏸️  Scans are paused by user. Checking again in 1 minute...
⏸️  Scans are paused by user. Checking again in 1 minute...
⏸️  Scans are paused by user. Checking again in 1 minute...
⏸️  Scans are paused by user. Checking again in 1 minute...
⏸️  Scans are paused by user. Checking again in 1 minute...
⏸️  Scans are paused by user. Checking again in 1 minute...
⏸️  Scans are paused by user. Checking again in 1 minute...
⏸️  Scans are paused by user. Checking again in 1 minute...
⏸️  Scans are paused by user. Checking again in 1 minute...
⏸️  Scans are paused by user. Checking again in 1 minute...
⏸️  Scans are paused by user. Checking again in 1 minute...
⏸️  Scans are paused by user. Checking again in 1 minute...
⏸️  Scans are paused by user. Checking again in 1 minute...
⏸️  Scans are paused by user. Checking again in 1 minute...
⏸️  Scans are paused by user. Checking again in 1 minute...
⏸️  Scans are paused by user. Checking again in 1 minute...
⏸️  Scans are paused by user. Checking again in 1 minute...
⏸️  Scans are paused by user. Checking again in 1 minute...
⏸️  Scans are paused by user. Checking again in 1 minute...
⏸️  Scans are paused by user. Checking again in 1 minute...
⏸️  Scans are paused by user. Checking again in 1 minute...
⏸️  Scans are paused by user. Checking again in 1 minute...
⏸️  Scans are paused by user. Checking again in 1 minute...
⏸️  Scans are paused by user. Checking again in 1 minute...
⏸️  Scans are paused by user. Checking again in 1 minute...
⏸️  Scans are paused by user. Checking again in 1 minute...
⏸️  Scans are paused by user. Checking again in 1 minute...
⏸️  Scans are paused by user. Checking again in 1 minute...
⏸️  Scans are paused by user. Checking again in 1 minute...
⏸️  Scans are paused by user. Checking again in 1 minute...
⏸️  Scans are paused by user. Checking again in 1 minute...
⏸️  Scans are paused by user. Checking again in 1 minute...
⏸️  Scans are paused by user. Checking again in 1 minute...
⏸️  Scans are paused by user. Checking again in 1 minute...
⏸️  Scans are paused by user. Checking again in 1 minute...
⏸️  Scans are paused by user. Checking again in 1 minute...
⏸️  Scans are paused by user. Checking again in 1 minute...
⏸️  Scans are paused by user. Checking again in 1 minute...
⏸️  Scans are paused by user. Checking again in 1 minute...
⏸️  Scans are paused by user. Checking again in 1 minute...
⏸️  Scans are paused by user. Checking again in 1 minute...
⏸️  Scans are paused by user. Checking again in 1 minute...
⏸️  Scans are paused by user. Checking again in 1 minute...
⏸️  Scans are paused by user. Checking again in 1 minute...
⏸️  Scans are paused by user. Checking again in 1 minute...
⏸️  Scans are paused by user. Checking again in 1 minute...
⏸️  Scans are paused by user. Checking again in 1 minute...
⏸️  Scans are paused by user. Checking again in 1 minute...
⏸️  Scans are paused by user. Checking again in 1 minute...
⏸️  Scans are paused by user. Checking again in 1 minute...
⏸️  Scans are paused by user. Checking again in 1 minute...
⏸️  Scans are paused by user. Checking again in 1 minute...
⏸️  Scans are paused by user. Checking again in 1 minute...
⏸️  Scans are paused by user. Checking again in 1 minute...
⏸️  Scans are paused by user. Checking again in 1 minute...
⏸️  Scans are paused by user. Checking again in 1 minute...
⏸️  Scans are paused by user. Checking again in 1 minute...
⏸️  Scans are paused by user. Checking again in 1 minute...
⏸️  Scans are paused by user. Checking again in 1 minute...
⏸️  Scans are paused by user. Checking again in 1 minute...
⏸️  Scans are paused by user. Checking again in 1 minute...
⏸️  Scans are paused by user. Checking again in 1 minute...
⏸️  Scans are paused by user. Checking again in 1 minute...
⏸️  Scans are paused by user. Checking again in 1 minute...
⏸️  Scans are paused by user. Checking again in 1 minute...
⏸️  Scans are paused by user. Checking again in 1 minute...
⏸️  Scans are paused by user. Checking again in 1 minute...
⏸️  Scans are paused by user. Checking again in 1 minute...
⏸️  Scans are paused by user. Checking again in 1 minute...
⏸️  Scans are paused by user. Checking again in 1 minute...
⏸️  Scans are paused by user. Checking again in 1 minute...
⏸️  Scans are paused by user. Checking again in 1 minute...
⏸️  Scans are paused by user. Checking again in 1 minute...
⏸️  Scans are paused by user. Checking again in 1 minute...
⏸️  Scans are paused by user. Checking again in 1 minute...
⏸️  Scans are paused by user. Checking again in 1 minute...
⏸️  Scans are paused by user. Checking again in 1 minute...
⏸️  Scans are paused by user. Checking again in 1 minute...
⏸️  Scans are paused by user. Checking again in 1 minute...
⏸️  Scans are paused by user. Checking again in 1 minute...
⏸️  Scans are paused by user. Checking again in 1 minute...
⏸️  Scans are paused by user. Checking again in 1 minute...
⏸️  Scans are paused by user. Checking again in 1 minute...
⏸️  Scans are paused by user. Checking again in 1 minute...
⏸️  Scans are paused by user. Checking again in 1 minute...
⏸️  Scans are paused by user. Checking again in 1 minute...
⏸️  Scans are paused by user. Checking again in 1 minute...
⏸️  Scans are paused by user. Checking again in 1 minute...
⏸️  Scans are paused by user. Checking again in 1 minute...
⏸️  Scans are paused by user. Checking again in 1 minute...
⏸️  Scans are paused by user. Checking again in 1 minute...
⏸️  Scans are paused by user. Checking again in 1 minute...
⏸️  Scans are paused by user. Checking again in 1 minute...
⏸️  Scans are paused by user. Checking again in 1 minute...
⏸️  Scans are paused by user. Checking again in 1 minute...
⏸️  Scans are paused by user. Checking again in 1 minute...
⏸️  Scans are paused by user. Checking again in 1 minute...
⏸️  Scans are paused by user. Checking again in 1 minute...
⏸️  Scans are paused by user. Checking again in 1 minute...
⏸️  Scans are paused by user. Checking again in 1 minute...
⏸️  Scans are paused by user. Checking again in 1 minute...
⏸️  Scans are paused by user. Checking again in 1 minute...
⏸️  Scans are paused by user. Checking again in 1 minute...
⏸️  Scans are paused by user. Checking again in 1 minute...
⏸️  Scans are paused by user. Checking again in 1 minute...
⏸️  Scans are paused by user. Checking again in 1 minute...
⏸️  Scans are paused by user. Checking again in 1 minute...
⏸️  Scans are paused by user. Checking again in 1 minute...
⏸️  Scans are paused by user. Checking again in 1 minute...
⏸️  Scans are paused by user. Checking again in 1 minute...
⏸️  Scans are paused by user. Checking again in 1 minute...
⏸️  Scans are paused by user. Checking again in 1 minute...
⏸️  Scans are paused by user. Checking again in 1 minute...
⏸️  Scans are paused by user. Checking again in 1 minute...
⏸️  Scans are paused by user. Checking again in 1 minute...
⏸️  Scans are paused by user. Checking again in 1 minute...
⏸️  Scans are paused by user. Checking again in 1 minute...
⏸️  Scans are paused by user. Checking again in 1 minute...
⏸️  Scans are paused by user. Checking again in 1 minute...
⏸️  Scans are paused by user. Checking again in 1 minute...
⏸️  Scans are paused by user. Checking again in 1 minute...
⏸️  Scans are paused by user. Checking again in 1 minute...
⏸️  Scans are paused by user. Checking again in 1 minute...
⏸️  Scans are paused by user. Checking again in 1 minute...
⏸️  Scans are paused by user. Checking again in 1 minute...
⏸️  Scans are paused by user. Checking again in 1 minute...
⏸️  Scans are paused by user. Checking again in 1 minute...
⏸️  Scans are paused by user. Checking again in 1 minute...
⏸️  Scans are paused by user. Checking again in 1 minute...
⏸️  Scans are paused by user. Checking again in 1 minute...
⏸️  Scans are paused by user. Checking again in 1 minute...
⏸️  Scans are paused by user. Checking again in 1 minute...
⏸️  Scans are paused by user. Checking again in 1 minute...
⏸️  Scans are paused by user. Checking again in 1 minute...
⏸️  Scans are paused by user. Checking again in 1 minute...
⏸️  Scans are paused by user. Checking again in 1 minute...
⏸️  Scans are paused by user. Checking again in 1 minute...
⏸️  Scans are paused by user. Checking again in 1 minute...
⏸️  Scans are paused by user. Checking again in 1 minute...
⏸️  Scans are paused by user. Checking again in 1 minute...
⏸️  Scans are paused by user. Checking again in 1 minute...
⏸️  Scans are paused by user. Checking again in 1 minute...
⏸️  Scans are paused by user. Checking again in 1 minute...
⏸️  Scans are paused by user. Checking again in 1 minute...
⏸️  Scans are paused by user. Checking again in 1 minute...
⏸️  Scans are paused by user. Checking again in 1 minute...
⏸️  Scans are paused by user. Checking again in 1 minute...
⏸️  Scans are paused by user. Checking again in 1 minute...
⏸️  Scans are paused by user. Checking again in 1 minute...
⏸️  Scans are paused by user. Checking again in 1 minute...
⏸️  Scans are paused by user. Checking again in 1 minute...
⏸️  Scans are paused by user. Checking again in 1 minute...
⏸️  Scans are paused by user. Checking again in 1 minute...
⏸️  Scans are paused by user. Checking again in 1 minute...
⏸️  Scans are paused by user. Checking again in 1 minute...
⏸️  Scans are paused by user. Checking again in 1 minute...
⏸️  Scans are paused by user. Checking again in 1 minute...
⏸️  Scans are paused by user. Checking again in 1 minute...
⏸️  Scans are paused by user. Checking again in 1 minute...
⏸️  Scans are paused by user. Checking again in 1 minute...
⏸️  Scans are paused by user. Checking again in 1 minute...
⏸️  Scans are paused by user. Checking again in 1 minute...
⏸️  Scans are paused by user. Checking again in 1 minute...
⏸️  Scans are paused by user. Checking again in 1 minute...
⏸️  Scans are paused by user. Checking again in 1 minute...
⏸️  Scans are paused by user. Checking again in 1 minute...
⏸️  Scans are paused by user. Checking again in 1 minute...
⏸️  Scans are paused by user. Checking again in 1 minute...
⏸️  Scans are paused by user. Checking again in 1 minute...
⏸️  Scans are paused by user. Checking again in 1 minute...
⏸️  Scans are paused by user. Checking again in 1 minute...
⏸️  Scans are paused by user. Checking again in 1 minute...
⏸️  Scans are paused by user. Checking again in 1 minute...
⏸️  Scans are paused by user. Checking again in 1 minute...
⏸️  Scans are paused by user. Checking again in 1 minute...
⏸️  Scans are paused by user. Checking again in 1 minute...
⏸️  Scans are paused by user. Checking again in 1 minute...
⏸️  Scans are paused by user. Checking again in 1 minute...
⏸️  Scans are paused by user. Checking again in 1 minute...
⏸️  Scans are paused by user. Checking again in 1 minute...
⏸️  Scans are paused by user. Checking again in 1 minute...
⏸️  Scans are paused by user. Checking again in 1 minute...
⏸️  Scans are paused by user. Checking again in 1 minute...
⏸️  Scans are paused by user. Checking again in 1 minute...
⏸️  Scans are paused by user. Checking again in 1 minute...
⏸️  Scans are paused by user. Checking again in 1 minute...
⏸️  Scans are paused by user. Checking again in 1 minute...
⏸️  Scans are paused by user. Checking again in 1 minute...
⏸️  Scans are paused by user. Checking again in 1 minute...
⏸️  Scans are paused by user. Checking again in 1 minute...
⏸️  Scans are paused by user. Checking again in 1 minute...
⏸️  Scans are paused by user. Checking again in 1 minute...
⏸️  Scans are paused by user. Checking again in 1 minute...
⏸️  Scans are paused by user. Checking again in 1 minute...
⏸️  Scans are paused by user. Checking again in 1 minute...
⏸️  Scans are paused by user. Checking again in 1 minute...
⏸️  Scans are paused by user. Checking again in 1 minute...
⏸️  Scans are paused by user. Checking again in 1 minute...
⏸️  Scans are paused by user. Checking again in 1 minute...
⏸️  Scans are paused by user. Checking again in 1 minute...
⏸️  Scans are paused by user. Checking again in 1 minute...
⏸️  Scans are paused by user. Checking again in 1 minute...
⏸️  Scans are paused by user. Checking again in 1 minute...
⏸️  Scans are paused by user. Checking again in 1 minute...
⏸️  Scans are paused by user. Checking again in 1 minute...
⏸️  Scans are paused by user. Checking again in 1 minute...
⏸️  Scans are paused by user. Checking again in 1 minute...
⏸️  Scans are paused by user. Checking again in 1 minute...
⏸️  Scans are paused by user. Checking again in 1 minute...
⏸️  Scans are paused by user. Checking again in 1 minute...
⏸️  Scans are paused by user. Checking again in 1 minute...
⏸️  Scans are paused by user. Checking again in 1 minute...
⏸️  Scans are paused by user. Checking again in 1 minute...
⏸️  Scans are paused by user. Checking again in 1 minute...
⏸️  Scans are paused by user. Checking again in 1 minute...
⏸️  Scans are paused by user. Checking again in 1 minute...
⏸️  Scans are paused by user. Checking again in 1 minute...
⏸️  Scans are paused by user. Checking again in 1 minute...
⏸️  Scans are paused by user. Checking again in 1 minute...
⏸️  Scans are paused by user. Checking again in 1 minute...
⏸️  Scans are paused by user. Checking again in 1 minute...
⏸️  Scans are paused by user. Checking again in 1 minute...
⏸️  Scans are paused by user. Checking again in 1 minute...
⏸️  Scans are paused by user. Checking again in 1 minute...
⏸️  Scans are paused by user. Checking again in 1 minute...
⏸️  Scans are paused by user. Checking again in 1 minute...
⏸️  Scans are paused by user. Checking again in 1 minute...
⏸️  Scans are paused by user. Checking again in 1 minute...
⏸️  Scans are paused by user. Checking again in 1 minute...
⏸️  Scans are paused by user. Checking again in 1 minute...
⏸️  Scans are paused by user. Checking again in 1 minute...
⏸️  Scans are paused by user. Checking again in 1 minute...
⏸️  Scans are paused by user. Checking again in 1 minute...
⏸️  Scans are paused by user. Checking again in 1 minute...
⏸️  Scans are paused by user. Checking again in 1 minute...
⏸️  Scans are paused by user. Checking again in 1 minute...
⏸️  Scans are paused by user. Checking again in 1 minute...
⏸️  Scans are paused by user. Checking again in 1 minute...
⏸️  Scans are paused by user. Checking again in 1 minute...
⏸️  Scans are paused by user. Checking again in 1 minute...
⏸️  Scans are paused by user. Checking again in 1 minute...
⏸️  Scans are paused by user. Checking again in 1 minute...
⏸️  Scans are paused by user. Checking again in 1 minute...
⏸️  Scans are paused by user. Checking again in 1 minute...
⏸️  Scans are paused by user. Checking again in 1 minute...
⏸️  Scans are paused by user. Checking again in 1 minute...
⏸️  Scans are paused by user. Checking again in 1 minute...
⏸️  Scans are paused by user. Checking again in 1 minute...
⏸️  Scans are paused by user. Checking again in 1 minute...
⏸️  Scans are paused by user. Checking again in 1 minute...
⏸️  Scans are paused by user. Checking again in 1 minute...
⏸️  Scans are paused by user. Checking again in 1 minute...
⏸️  Scans are paused by user. Checking again in 1 minute...
⏸️  Scans are paused by user. Checking again in 1 minute...
⏸️  Scans are paused by user. Checking again in 1 minute...
⏸️  Scans are paused by user. Checking again in 1 minute...
⏸️  Scans are paused by user. Checking again in 1 minute...
⏸️  Scans are paused by user. Checking again in 1 minute...
⏸️  Scans are paused by user. Checking again in 1 minute...
⏸️  Scans are paused by user. Checking again in 1 minute...
⏸️  Scans are paused by user. Checking again in 1 minute...
⏸️  Scans are paused by user. Checking again in 1 minute...
⏸️  Scans are paused by user. Checking again in 1 minute...
⏸️  Scans are paused by user. Checking again in 1 minute...
⏸️  Scans are paused by user. Checking again in 1 minute...
⏸️  Scans are paused by user. Checking again in 1 minute...
⏸️  Scans are paused by user. Checking again in 1 minute...
⏸️  Scans are paused by user. Checking again in 1 minute...
⏸️  Scans are paused by user. Checking again in 1 minute...
⏸️  Scans are paused by user. Checking again in 1 minute...
⏸️  Scans are paused by user. Checking again in 1 minute...
⏸️  Scans are paused by user. Checking again in 1 minute...
⏸️  Scans are paused by user. Checking again in 1 minute...
⏸️  Scans are paused by user. Checking again in 1 minute...
⏸️  Scans are paused by user. Checking again in 1 minute...
⏸️  Scans are paused by user. Checking again in 1 minute...
⏸️  Scans are paused by user. Checking again in 1 minute...
⏸️  Scans are paused by user. Checking again in 1 minute...
⏸️  Scans are paused by user. Checking again in 1 minute...
⏸️  Scans are paused by user. Checking again in 1 minute...
⏸️  Scans are paused by user. Checking again in 1 minute...
⏸️  Scans are paused by user. Checking again in 1 minute...
⏸️  Scans are paused by user. Checking again in 1 minute...
⏸️  Scans are paused by user. Checking again in 1 minute...
⏸️  Scans are paused by user. Checking again in 1 minute...
⏸️  Scans are paused by user. Checking again in 1 minute...
⏸️  Scans are paused by user. Checking again in 1 minute...
⏸️  Scans are paused by user. Checking again in 1 minute...
⏸️  Scans are paused by user. Checking again in 1 minute...
⏸️  Scans are paused by user. Checking again in 1 minute...
⏸️  Scans are paused by user. Checking again in 1 minute...
⏸️  Scans are paused by user. Checking again in 1 minute...
⏸️  Scans are paused by user. Checking again in 1 minute...
⏸️  Scans are paused by user. Checking again in 1 minute...
⏸️  Scans are paused by user. Checking again in 1 minute...
⏸️  Scans are paused by user. Checking again in 1 minute...
⏸️  Scans are paused by user. Checking again in 1 minute...
⏸️  Scans are paused by user. Checking again in 1 minute...
⏸️  Scans are paused by user. Checking again in 1 minute...
⏸️  Scans are paused by user. Checking again in 1 minute...
⏸️  Scans are paused by user. Checking again in 1 minute...
⏸️  Scans are paused by user. Checking again in 1 minute...
⏸️  Scans are paused by user. Checking again in 1 minute...
⏸️  Scans are paused by user. Checking again in 1 minute...
⏸️  Scans are paused by user. Checking again in 1 minute...
⏸️  Scans are paused by user. Checking again in 1 minute...
⏸️  Scans are paused by user. Checking again in 1 minute...
⏸️  Scans are paused by user. Checking again in 1 minute...
⏸️  Scans are paused by user. Checking again in 1 minute...
⏸️  Scans are paused by user. Checking again in 1 minute...
⏸️  Scans are paused by user. Checking again in 1 minute...
⏸️  Scans are paused by user. Checking again in 1 minute...
⏸️  Scans are paused by user. Checking again in 1 minute...
⏸️  Scans are paused by user. Checking again in 1 minute...
⏸️  Scans are paused by user. Checking again in 1 minute...
⏸️  Scans are paused by user. Checking again in 1 minute...
⏸️  Scans are paused by user. Checking again in 1 minute...
⏸️  Scans are paused by user. Checking again in 1 minute...
⏸️  Scans are paused by user. Checking again in 1 minute...
⏸️  Scans are paused by user. Checking again in 1 minute...
⏸️  Scans are paused by user. Checking again in 1 minute...
⏸️  Scans are paused by user. Checking again in 1 minute...
⏸️  Scans are paused by user. Checking again in 1 minute...
⏸️  Scans are paused by user. Checking again in 1 minute...
⏸️  Scans are paused by user. Checking again in 1 minute...
⏸️  Scans are paused by user. Checking again in 1 minute...
⏸️  Scans are paused by user. Checking again in 1 minute...
⏸️  Scans are paused by user. Checking again in 1 minute...
⏸️  Scans are paused by user. Checking again in 1 minute...
⏸️  Scans are paused by user. Checking again in 1 minute...
⏸️  Scans are paused by user. Checking again in 1 minute...
⏸️  Scans are paused by user. Checking again in 1 minute...
⏸️  Scans are paused by user. Checking again in 1 minute...
⏸️  Scans are paused by user. Checking again in 1 minute...
⏸️  Scans are paused by user. Checking again in 1 minute...
⏸️  Scans are paused by user. Checking again in 1 minute...
⏸️  Scans are paused by user. Checking again in 1 minute...
⏸️  Scans are paused by user. Checking again in 1 minute...
⏸️  Scans are paused by user. Checking again in 1 minute...
⏸️  Scans are paused by user. Checking again in 1 minute...
⏸️  Scans are paused by user. Checking again in 1 minute...
⏸️  Scans are paused by user. Checking again in 1 minute...
⏸️  Scans are paused by user. Checking again in 1 minute...
⏸️  Scans are paused by user. Checking again in 1 minute...
⏸️  Scans are paused by user. Checking again in 1 minute...
⏸️  Scans are paused by user. Checking again in 1 minute...
⏸️  Scans are paused by user. Checking again in 1 minute...
⏸️  Scans are paused by user. Checking again in 1 minute...
⏸️  Scans are paused by user. Checking again in 1 minute...
⏸️  Scans are paused by user. Checking again in 1 minute...
⏸️  Scans are paused by user. Checking again in 1 minute...
⏸️  Scans are paused by user. Checking again in 1 minute...
⏸️  Scans are paused by user. Checking again in 1 minute...
⏸️  Scans are paused by user. Checking again in 1 minute...
⏸️  Scans are paused by user. Checking again in 1 minute...
⏸️  Scans are paused by user. Checking again in 1 minute...
⏸️  Scans are paused by user. Checking again in 1 minute...
⏸️  Scans are paused by user. Checking again in 1 minute...
⏸️  Scans are paused by user. Checking again in 1 minute...
⏸️  Scans are paused by user. Checking again in 1 minute...
⏸️  Scans are paused by user. Checking again in 1 minute...
⏸️  Scans are paused by user. Checking again in 1 minute...
⏸️  Scans are paused by user. Checking again in 1 minute...
⏸️  Scans are paused by user. Checking again in 1 minute...
⏸️  Scans are paused by user. Checking again in 1 minute...
⏸️  Scans are paused by user. Checking again in 1 minute...
⏸️  Scans are paused by user. Checking again in 1 minute...
⏸️  Scans are paused by user. Checking again in 1 minute...
⏸️  Scans are paused by user. Checking again in 1 minute...
⏸️  Scans are paused by user. Checking again in 1 minute...
⏸️  Scans are paused by user. Checking again in 1 minute...
⏸️  Scans are paused by user. Checking again in 1 minute...
⏸️  Scans are paused by user. Checking again in 1 minute...
⏸️  Scans are paused by user. Checking again in 1 minute...
⏸️  Scans are paused by user. Checking again in 1 minute...
⏸️  Scans are paused by user. Checking again in 1 minute...
⏸️  Scans are paused by user. Checking again in 1 minute...
⏸️  Scans are paused by user. Checking again in 1 minute...
⏸️  Scans are paused by user. Checking again in 1 minute...
⏸️  Scans are paused by user. Checking again in 1 minute...
⏸️  Scans are paused by user. Checking again in 1 minute...
⏸️  Scans are paused by user. Checking again in 1 minute...
⏸️  Scans are paused by user. Checking again in 1 minute...
⏸️  Scans are paused by user. Checking again in 1 minute...
⏸️  Scans are paused by user. Checking again in 1 minute...
⏸️  Scans are paused by user. Checking again in 1 minute...
⏸️  Scans are paused by user. Checking again in 1 minute...
⏸️  Scans are paused by user. Checking again in 1 minute...
⏸️  Scans are paused by user. Checking again in 1 minute...
⏸️  Scans are paused by user. Checking again in 1 minute...
⏸️  Scans are paused by user. Checking again in 1 minute...
⏸️  Scans are paused by user. Checking again in 1 minute...
⏸️  Scans are paused by user. Checking again in 1 minute...
⏸️  Scans are paused by user. Checking again in 1 minute...
⏸️  Scans are paused by user. Checking again in 1 minute...
⏸️  Scans are paused by user. Checking again in 1 minute...
⏸️  Scans are paused by user. Checking again in 1 minute...
⏸️  Scans are paused by user. Checking again in 1 minute...
⏸️  Scans are paused by user. Checking again in 1 minute...
⏸️  Scans are paused by user. Checking again in 1 minute...
⏸️  Scans are paused by user. Checking again in 1 minute...
⏸️  Scans are paused by user. Checking again in 1 minute...
⏸️  Scans are paused by user. Checking again in 1 minute...
⏸️  Scans are paused by user. Checking again in 1 minute...
⏸️  Scans are paused by user. Checking again in 1 minute...
⏸️  Scans are paused by user. Checking again in 1 minute...
⏸️  Scans are paused by user. Checking again in 1 minute...
⏸️  Scans are paused by user. Checking again in 1 minute...
⏸️  Scans are paused by user. Checking again in 1 minute...
⏸️  Scans are paused by user. Checking again in 1 minute...
⏸️  Scans are paused by user. Checking again in 1 minute...
⏸️  Scans are paused by user. Checking again in 1 minute...
⏸️  Scans are paused by user. Checking again in 1 minute...
⏸️  Scans are paused by user. Checking again in 1 minute...
⏸️  Scans are paused by user. Checking again in 1 minute...
⏸️  Scans are paused by user. Checking again in 1 minute...
⏸️  Scans are paused by user. Checking again in 1 minute...
⏸️  Scans are paused by user. Checking again in 1 minute...
⏸️  Scans are paused by user. Checking again in 1 minute...
⏸️  Scans are paused by user. Checking again in 1 minute...
⏸️  Scans are paused by user. Checking again in 1 minute...
⏸️  Scans are paused by user. Checking again in 1 minute...
⏸️  Scans are paused by user. Checking again in 1 minute...
⏸️  Scans are paused by user. Checking again in 1 minute...
⏸️  Scans are paused by user. Checking again in 1 minute...
⏸️  Scans are paused by user. Checking again in 1 minute...
⏸️  Scans are paused by user. Checking again in 1 minute...
⏸️  Scans are paused by user. Checking again in 1 minute...
⏸️  Scans are paused by user. Checking again in 1 minute...
⏸️  Scans are paused by user. Checking again in 1 minute...
⏸️  Scans are paused by user. Checking again in 1 minute...
⏸️  Scans are paused by user. Checking again in 1 minute...
⏸️  Scans are paused by user. Checking again in 1 minute...
⏸️  Scans are paused by user. Checking again in 1 minute...
⏸️  Scans are paused by user. Checking again in 1 minute...
⏸️  Scans are paused by user. Checking again in 1 minute...
⏸️  Scans are paused by user. Checking again in 1 minute...
⏸️  Scans are paused by user. Checking again in 1 minute...
⏸️  Scans are paused by user. Checking again in 1 minute...
⏸️  Scans are paused by user. Checking again in 1 minute...
⏸️  Scans are paused by user. Checking again in 1 minute...
⏸️  Scans are paused by user. Checking again in 1 minute...
⏸️  Scans are paused by user. Checking again in 1 minute...
⏸️  Scans are paused by user. Checking again in 1 minute...
⏸️  Scans are paused by user. Checking again in 1 minute...
⏸️  Scans are paused by user. Checking again in 1 minute...
⏸️  Scans are paused by user. Checking again in 1 minute...
⏸️  Scans are paused by user. Checking again in 1 minute...
⏸️  Scans are paused by user. Checking again in 1 minute...
⏸️  Scans are paused by user. Checking again in 1 minute...
⏸️  Scans are paused by user. Checking again in 1 minute...
⏸️  Scans are paused by user. Checking again in 1 minute...
⏸️  Scans are paused by user. Checking again in 1 minute...
⏸️  Scans are paused by user. Checking again in 1 minute...
⏸️  Scans are paused by user. Checking again in 1 minute...
⏸️  Scans are paused by user. Checking again in 1 minute...
⏸️  Scans are paused by user. Checking again in 1 minute...
⏸️  Scans are paused by user. Checking again in 1 minute...
⏸️  Scans are paused by user. Checking again in 1 minute...
⏸️  Scans are paused by user. Checking again in 1 minute...
⏸️  Scans are paused by user. Checking again in 1 minute...
⏸️  Scans are paused by user. Checking again in 1 minute...
⏸️  Scans are paused by user. Checking again in 1 minute...
⏸️  Scans are paused by user. Checking again in 1 minute...
⏸️  Scans are paused by user. Checking again in 1 minute...
⏸️  Scans are paused by user. Checking again in 1 minute...
⏸️  Scans are paused by user. Checking again in 1 minute...
⏸️  Scans are paused by user. Checking again in 1 minute...
⏸️  Scans are paused by user. Checking again in 1 minute...
⏸️  Scans are paused by user. Checking again in 1 minute...
⏸️  Scans are paused by user. Checking again in 1 minute...
⏸️  Scans are paused by user. Checking again in 1 minute...
⏸️  Scans are paused by user. Checking again in 1 minute...
⏸️  Scans are paused by user. Checking again in 1 minute...
⏸️  Scans are paused by user. Checking again in 1 minute...
⏸️  Scans are paused by user. Checking again in 1 minute...
⏸️  Scans are paused by user. Checking again in 1 minute...
⏸️  Scans are paused by user. Checking again in 1 minute...
⏸️  Scans are paused by user. Checking again in 1 minute...
⏸️  Scans are paused by user. Checking again in 1 minute...
⏸️  Scans are paused by user. Checking again in 1 minute...
⏸️  Scans are paused by user. Checking again in 1 minute...
⏸️  Scans are paused by user. Checking again in 1 minute...
⏸️  Scans are paused by user. Checking again in 1 minute...
⏸️  Scans are paused by user. Checking again in 1 minute...
⏸️  Scans are paused by user. Checking again in 1 minute...
⏸️  Scans are paused by user. Checking again in 1 minute...
⏸️  Scans are paused by user. Checking again in 1 minute...
⏸️  Scans are paused by user. Checking again in 1 minute...
⏸️  Scans are paused by user. Checking again in 1 minute...
⏸️  Scans are paused by user. Checking again in 1 minute...
⏸️  Scans are paused by user. Checking again in 1 minute...
⏸️  Scans are paused by user. Checking again in 1 minute...
⏸️  Scans are paused by user. Checking again in 1 minute...
⏸️  Scans are paused by user. Checking again in 1 minute...
⏸️  Scans are paused by user. Checking again in 1 minute...
⏸️  Scans are paused by user. Checking again in 1 minute...
⏸️  Scans are paused by user. Checking again in 1 minute...
⏸️  Scans are paused by user. Checking again in 1 minute...
⏸️  Scans are paused by user. Checking again in 1 minute...
⏸️  Scans are paused by user. Checking again in 1 minute...
⏸️  Scans are paused by user. Checking again in 1 minute...
⏸️  Scans are paused by user. Checking again in 1 minute...
⏸️  Scans are paused by user. Checking again in 1 minute...
⏸️  Scans are paused by user. Checking again in 1 minute...
⏸️  Scans are paused by user. Checking again in 1 minute...
⏸️  Scans are paused by user. Checking again in 1 minute...
⏸️  Scans are paused by user. Checking again in 1 minute...
⏸️  Scans are paused by user. Checking again in 1 minute...
⏸️  Scans are paused by user. Checking again in 1 minute...
⏸️  Scans are paused by user. Checking again in 1 minute...
⏸️  Scans are paused by user. Checking again in 1 minute...
⏸️  Scans are paused by user. Checking again in 1 minute...
⏸️  Scans are paused by user. Checking again in 1 minute...
⏸️  Scans are paused by user. Checking again in 1 minute...
⏸️  Scans are paused by user. Checking again in 1 minute...
⏸️  Scans are paused by user. Checking again in 1 minute...
⏸️  Scans are paused by user. Checking again in 1 minute...
⏸️  Scans are paused by user. Checking again in 1 minute...
⏸️  Scans are paused by user. Checking again in 1 minute...
⏸️  Scans are paused by user. Checking again in 1 minute...
⏸️  Scans are paused by user. Checking again in 1 minute...
⏸️  Scans are paused by user. Checking again in 1 minute...
⏸️  Scans are paused by user. Checking again in 1 minute...
⏸️  Scans are paused by user. Checking again in 1 minute...
⏸️  Scans are paused by user. Checking again in 1 minute...
⏸️  Scans are paused by user. Checking again in 1 minute...
⏸️  Scans are paused by user. Checking again in 1 minute...
⏸️  Scans are paused by user. Checking again in 1 minute...
⏸️  Scans are paused by user. Checking again in 1 minute...
⏸️  Scans are paused by user. Checking again in 1 minute...
⏸️  Scans are paused by user. Checking again in 1 minute...
⏸️  Scans are paused by user. Checking again in 1 minute...
⏸️  Scans are paused by user. Checking again in 1 minute...
⏸️  Scans are paused by user. Checking again in 1 minute...
⏸️  Scans are paused by user. Checking again in 1 minute...
⏸️  Scans are paused by user. Checking again in 1 minute...
⏸️  Scans are paused by user. Checking again in 1 minute...
⏸️  Scans are paused by user. Checking again in 1 minute...
⏸️  Scans are paused by user. Checking again in 1 minute...
⏸️  Scans are paused by user. Checking again in 1 minute...
⏸️  Scans are paused by user. Checking again in 1 minute...
⏸️  Scans are paused by user. Checking again in 1 minute...
⏸️  Scans are paused by user. Checking again in 1 minute...
⏸️  Scans are paused by user. Checking again in 1 minute...
⏸️  Scans are paused by user. Checking again in 1 minute...
⏸️  Scans are paused by user. Checking again in 1 minute...
⏸️  Scans are paused by user. Checking again in 1 minute...
⏸️  Scans are paused by user. Checking again in 1 minute...
⏸️  Scans are paused by user. Checking again in 1 minute...
⏸️  Scans are paused by user. Checking again in 1 minute...
⏸️  Scans are paused by user. Checking again in 1 minute...
⏸️  Scans are paused by user. Checking again in 1 minute...
⏸️  Scans are paused by user. Checking again in 1 minute...
⏸️  Scans are paused by user. Checking again in 1 minute...
⏸️  Scans are paused by user. Checking again in 1 minute...
⏸️  Scans are paused by user. Checking again in 1 minute...
⏸️  Scans are paused by user. Checking again in 1 minute...
⏸️  Scans are paused by user. Checking again in 1 minute...
⏸️  Scans are paused by user. Checking again in 1 minute...
⏸️  Scans are paused by user. Checking again in 1 minute...
⏸️  Scans are paused by user. Checking again in 1 minute...
⏸️  Scans are paused by user. Checking again in 1 minute...
⏸️  Scans are paused by user. Checking again in 1 minute...
⏸️  Scans are paused by user. Checking again in 1 minute...
⏸️  Scans are paused by user. Checking again in 1 minute...
⏸️  Scans are paused by user. Checking again in 1 minute...
⏸️  Scans are paused by user. Checking again in 1 minute...
⏸️  Scans are paused by user. Checking again in 1 minute...
⏸️  Scans are paused by user. Checking again in 1 minute...
⏸️  Scans are paused by user. Checking again in 1 minute...
⏸️  Scans are paused by user. Checking again in 1 minute...
⏸️  Scans are paused by user. Checking again in 1 minute...
⏸️  Scans are paused by user. Checking again in 1 minute...
⏸️  Scans are paused by user. Checking again in 1 minute...
⏸️  Scans are paused by user. Checking again in 1 minute...
⏸️  Scans are paused by user. Checking again in 1 minute...
⏸️  Scans are paused by user. Checking again in 1 minute...
⏸️  Scans are paused by user. Checking again in 1 minute...
⏸️  Scans are paused by user. Checking again in 1 minute...
⏸️  Scans are paused by user. Checking again in 1 minute...
⏸️  Scans are paused by user. Checking again in 1 minute...
⏸️  Scans are paused by user. Checking again in 1 minute...
⏸️  Scans are paused by user. Checking again in 1 minute...
⏸️  Scans are paused by user. Checking again in 1 minute...
⏸️  Scans are paused by user. Checking again in 1 minute...
⏸️  Scans are paused by user. Checking again in 1 minute...
⏸️  Scans are paused by user. Checking again in 1 minute...
⏸️  Scans are paused by user. Checking again in 1 minute...
⏸️  Scans are paused by user. Checking again in 1 minute...
⏸️  Scans are paused by user. Checking again in 1 minute...
⏸️  Scans are paused by user. Checking again in 1 minute...
⏸️  Scans are paused by user. Checking again in 1 minute...
⏸️  Scans are paused by user. Checking again in 1 minute...
⏸️  Scans are paused by user. Checking again in 1 minute...
⏸️  Scans are paused by user. Checking again in 1 minute...
⏸️  Scans are paused by user. Checking again in 1 minute...
⏸️  Scans are paused by user. Checking again in 1 minute...
⏸️  Scans are paused by user. Checking again in 1 minute...
⏸️  Scans are paused by user. Checking again in 1 minute...
⏸️  Scans are paused by user. Checking again in 1 minute...
⏸️  Scans are paused by user. Checking again in 1 minute...
⏸️  Scans are paused by user. Checking again in 1 minute...
⏸️  Scans are paused by user. Checking again in 1 minute...
⏸️  Scans are paused by user. Checking again in 1 minute...
⏸️  Scans are paused by user. Checking again in 1 minute...
⏸️  Scans are paused by user. Checking again in 1 minute...
⏸️  Scans are paused by user. Checking again in 1 minute...
⏸️  Scans are paused by user. Checking again in 1 minute...
⏸️  Scans are paused by user. Checking again in 1 minute...
⏸️  Scans are paused by user. Checking again in 1 minute...
⏸️  Scans are paused by user. Checking again in 1 minute...
⏸️  Scans are paused by user. Checking again in 1 minute...
⏸️  Scans are paused by user. Checking again in 1 minute...
⏸️  Scans are paused by user. Checking again in 1 minute...
⏸️  Scans are paused by user. Checking again in 1 minute...
⏸️  Scans are paused by user. Checking again in 1 minute...
⏸️  Scans are paused by user. Checking again in 1 minute...
⏸️  Scans are paused by user. Checking again in 1 minute...
⏸️  Scans are paused by user. Checking again in 1 minute...
⏸️  Scans are paused by user. Checking again in 1 minute...
⏸️  Scans are paused by user. Checking again in 1 minute...
⏸️  Scans are paused by user. Checking again in 1 minute...
⏸️  Scans are paused by user. Checking again in 1 minute...
⏸️  Scans are paused by user. Checking again in 1 minute...
⏸️  Scans are paused by user. Checking again in 1 minute...
⏸️  Scans are paused by user. Checking again in 1 minute...
⏸️  Scans are paused by user. Checking again in 1 minute...
⏸️  Scans are paused by user. Checking again in 1 minute...
⏸️  Scans are paused by user. Checking again in 1 minute...
⏸️  Scans are paused by user. Checking again in 1 minute...
⏸️  Scans are paused by user. Checking again in 1 minute...
⏸️  Scans are paused by user. Checking again in 1 minute...
⏸️  Scans are paused by user. Checking again in 1 minute...
⏸️  Scans are paused by user. Checking again in 1 minute...
⏸️  Scans are paused by user. Checking again in 1 minute...
⏸️  Scans are paused by user. Checking again in 1 minute...
⏸️  Scans are paused by user. Checking again in 1 minute...
⏸️  Scans are paused by user. Checking again in 1 minute...
⏸️  Scans are paused by user. Checking again in 1 minute...
⏸️  Scans are paused by user. Checking again in 1 minute...
⏸️  Scans are paused by user. Checking again in 1 minute...
⏸️  Scans are paused by user. Checking again in 1 minute...
⏸️  Scans are paused by user. Checking again in 1 minute...
⏸️  Scans are paused by user. Checking again in 1 minute...
⏸️  Scans are paused by user. Checking again in 1 minute...
⏸️  Scans are paused by user. Checking again in 1 minute...
⏸️  Scans are paused by user. Checking again in 1 minute...
⏸️  Scans are paused by user. Checking again in 1 minute...
⏸️  Scans are paused by user. Checking again in 1 minute...
⏸️  Scans are paused by user. Checking again in 1 minute...
⏸️  Scans are paused by user. Checking again in 1 minute...
⏸️  Scans are paused by user. Checking again in 1 minute...
⏸️  Scans are paused by user. Checking again in 1 minute...
⏸️  Scans are paused by user. Checking again in 1 minute...
⏸️  Scans are paused by user. Checking again in 1 minute...
⏸️  Scans are paused by user. Checking again in 1 minute...
⏸️  Scans are paused by user. Checking again in 1 minute...
⏸️  Scans are paused by user. Checking again in 1 minute...
⏸️  Scans are paused by user. Checking again in 1 minute...
⏸️  Scans are paused by user. Checking again in 1 minute...
⏸️  Scans are paused by user. Checking again in 1 minute...
⏸️  Scans are paused by user. Checking again in 1 minute...
⏸️  Scans are paused by user. Checking again in 1 minute...
⏸️  Scans are paused by user. Checking again in 1 minute...
⏸️  Scans are paused by user. Checking again in 1 minute...
⏸️  Scans are paused by user. Checking again in 1 minute...
⏸️  Scans are paused by user. Checking again in 1 minute...
⏸️  Scans are paused by user. Checking again in 1 minute...
⏸️  Scans are paused by user. Checking again in 1 minute...
⏸️  Scans are paused by user. Checking again in 1 minute...
⏸️  Scans are paused by user. Checking again in 1 minute...
⏸️  Scans are paused by user. Checking again in 1 minute...
⏸️  Scans are paused by user. Checking again in 1 minute...
⏸️  Scans are paused by user. Checking again in 1 minute...
⏸️  Scans are paused by user. Checking again in 1 minute...
⏸️  Scans are paused by user. Checking again in 1 minute...
⏸️  Scans are paused by user. Checking again in 1 minute...
⏸️  Scans are paused by user. Checking again in 1 minute...
⏸️  Scans are paused by user. Checking again in 1 minute...
⏸️  Scans are paused by user. Checking again in 1 minute...
⏸️  Scans are paused by user. Checking again in 1 minute...
⏸️  Scans are paused by user. Checking again in 1 minute...
⏸️  Scans are paused by user. Checking again in 1 minute...
⏸️  Scans are paused by user. Checking again in 1 minute...
⏸️  Scans are paused by user. Checking again in 1 minute...
⏸️  Scans are paused by user. Checking again in 1 minute...
⏸️  Scans are paused by user. Checking again in 1 minute...
⏸️  Scans are paused by user. Checking again in 1 minute...
⏸️  Scans are paused by user. Checking again in 1 minute...
⏸️  Scans are paused by user. Checking again in 1 minute...
⏸️  Scans are paused by user. Checking again in 1 minute...
⏸️  Scans are paused by user. Checking again in 1 minute...
⏸️  Scans are paused by user. Checking again in 1 minute...
⏸️  Scans are paused by user. Checking again in 1 minute...
⏸️  Scans are paused by user. Checking again in 1 minute...
⏸️  Scans are paused by user. Checking again in 1 minute...
⏸️  Scans are paused by user. Checking again in 1 minute...
⏸️  Scans are paused by user. Checking again in 1 minute...
⏸️  Scans are paused by user. Checking again in 1 minute...
⏸️  Scans are paused by user. Checking again in 1 minute...
⏸️  Scans are paused by user. Checking again in 1 minute...
⏸️  Scans are paused by user. Checking again in 1 minute...
⏸️  Scans are paused by user. Checking again in 1 minute...
⏸️  Scans are paused by user. Checking again in 1 minute...
⏸️  Scans are paused by user. Checking again in 1 minute...
⏸️  Scans are paused by user. Checking again in 1 minute...
⏸️  Scans are paused by user. Checking again in 1 minute...
⏸️  Scans are paused by user. Checking again in 1 minute...
⏸️  Scans are paused by user. Checking again in 1 minute...
⏸️  Scans are paused by user. Checking again in 1 minute...
⏸️  Scans are paused by user. Checking again in 1 minute...
⏸️  Scans are paused by user. Checking again in 1 minute...
⏸️  Scans are paused by user. Checking again in 1 minute...
⏸️  Scans are paused by user. Checking again in 1 minute...
⏸️  Scans are paused by user. Checking again in 1 minute...
⏸️  Scans are paused by user. Checking again in 1 minute...
⏸️  Scans are paused by user. Checking again in 1 minute...
⏸️  Scans are paused by user. Checking again in 1 minute...
⏸️  Scans are paused by user. Checking again in 1 minute...
⏸️  Scans are paused by user. Checking again in 1 minute...
⏸️  Scans are paused by user. Checking again in 1 minute...
⏸️  Scans are paused by user. Checking again in 1 minute...
⏸️  Scans are paused by user. Checking again in 1 minute...
⏸️  Scans are paused by user. Checking again in 1 minute...
⏸️  Scans are paused by user. Checking again in 1 minute...
⏸️  Scans are paused by user. Checking again in 1 minute...
⏸️  Scans are paused by user. Checking again in 1 minute...
⏸️  Scans are paused by user. Checking again in 1 minute...
⏸️  Scans are paused by user. Checking again in 1 minute...
⏸️  Scans are paused by user. Checking again in 1 minute...
⏸️  Scans are paused by user. Checking again in 1 minute...
⏸️  Scans are paused by user. Checking again in 1 minute...
⏸️  Scans are paused by user. Checking again in 1 minute...
⏸️  Scans are paused by user. Checking again in 1 minute...
⏸️  Scans are paused by user. Checking again in 1 minute...
⏸️  Scans are paused by user. Checking again in 1 minute...
⏸️  Scans are paused by user. Checking again in 1 minute...
⏸️  Scans are paused by user. Checking again in 1 minute...
⏸️  Scans are paused by user. Checking again in 1 minute...
⏸️  Scans are paused by user. Checking again in 1 minute...
⏸️  Scans are paused by user. Checking again in 1 minute...
⏸️  Scans are paused by user. Checking again in 1 minute...
⏸️  Scans are paused by user. Checking again in 1 minute...
⏸️  Scans are paused by user. Checking again in 1 minute...
⏸️  Scans are paused by user. Checking again in 1 minute...
⏸️  Scans are paused by user. Checking again in 1 minute...
⏸️  Scans are paused by user. Checking again in 1 minute...
⏸️  Scans are paused by user. Checking again in 1 minute...
⏸️  Scans are paused by user. Checking again in 1 minute...
⏸️  Scans are paused by user. Checking again in 1 minute...
⏸️  Scans are paused by user. Checking again in 1 minute...
⏸️  Scans are paused by user. Checking again in 1 minute...
⏸️  Scans are paused by user. Checking again in 1 minute...
⏸️  Scans are paused by user. Checking again in 1 minute...
⏸️  Scans are paused by user. Checking again in 1 minute...
⏸️  Scans are paused by user. Checking again in 1 minute...
⏸️  Scans are paused by user. Checking again in 1 minute...
⏸️  Scans are paused by user. Checking again in 1 minute...
⏸️  Scans are paused by user. Checking again in 1 minute...
⏸️  Scans are paused by user. Checking again in 1 minute...
⏸️  Scans are paused by user. Checking again in 1 minute...
⏸️  Scans are paused by user. Checking again in 1 minute...
⏸️  Scans are paused by user. Checking again in 1 minute...
⏸️  Scans are paused by user. Checking again in 1 minute...
⏸️  Scans are paused by user. Checking again in 1 minute...
⏸️  Scans are paused by user. Checking again in 1 minute...
⏸️  Scans are paused by user. Checking again in 1 minute...
⏸️  Scans are paused by user. Checking again in 1 minute...
⏸️  Scans are paused by user. Checking again in 1 minute...
⏸️  Scans are paused by user. Checking again in 1 minute...
⏸️  Scans are paused by user. Checking again in 1 minute...
⏸️  Scans are paused by user. Checking again in 1 minute...
⏸️  Scans are paused by user. Checking again in 1 minute...
⏸️  Scans are paused by user. Checking again in 1 minute...
⏸️  Scans are paused by user. Checking again in 1 minute...
⏸️  Scans are paused by user. Checking again in 1 minute...
⏸️  Scans are paused by user. Checking again in 1 minute...
⏸️  Scans are paused by user. Checking again in 1 minute...
⏸️  Scans are paused by user. Checking again in 1 minute...
⏸️  Scans are paused by user. Checking again in 1 minute...
⏸️  Scans are paused by user. Checking again in 1 minute...
⏸️  Scans are paused by user. Checking again in 1 minute...
⏸️  Scans are paused by user. Checking again in 1 minute...
⏸️  Scans are paused by user. Checking again in 1 minute...
⏸️  Scans are paused by user. Checking again in 1 minute...
⏸️  Scans are paused by user. Checking again in 1 minute...
⏸️  Scans are paused by user. Checking again in 1 minute...
⏸️  Scans are paused by user. Checking again in 1 minute...
⏸️  Scans are paused by user. Checking again in 1 minute...
⏸️  Scans are paused by user. Checking again in 1 minute...
⏸️  Scans are paused by user. Checking again in 1 minute...
⏸️  Scans are paused by user. Checking again in 1 minute...
⏸️  Scans are paused by user. Checking again in 1 minute...
⏸️  Scans are paused by user. Checking again in 1 minute...
⏸️  Scans are paused by user. Checking again in 1 minute...
⏸️  Scans are paused by user. Checking again in 1 minute...
⏸️  Scans are paused by user. Checking again in 1 minute...
⏸️  Scans are paused by user. Checking again in 1 minute...
⏸️  Scans are paused by user. Checking again in 1 minute...
⏸️  Scans are paused by user. Checking again in 1 minute...
⏸️  Scans are paused by user. Checking again in 1 minute...
⏸️  Scans are paused by user. Checking again in 1 minute...
⏸️  Scans are paused by user. Checking again in 1 minute...
⏸️  Scans are paused by user. Checking again in 1 minute...
⏸️  Scans are paused by user. Checking again in 1 minute...
⏸️  Scans are paused by user. Checking again in 1 minute...
⏸️  Scans are paused by user. Checking again in 1 minute...
⏸️  Scans are paused by user. Checking again in 1 minute...
⏸️  Scans are paused by user. Checking again in 1 minute...
⏸️  Scans are paused by user. Checking again in 1 minute...
⏸️  Scans are paused by user. Checking again in 1 minute...
⏸️  Scans are paused by user. Checking again in 1 minute...
⏸️  Scans are paused by user. Checking again in 1 minute...
⏸️  Scans are paused by user. Checking again in 1 minute...
⏸️  Scans are paused by user. Checking again in 1 minute...
⏸️  Scans are paused by user. Checking again in 1 minute...
⏸️  Scans are paused by user. Checking again in 1 minute...
⏸️  Scans are paused by user. Checking again in 1 minute...
⏸️  Scans are paused by user. Checking again in 1 minute...
⏸️  Scans are paused by user. Checking again in 1 minute...
⏸️  Scans are paused by user. Checking again in 1 minute...
⏸️  Scans are paused by user. Checking again in 1 minute...
⏸️  Scans are paused by user. Checking again in 1 minute...
⏸️  Scans are paused by user. Checking again in 1 minute...
⏸️  Scans are paused by user. Checking again in 1 minute...
⏸️  Scans are paused by user. Checking again in 1 minute...
⏸️  Scans are paused by user. Checking again in 1 minute...
⏸️  Scans are paused by user. Checking again in 1 minute...
⏸️  Scans are paused by user. Checking again in 1 minute...
⏸️  Scans are paused by user. Checking again in 1 minute...
⏸️  Scans are paused by user. Checking again in 1 minute...
⏸️  Scans are paused by user. Checking again in 1 minute...
⏸️  Scans are paused by user. Checking again in 1 minute...
⏸️  Scans are paused by user. Checking again in 1 minute...
⏸️  Scans are paused by user. Checking again in 1 minute...
⏸️  Scans are paused by user. Checking again in 1 minute...
⏸️  Scans are paused by user. Checking again in 1 minute...
⏸️  Scans are paused by user. Checking again in 1 minute...
⏸️  Scans are paused by user. Checking again in 1 minute...
⏸️  Scans are paused by user. Checking again in 1 minute...
⏸️  Scans are paused by user. Checking again in 1 minute...
⏸️  Scans are paused by user. Checking again in 1 minute...
⏸️  Scans are paused by user. Checking again in 1 minute...
⏸️  Scans are paused by user. Checking again in 1 minute...
⏸️  Scans are paused by user. Checking again in 1 minute...
⏸️  Scans are paused by user. Checking again in 1 minute...
⏸️  Scans are paused by user. Checking again in 1 minute...
⏸️  Scans are paused by user. Checking again in 1 minute...
⏸️  Scans are paused by user. Checking again in 1 minute...
⏸️  Scans are paused by user. Checking again in 1 minute...
⏸️  Scans are paused by user. Checking again in 1 minute...
⏸️  Scans are paused by user. Checking again in 1 minute...
⏸️  Scans are paused by user. Checking again in 1 minute...
⏸️  Scans are paused by user. Checking again in 1 minute...
⏸️  Scans are paused by user. Checking again in 1 minute...
⏸️  Scans are paused by user. Checking again in 1 minute...
⏸️  Scans are paused by user. Checking again in 1 minute...
⏸️  Scans are paused by user. Checking again in 1 minute...
⏸️  Scans are paused by user. Checking again in 1 minute...
⏸️  Scans are paused by user. Checking again in 1 minute...
⏸️  Scans are paused by user. Checking again in 1 minute...
⏸️  Scans are paused by user. Checking again in 1 minute...
⏸️  Scans are paused by user. Checking again in 1 minute...
⏸️  Scans are paused by user. Checking again in 1 minute...
⏸️  Scans are paused by user. Checking again in 1 minute...
⏸️  Scans are paused by user. Checking again in 1 minute...
⏸️  Scans are paused by user. Checking again in 1 minute...
⏸️  Scans are paused by user. Checking again in 1 minute...
⏸️  Scans are paused by user. Checking again in 1 minute...
⏸️  Scans are paused by user. Checking again in 1 minute...
⏸️  Scans are paused by user. Checking again in 1 minute...
⏸️  Scans are paused by user. Checking again in 1 minute...
⏸️  Scans are paused by user. Checking again in 1 minute...
⏸️  Scans are paused by user. Checking again in 1 minute...
⏸️  Scans are paused by user. Checking again in 1 minute...
⏸️  Scans are paused by user. Checking again in 1 minute...
⏸️  Scans are paused by user. Checking again in 1 minute...
⏸️  Scans are paused by user. Checking again in 1 minute...
⏸️  Scans are paused by user. Checking again in 1 minute...
⏸️  Scans are paused by user. Checking again in 1 minute...
⏸️  Scans are paused by user. Checking again in 1 minute...
⏸️  Scans are paused by user. Checking again in 1 minute...
⏸️  Scans are paused by user. Checking again in 1 minute...
⏸️  Scans are paused by user. Checking again in 1 minute...
⏸️  Scans are paused by user. Checking again in 1 minute...
⏸️  Scans are paused by user. Checking again in 1 minute...
⏸️  Scans are paused by user. Checking again in 1 minute...
⏸️  Scans are paused by user. Checking again in 1 minute...
⏸️  Scans are paused by user. Checking again in 1 minute...
⏸️  Scans are paused by user. Checking again in 1 minute...
⏸️  Scans are paused by user. Checking again in 1 minute...
⏸️  Scans are paused by user. Checking again in 1 minute...
⏸️  Scans are paused by user. Checking again in 1 minute...
⏸️  Scans are paused by user. Checking again in 1 minute...
⏸️  Scans are paused by user. Checking again in 1 minute...
⏸️  Scans are paused by user. Checking again in 1 minute...
⏸️  Scans are paused by user. Checking again in 1 minute...
⏸️  Scans are paused by user. Checking again in 1 minute...
⏸️  Scans are paused by user. Checking again in 1 minute...
⏸️  Scans are paused by user. Checking again in 1 minute...
⏸️  Scans are paused by user. Checking again in 1 minute...
⏸️  Scans are paused by user. Checking again in 1 minute...
⏸️  Scans are paused by user. Checking again in 1 minute...
⏸️  Scans are paused by user. Checking again in 1 minute...
⏸️  Scans are paused by user. Checking again in 1 minute...
⏸️  Scans are paused by user. Checking again in 1 minute...
⏸️  Scans are paused by user. Checking again in 1 minute...
⏸️  Scans are paused by user. Checking again in 1 minute...
⏸️  Scans are paused by user. Checking again in 1 minute...
⏸️  Scans are paused by user. Checking again in 1 minute...
⏸️  Scans are paused by user. Checking again in 1 minute...
⏸️  Scans are paused by user. Checking again in 1 minute...
⏸️  Scans are paused by user. Checking again in 1 minute...
⏸️  Scans are paused by user. Checking again in 1 minute...
⏸️  Scans are paused by user. Checking again in 1 minute...
⏸️  Scans are paused by user. Checking again in 1 minute...
⏸️  Scans are paused by user. Checking again in 1 minute...
⏸️  Scans are paused by user. Checking again in 1 minute...
⏸️  Scans are paused by user. Checking again in 1 minute...
⏸️  Scans are paused by user. Checking again in 1 minute...
⏸️  Scans are paused by user. Checking again in 1 minute...
⏸️  Scans are paused by user. Checking again in 1 minute...
⏸️  Scans are paused by user. Checking again in 1 minute...
⏸️  Scans are paused by user. Checking again in 1 minute...
⏸️  Scans are paused by user. Checking again in 1 minute...
⏸️  Scans are paused by user. Checking again in 1 minute...
⏸️  Scans are paused by user. Checking again in 1 minute...
⏸️  Scans are paused by user. Checking again in 1 minute...
⏸️  Scans are paused by user. Checking again in 1 minute...
⏸️  Scans are paused by user. Checking again in 1 minute...
⏸️  Scans are paused by user. Checking again in 1 minute...
⏸️  Scans are paused by user. Checking again in 1 minute...
⏸️  Scans are paused by user. Checking again in 1 minute...
⏸️  Scans are paused by user. Checking again in 1 minute...
⏸️  Scans are paused by user. Checking again in 1 minute...
⏸️  Scans are paused by user. Checking again in 1 minute...
⏸️  Scans are paused by user. Checking again in 1 minute...
⏸️  Scans are paused by user. Checking again in 1 minute...
⏸️  Scans are paused by user. Checking again in 1 minute...
⏸️  Scans are paused by user. Checking again in 1 minute...
⏸️  Scans are paused by user. Checking again in 1 minute...
⏸️  Scans are paused by user. Checking again in 1 minute...
⏸️  Scans are paused by user. Checking again in 1 minute...
⏸️  Scans are paused by user. Checking again in 1 minute...
⏸️  Scans are paused by user. Checking again in 1 minute...
⏸️  Scans are paused by user. Checking again in 1 minute...
⏸️  Scans are paused by user. Checking again in 1 minute...
⏸️  Scans are paused by user. Checking again in 1 minute...
⏸️  Scans are paused by user. Checking again in 1 minute...
⏸️  Scans are paused by user. Checking again in 1 minute...
⏸️  Scans are paused by user. Checking again in 1 minute...
⏸️  Scans are paused by user. Checking again in 1 minute...
⏸️  Scans are paused by user. Checking again in 1 minute...
⏸️  Scans are paused by user. Checking again in 1 minute...
⏸️  Scans are paused by user. Checking again in 1 minute...
⏸️  Scans are paused by user. Checking again in 1 minute...
⏸️  Scans are paused by user. Checking again in 1 minute...
⏸️  Scans are paused by user. Checking again in 1 minute...
⏸️  Scans are paused by user. Checking again in 1 minute...
⏸️  Scans are paused by user. Checking again in 1 minute...
⏸️  Scans are paused by user. Checking again in 1 minute...
⏸️  Scans are paused by user. Checking again in 1 minute...
⏸️  Scans are paused by user. Checking again in 1 minute...
⏸️  Scans are paused by user. Checking again in 1 minute...
⏸️  Scans are paused by user. Checking again in 1 minute...
⏸️  Scans are paused by user. Checking again in 1 minute...
⏸️  Scans are paused by user. Checking again in 1 minute...
⏸️  Scans are paused by user. Checking again in 1 minute...
⏸️  Scans are paused by user. Checking again in 1 minute...
⏸️  Scans are paused by user. Checking again in 1 minute...
⏸️  Scans are paused by user. Checking again in 1 minute...
⏸️  Scans are paused by user. Checking again in 1 minute...
⏸️  Scans are paused by user. Checking again in 1 minute...
⏸️  Scans are paused by user. Checking again in 1 minute...
⏸️  Scans are paused by user. Checking again in 1 minute...
⏸️  Scans are paused by user. Checking again in 1 minute...
⏸️  Scans are paused by user. Checking again in 1 minute...
⏸️  Scans are paused by user. Checking again in 1 minute...
⏸️  Scans are paused by user. Checking again in 1 minute...
⏸️  Scans are paused by user. Checking again in 1 minute...
⏸️  Scans are paused by user. Checking again in 1 minute...
⏸️  Scans are paused by user. Checking again in 1 minute...
⏸️  Scans are paused by user. Checking again in 1 minute...
⏸️  Scans are paused by user. Checking again in 1 minute...
⏸️  Scans are paused by user. Checking again in 1 minute...
⏸️  Scans are paused by user. Checking again in 1 minute...
⏸️  Scans are paused by user. Checking again in 1 minute...
⏸️  Scans are paused by user. Checking again in 1 minute...
⏸️  Scans are paused by user. Checking again in 1 minute...
⏸️  Scans are paused by user. Checking again in 1 minute...
⏸️  Scans are paused by user. Checking again in 1 minute...
⏸️  Scans are paused by user. Checking again in 1 minute...
⏸️  Scans are paused by user. Checking again in 1 minute...
⏸️  Scans are paused by user. Checking again in 1 minute...
⏸️  Scans are paused by user. Checking again in 1 minute...
⏸️  Scans are paused by user. Checking again in 1 minute...
⏸️  Scans are paused by user. Checking again in 1 minute...
⏸️  Scans are paused by user. Checking again in 1 minute...
⏸️  Scans are paused by user. Checking again in 1 minute...
⏸️  Scans are paused by user. Checking again in 1 minute...
⏸️  Scans are paused by user. Checking again in 1 minute...
⏸️  Scans are paused by user. Checking again in 1 minute...
⏸️  Scans are paused by user. Checking again in 1 minute...
⏸️  Scans are paused by user. Checking again in 1 minute...
⏸️  Scans are paused by user. Checking again in 1 minute...
⏸️  Scans are paused by user. Checking again in 1 minute...
⏸️  Scans are paused by user. Checking again in 1 minute...
⏸️  Scans are paused by user. Checking again in 1 minute...
⏸️  Scans are paused by user. Checking again in 1 minute...
⏸️  Scans are paused by user. Checking again in 1 minute...
⏸️  Scans are paused by user. Checking again in 1 minute...
⏸️  Scans are paused by user. Checking again in 1 minute...
⏸️  Scans are paused by user. Checking again in 1 minute...
⏸️  Scans are paused by user. Checking again in 1 minute...
⏸️  Scans are paused by user. Checking again in 1 minute...
⏸️  Scans are paused by user. Checking again in 1 minute...
⏸️  Scans are paused by user. Checking again in 1 minute...
⏸️  Scans are paused by user. Checking again in 1 minute...
⏸️  Scans are paused by user. Checking again in 1 minute...
⏸️  Scans are paused by user. Checking again in 1 minute...
⏸️  Scans are paused by user. Checking again in 1 minute...
⏸️  Scans are paused by user. Checking again in 1 minute...
⏸️  Scans are paused by user. Checking again in 1 minute...
⏸️  Scans are paused by user. Checking again in 1 minute...
⏸️  Scans are paused by user. Checking again in 1 minute...
⏸️  Scans are paused by user. Checking again in 1 minute...
⏸️  Scans are paused by user. Checking again in 1 minute...
⏸️  Scans are paused by user. Checking again in 1 minute...
⏸️  Scans are paused by user. Checking again in 1 minute...
⏸️  Scans are paused by user. Checking again in 1 minute...
⏸️  Scans are paused by user. Checking again in 1 minute...
⏸️  Scans are paused by user. Checking again in 1 minute...
⏸️  Scans are paused by user. Checking again in 1 minute...
⏸️  Scans are paused by user. Checking again in 1 minute...
⏸️  Scans are paused by user. Checking again in 1 minute...
⏸️  Scans are paused by user. Checking again in 1 minute...
⏸️  Scans are paused by user. Checking again in 1 minute...
⏸️  Scans are paused by user. Checking again in 1 minute...
⏸️  Scans are paused by user. Checking again in 1 minute...
⏸️  Scans are paused by user. Checking again in 1 minute...
⏸️  Scans are paused by user. Checking again in 1 minute...
⏸️  Scans are paused by user. Checking again in 1 minute...
⏸️  Scans are paused by user. Checking again in 1 minute...
⏸️  Scans are paused by user. Checking again in 1 minute...
⏸️  Scans are paused by user. Checking again in 1 minute...
⏸️  Scans are paused by user. Checking again in 1 minute...
⏸️  Scans are paused by user. Checking again in 1 minute...
⏸️  Scans are paused by user. Checking again in 1 minute...
⏸️  Scans are paused by user. Checking again in 1 minute...
⏸️  Scans are paused by user. Checking again in 1 minute...
⏸️  Scans are paused by user. Checking again in 1 minute...
⏸️  Scans are paused by user. Checking again in 1 minute...
⏸️  Scans are paused by user. Checking again in 1 minute...
⏸️  Scans are paused by user. Checking again in 1 minute...
⏸️  Scans are paused by user. Checking again in 1 minute...
⏸️  Scans are paused by user. Checking again in 1 minute...
⏸️  Scans are paused by user. Checking again in 1 minute...
⏸️  Scans are paused by user. Checking again in 1 minute...
⏸️  Scans are paused by user. Checking again in 1 minute...
⏸️  Scans are paused by user. Checking again in 1 minute...
⏸️  Scans are paused by user. Checking again in 1 minute...
⏸️  Scans are paused by user. Checking again in 1 minute...
⏸️  Scans are paused by user. Checking again in 1 minute...
⏸️  Scans are paused by user. Checking again in 1 minute...
⏸️  Scans are paused by user. Checking again in 1 minute...
⏸️  Scans are paused by user. Checking again in 1 minute...
⏸️  Scans are paused by user. Checking again in 1 minute...
⏸️  Scans are paused by user. Checking again in 1 minute...
⏸️  Scans are paused by user. Checking again in 1 minute...
⏸️  Scans are paused by user. Checking again in 1 minute...
⏸️  Scans are paused by user. Checking again in 1 minute...
⏸️  Scans are paused by user. Checking again in 1 minute...
⏸️  Scans are paused by user. Checking again in 1 minute...
⏸️  Scans are paused by user. Checking again in 1 minute...
⏸️  Scans are paused by user. Checking again in 1 minute...
⏸️  Scans are paused by user. Checking again in 1 minute...
⏸️  Scans are paused by user. Checking again in 1 minute...
⏸️  Scans are paused by user. Checking again in 1 minute...
⏸️  Scans are paused by user. Checking again in 1 minute...
⏸️  Scans are paused by user. Checking again in 1 minute...
⏸️  Scans are paused by user. Checking again in 1 minute...
⏸️  Scans are paused by user. Checking again in 1 minute...
⏸️  Scans are paused by user. Checking again in 1 minute...
⏸️  Scans are paused by user. Checking again in 1 minute...
⏸️  Scans are paused by user. Checking again in 1 minute...
⏸️  Scans are paused by user. Checking again in 1 minute...
⏸️  Scans are paused by user. Checking again in 1 minute...
⏸️  Scans are paused by user. Checking again in 1 minute...
⏸️  Scans are paused by user. Checking again in 1 minute...
⏸️  Scans are paused by user. Checking again in 1 minute...
⏸️  Scans are paused by user. Checking again in 1 minute...
⏸️  Scans are paused by user. Checking again in 1 minute...
⏸️  Scans are paused by user. Checking again in 1 minute...
⏸️  Scans are paused by user. Checking again in 1 minute...
⏸️  Scans are paused by user. Checking again in 1 minute...
⏸️  Scans are paused by user. Checking again in 1 minute...
⏸️  Scans are paused by user. Checking again in 1 minute...
⏸️  Scans are paused by user. Checking again in 1 minute...
⏸️  Scans are paused by user. Checking again in 1 minute...
⏸️  Scans are paused by user. Checking again in 1 minute...
⏸️  Scans are paused by user. Checking again in 1 minute...
⏸️  Scans are paused by user. Checking again in 1 minute...
⏸️  Scans are paused by user. Checking again in 1 minute...
⏸️  Scans are paused by user. Checking again in 1 minute...
⏸️  Scans are paused by user. Checking again in 1 minute...
⏸️  Scans are paused by user. Checking again in 1 minute...
⏸️  Scans are paused by user. Checking again in 1 minute...
⏸️  Scans are paused by user. Checking again in 1 minute...
⏸️  Scans are paused by user. Checking again in 1 minute...
⏸️  Scans are paused by user. Checking again in 1 minute...
⏸️  Scans are paused by user. Checking again in 1 minute...
⏸️  Scans are paused by user. Checking again in 1 minute...
⏸️  Scans are paused by user. Checking again in 1 minute...
⏸️  Scans are paused by user. Checking again in 1 minute...
⏸️  Scans are paused by user. Checking again in 1 minute...
⏸️  Scans are paused by user. Checking again in 1 minute...
⏸️  Scans are paused by user. Checking again in 1 minute...
⏸️  Scans are paused by user. Checking again in 1 minute...
⏸️  Scans are paused by user. Checking again in 1 minute...
⏸️  Scans are paused by user. Checking again in 1 minute...
⏸️  Scans are paused by user. Checking again in 1 minute...
⏸️  Scans are paused by user. Checking again in 1 minute...
⏸️  Scans are paused by user. Checking again in 1 minute...
⏸️  Scans are paused by user. Checking again in 1 minute...
⏸️  Scans are paused by user. Checking again in 1 minute...
⏸️  Scans are paused by user. Checking again in 1 minute...
⏸️  Scans are paused by user. Checking again in 1 minute...
⏸️  Scans are paused by user. Checking again in 1 minute...
⏸️  Scans are paused by user. Checking again in 1 minute...
⏸️  Scans are paused by user. Checking again in 1 minute...
⏸️  Scans are paused by user. Checking again in 1 minute...
⏸️  Scans are paused by user. Checking again in 1 minute...
⏸️  Scans are paused by user. Checking again in 1 minute...
⏸️  Scans are paused by user. Checking again in 1 minute...
⏸️  Scans are paused by user. Checking again in 1 minute...
⏸️  Scans are paused by user. Checking again in 1 minute...
⏸️  Scans are paused by user. Checking again in 1 minute...
⏸️  Scans are paused by user. Checking again in 1 minute...
⏸️  Scans are paused by user. Checking again in 1 minute...
⏸️  Scans are paused by user. Checking again in 1 minute...
⏸️  Scans are paused by user. Checking again in 1 minute...
⏸️  Scans are paused by user. Checking again in 1 minute...
⏸️  Scans are paused by user. Checking again in 1 minute...
⏸️  Scans are paused by user. Checking again in 1 minute...
⏸️  Scans are paused by user. Checking again in 1 minute...
⏸️  Scans are paused by user. Checking again in 1 minute...
⏸️  Scans are paused by user. Checking again in 1 minute...
⏸️  Scans are paused by user. Checking again in 1 minute...
⏸️  Scans are paused by user. Checking again in 1 minute...
⏸️  Scans are paused by user. Checking again in 1 minute...
⏸️  Scans are paused by user. Checking again in 1 minute...
⏸️  Scans are paused by user. Checking again in 1 minute...
⏸️  Scans are paused by user. Checking again in 1 minute...
⏸️  Scans are paused by user. Checking again in 1 minute...
⏸️  Scans are paused by user. Checking again in 1 minute...
⏸️  Scans are paused by user. Checking again in 1 minute...
⏸️  Scans are paused by user. Checking again in 1 minute...
⏸️  Scans are paused by user. Checking again in 1 minute...
⏸️  Scans are paused by user. Checking again in 1 minute...
⏸️  Scans are paused by user. Checking again in 1 minute...
⏸️  Scans are paused by user. Checking again in 1 minute...
⏸️  Scans are paused by user. Checking again in 1 minute...
⏸️  Scans are paused by user. Checking again in 1 minute...
⏸️  Scans are paused by user. Checking again in 1 minute...
⏸️  Scans are paused by user. Checking again in 1 minute...
⏸️  Scans are paused by user. Checking again in 1 minute...
⏸️  Scans are paused by user. Checking again in 1 minute...
⏸️  Scans are paused by user. Checking again in 1 minute...
⏸️  Scans are paused by user. Checking again in 1 minute...
⏸️  Scans are paused by user. Checking again in 1 minute...
⏸️  Scans are paused by user. Checking again in 1 minute...
⏸️  Scans are paused by user. Checking again in 1 minute...
⏸️  Scans are paused by user. Checking again in 1 minute...
⏸️  Scans are paused by user. Checking again in 1 minute...
⏸️  Scans are paused by user. Checking again in 1 minute...
⏸️  Scans are paused by user. Checking again in 1 minute...
⏸️  Scans are paused by user. Checking again in 1 minute...
⏸️  Scans are paused by user. Checking again in 1 minute...
⏸️  Scans are paused by user. Checking again in 1 minute...
⏸️  Scans are paused by user. Checking again in 1 minute...
⏸️  Scans are paused by user. Checking again in 1 minute...
⏸️  Scans are paused by user. Checking again in 1 minute...
⏸️  Scans are paused by user. Checking again in 1 minute...
⏸️  Scans are paused by user. Checking again in 1 minute...
⏸️  Scans are paused by user. Checking again in 1 minute...
⏸️  Scans are paused by user. Checking again in 1 minute...
⏸️  Scans are paused by user. Checking again in 1 minute...
⏸️  Scans are paused by user. Checking again in 1 minute...
⏸️  Scans are paused by user. Checking again in 1 minute...
⏸️  Scans are paused by user. Checking again in 1 minute...
⏸️  Scans are paused by user. Checking again in 1 minute...
⏸️  Scans are paused by user. Checking again in 1 minute...
⏸️  Scans are paused by user. Checking again in 1 minute...
⏸️  Scans are paused by user. Checking again in 1 minute...
⏸️  Scans are paused by user. Checking again in 1 minute...
⏸️  Scans are paused by user. Checking again in 1 minute...
⏸️  Scans are paused by user. Checking again in 1 minute...
⏸️  Scans are paused by user. Checking again in 1 minute...
⏸️  Scans are paused by user. Checking again in 1 minute...
⏸️  Scans are paused by user. Checking again in 1 minute...
⏸️  Scans are paused by user. Checking again in 1 minute...
⏸️  Scans are paused by user. Checking again in 1 minute...
⏸️  Scans are paused by user. Checking again in 1 minute...
⏸️  Scans are paused by user. Checking again in 1 minute...
⏸️  Scans are paused by user. Checking again in 1 minute...
⏸️  Scans are paused by user. Checking again in 1 minute...
⏸️  Scans are paused by user. Checking again in 1 minute...
⏸️  Scans are paused by user. Checking again in 1 minute...
⏸️  Scans are paused by user. Checking again in 1 minute...
⏸️  Scans are paused by user. Checking again in 1 minute...
⏸️  Scans are paused by user. Checking again in 1 minute...
⏸️  Scans are paused by user. Checking again in 1 minute...
⏸️  Scans are paused by user. Checking again in 1 minute...
⏸️  Scans are paused by user. Checking again in 1 minute...
⏸️  Scans are paused by user. Checking again in 1 minute...
⏸️  Scans are paused by user. Checking again in 1 minute...
⏸️  Scans are paused by user. Checking again in 1 minute...
⏸️  Scans are paused by user. Checking again in 1 minute...
⏸️  Scans are paused by user. Checking again in 1 minute...
⏸️  Scans are paused by user. Checking again in 1 minute...
⏸️  Scans are paused by user. Checking again in 1 minute...
⏸️  Scans are paused by user. Checking again in 1 minute...
⏸️  Scans are paused by user. Checking again in 1 minute...
⏸️  Scans are paused by user. Checking again in 1 minute...
⏸️  Scans are paused by user. Checking again in 1 minute...
⏸️  Scans are paused by user. Checking again in 1 minute...
⏸️  Scans are paused by user. Checking again in 1 minute...
⏸️  Scans are paused by user. Checking again in 1 minute...
⏸️  Scans are paused by user. Checking again in 1 minute...
⏸️  Scans are paused by user. Checking again in 1 minute...
⏸️  Scans are paused by user. Checking again in 1 minute...
⏸️  Scans are paused by user. Checking again in 1 minute...
⏸️  Scans are paused by user. Checking again in 1 minute...
⏸️  Scans are paused by user. Checking again in 1 minute...
⏸️  Scans are paused by user. Checking again in 1 minute...
⏸️  Scans are paused by user. Checking again in 1 minute...
⏸️  Scans are paused by user. Checking again in 1 minute...
⏸️  Scans are paused by user. Checking again in 1 minute...
⏸️  Scans are paused by user. Checking again in 1 minute...
⏸️  Scans are paused by user. Checking again in 1 minute...
⏸️  Scans are paused by user. Checking again in 1 minute...
⏸️  Scans are paused by user. Checking again in 1 minute...
⏸️  Scans are paused by user. Checking again in 1 minute...
⏸️  Scans are paused by user. Checking again in 1 minute...
⏸️  Scans are paused by user. Checking again in 1 minute...
⏸️  Scans are paused by user. Checking again in 1 minute...
⏸️  Scans are paused by user. Checking again in 1 minute...
⏸️  Scans are paused by user. Checking again in 1 minute...
⏸️  Scans are paused by user. Checking again in 1 minute...
⏸️  Scans are paused by user. Checking again in 1 minute...
⏸️  Scans are paused by user. Checking again in 1 minute...
⏸️  Scans are paused by user. Checking again in 1 minute...
⏸️  Scans are paused by user. Checking again in 1 minute...
⏸️  Scans are paused by user. Checking again in 1 minute...
⏸️  Scans are paused by user. Checking again in 1 minute...
⏸️  Scans are paused by user. Checking again in 1 minute...
⏸️  Scans are paused by user. Checking again in 1 minute...
⏸️  Scans are paused by user. Checking again in 1 minute...
⏸️  Scans are paused by user. Checking again in 1 minute...
⏸️  Scans are paused by user. Checking again in 1 minute...
⏸️  Scans are paused by user. Checking again in 1 minute...
⏸️  Scans are paused by user. Checking again in 1 minute...
⏸️  Scans are paused by user. Checking again in 1 minute...
⏸️  Scans are paused by user. Checking again in 1 minute...
⏸️  Scans are paused by user. Checking again in 1 minute...
⏸️  Scans are paused by user. Checking again in 1 minute...
⏸️  Scans are paused by user. Checking again in 1 minute...
⏸️  Scans are paused by user. Checking again in 1 minute...
⏸️  Scans are paused by user. Checking again in 1 minute...
⏸️  Scans are paused by user. Checking again in 1 minute...
⏸️  Scans are paused by user. Checking again in 1 minute...
⏸️  Scans are paused by user. Checking again in 1 minute...
⏸️  Scans are paused by user. Checking again in 1 minute...
⏸️  Scans are paused by user. Checking again in 1 minute...
⏸️  Scans are paused by user. Checking again in 1 minute...
⏸️  Scans are paused by user. Checking again in 1 minute...
⏸️  Scans are paused by user. Checking again in 1 minute...
⏸️  Scans are paused by user. Checking again in 1 minute...
⏸️  Scans are paused by user. Checking again in 1 minute...
⏸️  Scans are paused by user. Checking again in 1 minute...
⏸️  Scans are paused by user. Checking again in 1 minute...
⏸️  Scans are paused by user. Checking again in 1 minute...
⏸️  Scans are paused by user. Checking again in 1 minute...
⏸️  Scans are paused by user. Checking again in 1 minute...
⏸️  Scans are paused by user. Checking again in 1 minute...
⏸️  Scans are paused by user. Checking again in 1 minute...
⏸️  Scans are paused by user. Checking again in 1 minute...
⏸️  Scans are paused by user. Checking again in 1 minute...
⏸️  Scans are paused by user. Checking again in 1 minute...
⏸️  Scans are paused by user. Checking again in 1 minute...
⏸️  Scans are paused by user. Checking again in 1 minute...
⏸️  Scans are paused by user. Checking again in 1 minute...
⏸️  Scans are paused by user. Checking again in 1 minute...
⏸️  Scans are paused by user. Checking again in 1 minute...
⏸️  Scans are paused by user. Checking again in 1 minute...
⏸️  Scans are paused by user. Checking again in 1 minute...
⏸️  Scans are paused by user. Checking again in 1 minute...
⏸️  Scans are paused by user. Checking again in 1 minute...
⏸️  Scans are paused by user. Checking again in 1 minute...
⏸️  Scans are paused by user. Checking again in 1 minute...
⏸️  Scans are paused by user. Checking again in 1 minute...
⏸️  Scans are paused by user. Checking again in 1 minute...
⏸️  Scans are paused by user. Checking again in 1 minute...
⏸️  Scans are paused by user. Checking again in 1 minute...
⏸️  Scans are paused by user. Checking again in 1 minute...
⏸️  Scans are paused by user. Checking again in 1 minute...
⏸️  Scans are paused by user. Checking again in 1 minute...
⏸️  Scans are paused by user. Checking again in 1 minute...
⏸️  Scans are paused by user. Checking again in 1 minute...
⏸️  Scans are paused by user. Checking again in 1 minute...
⏸️  Scans are paused by user. Checking again in 1 minute...
⏸️  Scans are paused by user. Checking again in 1 minute...
⏸️  Scans are paused by user. Checking again in 1 minute...
⏸️  Scans are paused by user. Checking again in 1 minute...
⏸️  Scans are paused by user. Checking again in 1 minute...
⏸️  Scans are paused by user. Checking again in 1 minute...
⏸️  Scans are paused by user. Checking again in 1 minute...
⏸️  Scans are paused by user. Checking again in 1 minute...
⏸️  Scans are paused by user. Checking again in 1 minute...
⏸️  Scans are paused by user. Checking again in 1 minute...
⏸️  Scans are paused by user. Checking again in 1 minute...
⏸️  Scans are paused by user. Checking again in 1 minute...
⏸️  Scans are paused by user. Checking again in 1 minute...
⏸️  Scans are paused by user. Checking again in 1 minute...
⏸️  Scans are paused by user. Checking again in 1 minute...
⏸️  Scans are paused by user. Checking again in 1 minute...
⏸️  Scans are paused by user. Checking again in 1 minute...
⏸️  Scans are paused by user. Checking again in 1 minute...
⏸️  Scans are paused by user. Checking again in 1 minute...
⏸️  Scans are paused by user. Checking again in 1 minute...
⏸️  Scans are paused by user. Checking again in 1 minute...
⏸️  Scans are paused by user. Checking again in 1 minute...
⏸️  Scans are paused by user. Checking again in 1 minute...
⏸️  Scans are paused by user. Checking again in 1 minute...
⏸️  Scans are paused by user. Checking again in 1 minute...
⏸️  Scans are paused by user. Checking again in 1 minute...
⏸️  Scans are paused by user. Checking again in 1 minute...
⏸️  Scans are paused by user. Checking again in 1 minute...
⏸️  Scans are paused by user. Checking again in 1 minute...
⏸️  Scans are paused by user. Checking again in 1 minute...
⏸️  Scans are paused by user. Checking again in 1 minute...
⏸️  Scans are paused by user. Checking again in 1 minute...
⏸️  Scans are paused by user. Checking again in 1 minute...
⏸️  Scans are paused by user. Checking again in 1 minute...
⏸️  Scans are paused by user. Checking again in 1 minute...
⏸️  Scans are paused by user. Checking again in 1 minute...
⏸️  Scans are paused by user. Checking again in 1 minute...
⏸️  Scans are paused by user. Checking again in 1 minute...
⏸️  Scans are paused by user. Checking again in 1 minute...
⏸️  Scans are paused by user. Checking again in 1 minute...
⏸️  Scans are paused by user. Checking again in 1 minute...
⏸️  Scans are paused by user. Checking again in 1 minute...
⏸️  Scans are paused by user. Checking again in 1 minute...
⏸️  Scans are paused by user. Checking again in 1 minute...
⏸️  Scans are paused by user. Checking again in 1 minute...
⏸️  Scans are paused by user. Checking again in 1 minute...
⏸️  Scans are paused by user. Checking again in 1 minute...
⏸️  Scans are paused by user. Checking again in 1 minute...
⏸️  Scans are paused by user. Checking again in 1 minute...
⏸️  Scans are paused by user. Checking again in 1 minute...
⏸️  Scans are paused by user. Checking again in 1 minute...
⏸️  Scans are paused by user. Checking again in 1 minute...
⏸️  Scans are paused by user. Checking again in 1 minute...
⏸️  Scans are paused by user. Checking again in 1 minute...
⏸️  Scans are paused by user. Checking again in 1 minute...
⏸️  Scans are paused by user. Checking again in 1 minute...
⏸️  Scans are paused by user. Checking again in 1 minute...
⏸️  Scans are paused by user. Checking again in 1 minute...
⏸️  Scans are paused by user. Checking again in 1 minute...
⏸️  Scans are paused by user. Checking again in 1 minute...
⏸️  Scans are paused by user. Checking again in 1 minute...
⏸️  Scans are paused by user. Checking again in 1 minute...
⏸️  Scans are paused by user. Checking again in 1 minute...
⏸️  Scans are paused by user. Checking again in 1 minute...
⏸️  Scans are paused by user. Checking again in 1 minute...
⏸️  Scans are paused by user. Checking again in 1 minute...
⏸️  Scans are paused by user. Checking again in 1 minute...
⏸️  Scans are paused by user. Checking again in 1 minute...
⏸️  Scans are paused by user. Checking again in 1 minute...
⏸️  Scans are paused by user. Checking again in 1 minute...
⏸️  Scans are paused by user. Checking again in 1 minute...
⏸️  Scans are paused by user. Checking again in 1 minute...
⏸️  Scans are paused by user. Checking again in 1 minute...
⏸️  Scans are paused by user. Checking again in 1 minute...
⏸️  Scans are paused by user. Checking again in 1 minute...
⏸️  Scans are paused by user. Checking again in 1 minute...
⏸️  Scans are paused by user. Checking again in 1 minute...
⏸️  Scans are paused by user. Checking again in 1 minute...
⏸️  Scans are paused by user. Checking again in 1 minute...
⏸️  Scans are paused by user. Checking again in 1 minute...
⏸️  Scans are paused by user. Checking again in 1 minute...
⏸️  Scans are paused by user. Checking again in 1 minute...
⏸️  Scans are paused by user. Checking again in 1 minute...
⏸️  Scans are paused by user. Checking again in 1 minute...
⏸️  Scans are paused by user. Checking again in 1 minute...
⏸️  Scans are paused by user. Checking again in 1 minute...
⏸️  Scans are paused by user. Checking again in 1 minute...
⏸️  Scans are paused by user. Checking again in 1 minute...
⏸️  Scans are paused by user. Checking again in 1 minute...
⏸️  Scans are paused by user. Checking again in 1 minute...
⏸️  Scans are paused by user. Checking again in 1 minute...
⏸️  Scans are paused by user. Checking again in 1 minute...
⏸️  Scans are paused by user. Checking again in 1 minute...
⏸️  Scans are paused by user. Checking again in 1 minute...
⏸️  Scans are paused by user. Checking again in 1 minute...
⏸️  Scans are paused by user. Checking again in 1 minute...
⏸️  Scans are paused by user. Checking again in 1 minute...
⏸️  Scans are paused by user. Checking again in 1 minute...
⏸️  Scans are paused by user. Checking again in 1 minute...
⏸️  Scans are paused by user. Checking again in 1 minute...
⏸️  Scans are paused by user. Checking again in 1 minute...
⏸️  Scans are paused by user. Checking again in 1 minute...
⏸️  Scans are paused by user. Checking again in 1 minute...
⏸️  Scans are paused by user. Checking again in 1 minute...
⏸️  Scans are paused by user. Checking again in 1 minute...
⏸️  Scans are paused by user. Checking again in 1 minute...
⏸️  Scans are paused by user. Checking again in 1 minute...
⏸️  Scans are paused by user. Checking again in 1 minute...
⏸️  Scans are paused by user. Checking again in 1 minute...
⏸️  Scans are paused by user. Checking again in 1 minute...
⏸️  Scans are paused by user. Checking again in 1 minute...
⏸️  Scans are paused by user. Checking again in 1 minute...
⏸️  Scans are paused by user. Checking again in 1 minute...
⏸️  Scans are paused by user. Checking again in 1 minute...
⏸️  Scans are paused by user. Checking again in 1 minute...
⏸️  Scans are paused by user. Checking again in 1 minute...
⏸️  Scans are paused by user. Checking again in 1 minute...
⏸️  Scans are paused by user. Checking again in 1 minute...
⏸️  Scans are paused by user. Checking again in 1 minute...
⏸️  Scans are paused by user. Checking again in 1 minute...
⏸️  Scans are paused by user. Checking again in 1 minute...
⏸️  Scans are paused by user. Checking again in 1 minute...
⏸️  Scans are paused by user. Checking again in 1 minute...
⏸️  Scans are paused by user. Checking again in 1 minute...
⏸️  Scans are paused by user. Checking again in 1 minute...
⏸️  Scans are paused by user. Checking again in 1 minute...
⏸️  Scans are paused by user. Checking again in 1 minute...
⏸️  Scans are paused by user. Checking again in 1 minute...
⏸️  Scans are paused by user. Checking again in 1 minute...
⏸️  Scans are paused by user. Checking again in 1 minute...
⏸️  Scans are paused by user. Checking again in 1 minute...
⏸️  Scans are paused by user. Checking again in 1 minute...
⏸️  Scans are paused by user. Checking again in 1 minute...
⏸️  Scans are paused by user. Checking again in 1 minute...
⏸️  Scans are paused by user. Checking again in 1 minute...
⏸️  Scans are paused by user. Checking again in 1 minute...
⏸️  Scans are paused by user. Checking again in 1 minute...
⏸️  Scans are paused by user. Checking again in 1 minute...
⏸️  Scans are paused by user. Checking again in 1 minute...
⏸️  Scans are paused by user. Checking again in 1 minute...
⏸️  Scans are paused by user. Checking again in 1 minute...
⏸️  Scans are paused by user. Checking again in 1 minute...
⏸️  Scans are paused by user. Checking again in 1 minute...
⏸️  Scans are paused by user. Checking again in 1 minute...
⏸️  Scans are paused by user. Checking again in 1 minute...
⏸️  Scans are paused by user. Checking again in 1 minute...
⏸️  Scans are paused by user. Checking again in 1 minute...
⏸️  Scans are paused by user. Checking again in 1 minute...
⏸️  Scans are paused by user. Checking again in 1 minute...
⏸️  Scans are paused by user. Checking again in 1 minute...
⏸️  Scans are paused by user. Checking again in 1 minute...
⏸️  Scans are paused by user. Checking again in 1 minute...
⏸️  Scans are paused by user. Checking again in 1 minute...
⏸️  Scans are paused by user. Checking again in 1 minute...
⏸️  Scans are paused by user. Checking again in 1 minute...
⏸️  Scans are paused by user. Checking again in 1 minute...
⏸️  Scans are paused by user. Checking again in 1 minute...
⏸️  Scans are paused by user. Checking again in 1 minute...
⏸️  Scans are paused by user. Checking again in 1 minute...
⏸️  Scans are paused by user. Checking again in 1 minute...
⏸️  Scans are paused by user. Checking again in 1 minute...
⏸️  Scans are paused by user. Checking again in 1 minute...
⏸️  Scans are paused by user. Checking again in 1 minute...
⏸️  Scans are paused by user. Checking again in 1 minute...
⏸️  Scans are paused by user. Checking again in 1 minute...
⏸️  Scans are paused by user. Checking again in 1 minute...
⏸️  Scans are paused by user. Checking again in 1 minute...
⏸️  Scans are paused by user. Checking again in 1 minute...
⏸️  Scans are paused by user. Checking again in 1 minute...
⏸️  Scans are paused by user. Checking again in 1 minute...
⏸️  Scans are paused by user. Checking again in 1 minute...
⏸️  Scans are paused by user. Checking again in 1 minute...
⏸️  Scans are paused by user. Checking again in 1 minute...
⏸️  Scans are paused by user. Checking again in 1 minute...
⏸️  Scans are paused by user. Checking again in 1 minute...
⏸️  Scans are paused by user. Checking again in 1 minute...
⏸️  Scans are paused by user. Checking again in 1 minute...
⏸️  Scans are paused by user. Checking again in 1 minute...
⏸️  Scans are paused by user. Checking again in 1 minute...
⏸️  Scans are paused by user. Checking again in 1 minute...
⏸️  Scans are paused by user. Checking again in 1 minute...
⏸️  Scans are paused by user. Checking again in 1 minute...
⏸️  Scans are paused by user. Checking again in 1 minute...
⏸️  Scans are paused by user. Checking again in 1 minute...
⏸️  Scans are paused by user. Checking again in 1 minute...
⏸️  Scans are paused by user. Checking again in 1 minute...
⏸️  Scans are paused by user. Checking again in 1 minute...
⏸️  Scans are paused by user. Checking again in 1 minute...
⏸️  Scans are paused by user. Checking again in 1 minute...
⏸️  Scans are paused by user. Checking again in 1 minute...
⏸️  Scans are paused by user. Checking again in 1 minute...
⏸️  Scans are paused by user. Checking again in 1 minute...
⏸️  Scans are paused by user. Checking again in 1 minute...
⏸️  Scans are paused by user. Checking again in 1 minute...
⏸️  Scans are paused by user. Checking again in 1 minute...
⏸️  Scans are paused by user. Checking again in 1 minute...
⏸️  Scans are paused by user. Checking again in 1 minute...
⏸️  Scans are paused by user. Checking again in 1 minute...
⏸️  Scans are paused by user. Checking again in 1 minute...
⏸️  Scans are paused by user. Checking again in 1 minute...
⏸️  Scans are paused by user. Checking again in 1 minute...
⏸️  Scans are paused by user. Checking again in 1 minute...
⏸️  Scans are paused by user. Checking again in 1 minute...
⏸️  Scans are paused by user. Checking again in 1 minute...
⏸️  Scans are paused by user. Checking again in 1 minute...
⏸️  Scans are paused by user. Checking again in 1 minute...
⏸️  Scans are paused by user. Checking again in 1 minute...
⏸️  Scans are paused by user. Checking again in 1 minute...
⏸️  Scans are paused by user. Checking again in 1 minute...
⏸️  Scans are paused by user. Checking again in 1 minute...
⏸️  Scans are paused by user. Checking again in 1 minute...
⏸️  Scans are paused by user. Checking again in 1 minute...
⏸️  Scans are paused by user. Checking again in 1 minute...
⏸️  Scans are paused by user. Checking again in 1 minute...
⏸️  Scans are paused by user. Checking again in 1 minute...
⏸️  Scans are paused by user. Checking again in 1 minute...
⏸️  Scans are paused by user. Checking again in 1 minute...
⏸️  Scans are paused by user. Checking again in 1 minute...
⏸️  Scans are paused by user. Checking again in 1 minute...
⏸️  Scans are paused by user. Checking again in 1 minute...
⏸️  Scans are paused by user. Checking again in 1 minute...
⏸️  Scans are paused by user. Checking again in 1 minute...
⏸️  Scans are paused by user. Checking again in 1 minute...
⏸️  Scans are paused by user. Checking again in 1 minute...
⏸️  Scans are paused by user. Checking again in 1 minute...
⏸️  Scans are paused by user. Checking again in 1 minute...
⏸️  Scans are paused by user. Checking again in 1 minute...
⏸️  Scans are paused by user. Checking again in 1 minute...
⏸️  Scans are paused by user. Checking again in 1 minute...
⏸️  Scans are paused by user. Checking again in 1 minute...
⏸️  Scans are paused by user. Checking again in 1 minute...
⏸️  Scans are paused by user. Checking again in 1 minute...
⏸️  Scans are paused by user. Checking again in 1 minute...
⏸️  Scans are paused by user. Checking again in 1 minute...
⏸️  Scans are paused by user. Checking again in 1 minute...
⏸️  Scans are paused by user. Checking again in 1 minute...
⏸️  Scans are paused by user. Checking again in 1 minute...
⏸️  Scans are paused by user. Checking again in 1 minute...
⏸️  Scans are paused by user. Checking again in 1 minute...
⏸️  Scans are paused by user. Checking again in 1 minute...
⏸️  Scans are paused by user. Checking again in 1 minute...
⏸️  Scans are paused by user. Checking again in 1 minute...
⏸️  Scans are paused by user. Checking again in 1 minute...
⏸️  Scans are paused by user. Checking again in 1 minute...
⏸️  Scans are paused by user. Checking again in 1 minute...
⏸️  Scans are paused by user. Checking again in 1 minute...
⏸️  Scans are paused by user. Checking again in 1 minute...
⏸️  Scans are paused by user. Checking again in 1 minute...
⏸️  Scans are paused by user. Checking again in 1 minute...
⏸️  Scans are paused by user. Checking again in 1 minute...
⏸️  Scans are paused by user. Checking again in 1 minute...
⏸️  Scans are paused by user. Checking again in 1 minute...
⏸️  Scans are paused by user. Checking again in 1 minute...
⏸️  Scans are paused by user. Checking again in 1 minute...
⏸️  Scans are paused by user. Checking again in 1 minute...
⏸️  Scans are paused by user. Checking again in 1 minute...
⏸️  Scans are paused by user. Checking again in 1 minute...
⏸️  Scans are paused by user. Checking again in 1 minute...
⏸️  Scans are paused by user. Checking again in 1 minute...
⏸️  Scans are paused by user. Checking again in 1 minute...
◇ injected env (5) from web/.env.local // tip: ⌘ enable debugging { debug: true }
🚀 Daemon started. Loop interval set to 10 minutes.
⏸️  Scans are paused by user. Checking again in 1 minute...
⏸️  Scans are paused by user. Checking again in 1 minute...
⏸️  Scans are paused by user. Checking again in 1 minute...
⏸️  Scans are paused by user. Checking again in 1 minute...
⏸️  Scans are paused by user. Checking again in 1 minute...
⏸️  Scans are paused by user. Checking again in 1 minute...
⏸️  Scans are paused by user. Checking again in 1 minute...
⏸️  Scans are paused by user. Checking again in 1 minute...
⏸️  Scans are paused by user. Checking again in 1 minute...
⏸️  Scans are paused by user. Checking again in 1 minute...
⏸️  Scans are paused by user. Checking again in 1 minute...
⏸️  Scans are paused by user. Checking again in 1 minute...
⏸️  Scans are paused by user. Checking again in 1 minute...
⏸️  Scans are paused by user. Checking again in 1 minute...
⏸️  Scans are paused by user. Checking again in 1 minute...
⏸️  Scans are paused by user. Checking again in 1 minute...
⏸️  Scans are paused by user. Checking again in 1 minute...
⏸️  Scans are paused by user. Checking again in 1 minute...
⏸️  Scans are paused by user. Checking again in 1 minute...
⏸️  Scans are paused by user. Checking again in 1 minute...
⏸️  Scans are paused by user. Checking again in 1 minute...
⏸️  Scans are paused by user. Checking again in 1 minute...
⏸️  Scans are paused by user. Checking again in 1 minute...
⏸️  Scans are paused by user. Checking again in 1 minute...
⏸️  Scans are paused by user. Checking again in 1 minute...
⏸️  Scans are paused by user. Checking again in 1 minute...
⏸️  Scans are paused by user. Checking again in 1 minute...
⏸️  Scans are paused by user. Checking again in 1 minute...
⏸️  Scans are paused by user. Checking again in 1 minute...
⏸️  Scans are paused by user. Checking again in 1 minute...
⏸️  Scans are paused by user. Checking again in 1 minute...
⏸️  Scans are paused by user. Checking again in 1 minute...
⏸️  Scans are paused by user. Checking again in 1 minute...
⏸️  Scans are paused by user. Checking again in 1 minute...
⏸️  Scans are paused by user. Checking again in 1 minute...
⏸️  Scans are paused by user. Checking again in 1 minute...
⏸️  Scans are paused by user. Checking again in 1 minute...
⏸️  Scans are paused by user. Checking again in 1 minute...
⏸️  Scans are paused by user. Checking again in 1 minute...
⏸️  Scans are paused by user. Checking again in 1 minute...
⏸️  Scans are paused by user. Checking again in 1 minute...
⏸️  Scans are paused by user. Checking again in 1 minute...
⏸️  Scans are paused by user. Checking again in 1 minute...
⏸️  Scans are paused by user. Checking again in 1 minute...
⏸️  Scans are paused by user. Checking again in 1 minute...
⏸️  Scans are paused by user. Checking again in 1 minute...
⏸️  Scans are paused by user. Checking again in 1 minute...
⏸️  Scans are paused by user. Checking again in 1 minute...
⏸️  Scans are paused by user. Checking again in 1 minute...
⏸️  Scans are paused by user. Checking again in 1 minute...
⏸️  Scans are paused by user. Checking again in 1 minute...
⏸️  Scans are paused by user. Checking again in 1 minute...
⏸️  Scans are paused by user. Checking again in 1 minute...
⏸️  Scans are paused by user. Checking again in 1 minute...
⏸️  Scans are paused by user. Checking again in 1 minute...
⏸️  Scans are paused by user. Checking again in 1 minute...
⏸️  Scans are paused by user. Checking again in 1 minute...
⏸️  Scans are paused by user. Checking again in 1 minute...
⏸️  Scans are paused by user. Checking again in 1 minute...
⏸️  Scans are paused by user. Checking again in 1 minute...
⏸️  Scans are paused by user. Checking again in 1 minute...
⏸️  Scans are paused by user. Checking again in 1 minute...
⏸️  Scans are paused by user. Checking again in 1 minute...
⏸️  Scans are paused by user. Checking again in 1 minute...
⏸️  Scans are paused by user. Checking again in 1 minute...
⏸️  Scans are paused by user. Checking again in 1 minute...
⏸️  Scans are paused by user. Checking again in 1 minute...
⏸️  Scans are paused by user. Checking again in 1 minute...
⏸️  Scans are paused by user. Checking again in 1 minute...
⏸️  Scans are paused by user. Checking again in 1 minute...
⏸️  Scans are paused by user. Checking again in 1 minute...
⏸️  Scans are paused by user. Checking again in 1 minute...
⏸️  Scans are paused by user. Checking again in 1 minute...
⏸️  Scans are paused by user. Checking again in 1 minute...
⏸️  Scans are paused by user. Checking again in 1 minute...
⏸️  Scans are paused by user. Checking again in 1 minute...
⏸️  Scans are paused by user. Checking again in 1 minute...
⏸️  Scans are paused by user. Checking again in 1 minute...
⏸️  Scans are paused by user. Checking again in 1 minute...
⏸️  Scans are paused by user. Checking again in 1 minute...
⏸️  Scans are paused by user. Checking again in 1 minute...
⏸️  Scans are paused by user. Checking again in 1 minute...
⏸️  Scans are paused by user. Checking again in 1 minute...
⏸️  Scans are paused by user. Checking again in 1 minute...
⏸️  Scans are paused by user. Checking again in 1 minute...
⏸️  Scans are paused by user. Checking again in 1 minute...
⏸️  Scans are paused by user. Checking again in 1 minute...
⏸️  Scans are paused by user. Checking again in 1 minute...
⏸️  Scans are paused by user. Checking again in 1 minute...
⏸️  Scans are paused by user. Checking again in 1 minute...
⏸️  Scans are paused by user. Checking again in 1 minute...
⏸️  Scans are paused by user. Checking again in 1 minute...
⏸️  Scans are paused by user. Checking again in 1 minute...
⏸️  Scans are paused by user. Checking again in 1 minute...
⏸️  Scans are paused by user. Checking again in 1 minute...
⏸️  Scans are paused by user. Checking again in 1 minute...
⏸️  Scans are paused by user. Checking again in 1 minute...
⏸️  Scans are paused by user. Checking again in 1 minute...
⏸️  Scans are paused by user. Checking again in 1 minute...
⏸️  Scans are paused by user. Checking again in 1 minute...
⏸️  Scans are paused by user. Checking again in 1 minute...
⏸️  Scans are paused by user. Checking again in 1 minute...
⏸️  Scans are paused by user. Checking again in 1 minute...
⏸️  Scans are paused by user. Checking again in 1 minute...
⏸️  Scans are paused by user. Checking again in 1 minute...
⏸️  Scans are paused by user. Checking again in 1 minute...
⏸️  Scans are paused by user. Checking again in 1 minute...
⏸️  Scans are paused by user. Checking again in 1 minute...
⏸️  Scans are paused by user. Checking again in 1 minute...
⏸️  Scans are paused by user. Checking again in 1 minute...
⏸️  Scans are paused by user. Checking again in 1 minute...
⏸️  Scans are paused by user. Checking again in 1 minute...
⏸️  Scans are paused by user. Checking again in 1 minute...
⏸️  Scans are paused by user. Checking again in 1 minute...
⏸️  Scans are paused by user. Checking again in 1 minute...
⏸️  Scans are paused by user. Checking again in 1 minute...
⏸️  Scans are paused by user. Checking again in 1 minute...
⏸️  Scans are paused by user. Checking again in 1 minute...
⏸️  Scans are paused by user. Checking again in 1 minute...
⏸️  Scans are paused by user. Checking again in 1 minute...
⏸️  Scans are paused by user. Checking again in 1 minute...
⏸️  Scans are paused by user. Checking again in 1 minute...
⏸️  Scans are paused by user. Checking again in 1 minute...
⏸️  Scans are paused by user. Checking again in 1 minute...
⏸️  Scans are paused by user. Checking again in 1 minute...
⏸️  Scans are paused by user. Checking again in 1 minute...
⏸️  Scans are paused by user. Checking again in 1 minute...
⏸️  Scans are paused by user. Checking again in 1 minute...
⏸️  Scans are paused by user. Checking again in 1 minute...
⏸️  Scans are paused by user. Checking again in 1 minute...
⏸️  Scans are paused by user. Checking again in 1 minute...
⏸️  Scans are paused by user. Checking again in 1 minute...
⏸️  Scans are paused by user. Checking again in 1 minute...
⏸️  Scans are paused by user. Checking again in 1 minute...
⏸️  Scans are paused by user. Checking again in 1 minute...
⏸️  Scans are paused by user. Checking again in 1 minute...
⏸️  Scans are paused by user. Checking again in 1 minute...
⏸️  Scans are paused by user. Checking again in 1 minute...
⏸️  Scans are paused by user. Checking again in 1 minute...
⏸️  Scans are paused by user. Checking again in 1 minute...
⏸️  Scans are paused by user. Checking again in 1 minute...
⏸️  Scans are paused by user. Checking again in 1 minute...
⏸️  Scans are paused by user. Checking again in 1 minute...
⏸️  Scans are paused by user. Checking again in 1 minute...
⏸️  Scans are paused by user. Checking again in 1 minute...
⏸️  Scans are paused by user. Checking again in 1 minute...
⏸️  Scans are paused by user. Checking again in 1 minute...
⏸️  Scans are paused by user. Checking again in 1 minute...
⏸️  Scans are paused by user. Checking again in 1 minute...
⏸️  Scans are paused by user. Checking again in 1 minute...
⏸️  Scans are paused by user. Checking again in 1 minute...
⏸️  Scans are paused by user. Checking again in 1 minute...
⏸️  Scans are paused by user. Checking again in 1 minute...
⏸️  Scans are paused by user. Checking again in 1 minute...
⏸️  Scans are paused by user. Checking again in 1 minute...
⏸️  Scans are paused by user. Checking again in 1 minute...
⏸️  Scans are paused by user. Checking again in 1 minute...
⏸️  Scans are paused by user. Checking again in 1 minute...
⏸️  Scans are paused by user. Checking again in 1 minute...
⏸️  Scans are paused by user. Checking again in 1 minute...
⏸️  Scans are paused by user. Checking again in 1 minute...
⏸️  Scans are paused by user. Checking again in 1 minute...
⏸️  Scans are paused by user. Checking again in 1 minute...
⏸️  Scans are paused by user. Checking again in 1 minute...
⏸️  Scans are paused by user. Checking again in 1 minute...
⏸️  Scans are paused by user. Checking again in 1 minute...
⏸️  Scans are paused by user. Checking again in 1 minute...
⏸️  Scans are paused by user. Checking again in 1 minute...
⏸️  Scans are paused by user. Checking again in 1 minute...
⏸️  Scans are paused by user. Checking again in 1 minute...
⏸️  Scans are paused by user. Checking again in 1 minute...
⏸️  Scans are paused by user. Checking again in 1 minute...
⏸️  Scans are paused by user. Checking again in 1 minute...
⏸️  Scans are paused by user. Checking again in 1 minute...
⏸️  Scans are paused by user. Checking again in 1 minute...
⏸️  Scans are paused by user. Checking again in 1 minute...
⏸️  Scans are paused by user. Checking again in 1 minute...
⏸️  Scans are paused by user. Checking again in 1 minute...
⏸️  Scans are paused by user. Checking again in 1 minute...
⏸️  Scans are paused by user. Checking again in 1 minute...
⏸️  Scans are paused by user. Checking again in 1 minute...
⏸️  Scans are paused by user. Checking again in 1 minute...
⏸️  Scans are paused by user. Checking again in 1 minute...
⏸️  Scans are paused by user. Checking again in 1 minute...
⏸️  Scans are paused by user. Checking again in 1 minute...
⏸️  Scans are paused by user. Checking again in 1 minute...
⏸️  Scans are paused by user. Checking again in 1 minute...
⏸️  Scans are paused by user. Checking again in 1 minute...
⏸️  Scans are paused by user. Checking again in 1 minute...
⏸️  Scans are paused by user. Checking again in 1 minute...
⏸️  Scans are paused by user. Checking again in 1 minute...
⏸️  Scans are paused by user. Checking again in 1 minute...
⏸️  Scans are paused by user. Checking again in 1 minute...
⏸️  Scans are paused by user. Checking again in 1 minute...
⏸️  Scans are paused by user. Checking again in 1 minute...
⏸️  Scans are paused by user. Checking again in 1 minute...
⏸️  Scans are paused by user. Checking again in 1 minute...
⏸️  Scans are paused by user. Checking again in 1 minute...
⏸️  Scans are paused by user. Checking again in 1 minute...
⏸️  Scans are paused by user. Checking again in 1 minute...
⏸️  Scans are paused by user. Checking again in 1 minute...
⏸️  Scans are paused by user. Checking again in 1 minute...
⏸️  Scans are paused by user. Checking again in 1 minute...
⏸️  Scans are paused by user. Checking again in 1 minute...
⏸️  Scans are paused by user. Checking again in 1 minute...
⏸️  Scans are paused by user. Checking again in 1 minute...
⏸️  Scans are paused by user. Checking again in 1 minute...
⏸️  Scans are paused by user. Checking again in 1 minute...
⏸️  Scans are paused by user. Checking again in 1 minute...
⏸️  Scans are paused by user. Checking again in 1 minute...
⏸️  Scans are paused by user. Checking again in 1 minute...
⏸️  Scans are paused by user. Checking again in 1 minute...
⏸️  Scans are paused by user. Checking again in 1 minute...
⏸️  Scans are paused by user. Checking again in 1 minute...
⏸️  Scans are paused by user. Checking again in 1 minute...
⏸️  Scans are paused by user. Checking again in 1 minute...
⏸️  Scans are paused by user. Checking again in 1 minute...
⏸️  Scans are paused by user. Checking again in 1 minute...
⏸️  Scans are paused by user. Checking again in 1 minute...
⏸️  Scans are paused by user. Checking again in 1 minute...
⏸️  Scans are paused by user. Checking again in 1 minute...
⏸️  Scans are paused by user. Checking again in 1 minute...
⏸️  Scans are paused by user. Checking again in 1 minute...
⏸️  Scans are paused by user. Checking again in 1 minute...
⏸️  Scans are paused by user. Checking again in 1 minute...
⏸️  Scans are paused by user. Checking again in 1 minute...
⏸️  Scans are paused by user. Checking again in 1 minute...
⏸️  Scans are paused by user. Checking again in 1 minute...
⏸️  Scans are paused by user. Checking again in 1 minute...
⏸️  Scans are paused by user. Checking again in 1 minute...
⏸️  Scans are paused by user. Checking again in 1 minute...
⏸️  Scans are paused by user. Checking again in 1 minute...
⏸️  Scans are paused by user. Checking again in 1 minute...
⏸️  Scans are paused by user. Checking again in 1 minute...
⏸️  Scans are paused by user. Checking again in 1 minute...
⏸️  Scans are paused by user. Checking again in 1 minute...
⏸️  Scans are paused by user. Checking again in 1 minute...
⏸️  Scans are paused by user. Checking again in 1 minute...
⏸️  Scans are paused by user. Checking again in 1 minute...
⏸️  Scans are paused by user. Checking again in 1 minute...
⏸️  Scans are paused by user. Checking again in 1 minute...
⏸️  Scans are paused by user. Checking again in 1 minute...
⏸️  Scans are paused by user. Checking again in 1 minute...
⏸️  Scans are paused by user. Checking again in 1 minute...
⏸️  Scans are paused by user. Checking again in 1 minute...
⏸️  Scans are paused by user. Checking again in 1 minute...
⏸️  Scans are paused by user. Checking again in 1 minute...
⏸️  Scans are paused by user. Checking again in 1 minute...
⏸️  Scans are paused by user. Checking again in 1 minute...
⏸️  Scans are paused by user. Checking again in 1 minute...
⏸️  Scans are paused by user. Checking again in 1 minute...
⏸️  Scans are paused by user. Checking again in 1 minute...
⏸️  Scans are paused by user. Checking again in 1 minute...
⏸️  Scans are paused by user. Checking again in 1 minute...
⏸️  Scans are paused by user. Checking again in 1 minute...
⏸️  Scans are paused by user. Checking again in 1 minute...
⏸️  Scans are paused by user. Checking again in 1 minute...
⏸️  Scans are paused by user. Checking again in 1 minute...
⏸️  Scans are paused by user. Checking again in 1 minute...
⏸️  Scans are paused by user. Checking again in 1 minute...
⏸️  Scans are paused by user. Checking again in 1 minute...
⏸️  Scans are paused by user. Checking again in 1 minute...
⏸️  Scans are paused by user. Checking again in 1 minute...
⏸️  Scans are paused by user. Checking again in 1 minute...
⏸️  Scans are paused by user. Checking again in 1 minute...
⏸️  Scans are paused by user. Checking again in 1 minute...
⏸️  Scans are paused by user. Checking again in 1 minute...
⏸️  Scans are paused by user. Checking again in 1 minute...
⏸️  Scans are paused by user. Checking again in 1 minute...
⏸️  Scans are paused by user. Checking again in 1 minute...
⏸️  Scans are paused by user. Checking again in 1 minute...
⏸️  Scans are paused by user. Checking again in 1 minute...
⏸️  Scans are paused by user. Checking again in 1 minute...
⏸️  Scans are paused by user. Checking again in 1 minute...
⏸️  Scans are paused by user. Checking again in 1 minute...
⏸️  Scans are paused by user. Checking again in 1 minute...
⏸️  Scans are paused by user. Checking again in 1 minute...
⏸️  Scans are paused by user. Checking again in 1 minute...
⏸️  Scans are paused by user. Checking again in 1 minute...
⏸️  Scans are paused by user. Checking again in 1 minute...
⏸️  Scans are paused by user. Checking again in 1 minute...
⏸️  Scans are paused by user. Checking again in 1 minute...
⏸️  Scans are paused by user. Checking again in 1 minute...
⏸️  Scans are paused by user. Checking again in 1 minute...
⏸️  Scans are paused by user. Checking again in 1 minute...
⏸️  Scans are paused by user. Checking again in 1 minute...
⏸️  Scans are paused by user. Checking again in 1 minute...
⏸️  Scans are paused by user. Checking again in 1 minute...
⏸️  Scans are paused by user. Checking again in 1 minute...
⏸️  Scans are paused by user. Checking again in 1 minute...
⏸️  Scans are paused by user. Checking again in 1 minute...
⏸️  Scans are paused by user. Checking again in 1 minute...
⏸️  Scans are paused by user. Checking again in 1 minute...
⏸️  Scans are paused by user. Checking again in 1 minute...
⏸️  Scans are paused by user. Checking again in 1 minute...
⏸️  Scans are paused by user. Checking again in 1 minute...
⏸️  Scans are paused by user. Checking again in 1 minute...
⏸️  Scans are paused by user. Checking again in 1 minute...
⏸️  Scans are paused by user. Checking again in 1 minute...
⏸️  Scans are paused by user. Checking again in 1 minute...
⏸️  Scans are paused by user. Checking again in 1 minute...
⏸️  Scans are paused by user. Checking again in 1 minute...
⏸️  Scans are paused by user. Checking again in 1 minute...
⏸️  Scans are paused by user. Checking again in 1 minute...
⏸️  Scans are paused by user. Checking again in 1 minute...
⏸️  Scans are paused by user. Checking again in 1 minute...
⏸️  Scans are paused by user. Checking again in 1 minute...
⏸️  Scans are paused by user. Checking again in 1 minute...
⏸️  Scans are paused by user. Checking again in 1 minute...
⏸️  Scans are paused by user. Checking again in 1 minute...
⏸️  Scans are paused by user. Checking again in 1 minute...
⏸️  Scans are paused by user. Checking again in 1 minute...
⏸️  Scans are paused by user. Checking again in 1 minute...
⏸️  Scans are paused by user. Checking again in 1 minute...
⏸️  Scans are paused by user. Checking again in 1 minute...
⏸️  Scans are paused by user. Checking again in 1 minute...
⏸️  Scans are paused by user. Checking again in 1 minute...
⏸️  Scans are paused by user. Checking again in 1 minute...
⏸️  Scans are paused by user. Checking again in 1 minute...
⏸️  Scans are paused by user. Checking again in 1 minute...
⏸️  Scans are paused by user. Checking again in 1 minute...
⏸️  Scans are paused by user. Checking again in 1 minute...
⏸️  Scans are paused by user. Checking again in 1 minute...
⏸️  Scans are paused by user. Checking again in 1 minute...
⏸️  Scans are paused by user. Checking again in 1 minute...
⏸️  Scans are paused by user. Checking again in 1 minute...
⏸️  Scans are paused by user. Checking again in 1 minute...
⏸️  Scans are paused by user. Checking again in 1 minute...
⏸️  Scans are paused by user. Checking again in 1 minute...
⏸️  Scans are paused by user. Checking again in 1 minute...
⏸️  Scans are paused by user. Checking again in 1 minute...
⏸️  Scans are paused by user. Checking again in 1 minute...
⏸️  Scans are paused by user. Checking again in 1 minute...
⏸️  Scans are paused by user. Checking again in 1 minute...
⏸️  Scans are paused by user. Checking again in 1 minute...
⏸️  Scans are paused by user. Checking again in 1 minute...
⏸️  Scans are paused by user. Checking again in 1 minute...
⏸️  Scans are paused by user. Checking again in 1 minute...
⏸️  Scans are paused by user. Checking again in 1 minute...
⏸️  Scans are paused by user. Checking again in 1 minute...
⏸️  Scans are paused by user. Checking again in 1 minute...
⏸️  Scans are paused by user. Checking again in 1 minute...
⏸️  Scans are paused by user. Checking again in 1 minute...
⏸️  Scans are paused by user. Checking again in 1 minute...
⏸️  Scans are paused by user. Checking again in 1 minute...
⏸️  Scans are paused by user. Checking again in 1 minute...
⏸️  Scans are paused by user. Checking again in 1 minute...
⏸️  Scans are paused by user. Checking again in 1 minute...
⏸️  Scans are paused by user. Checking again in 1 minute...
⏸️  Scans are paused by user. Checking again in 1 minute...
⏸️  Scans are paused by user. Checking again in 1 minute...
⏸️  Scans are paused by user. Checking again in 1 minute...
⏸️  Scans are paused by user. Checking again in 1 minute...
⏸️  Scans are paused by user. Checking again in 1 minute...
⏸️  Scans are paused by user. Checking again in 1 minute...
⏸️  Scans are paused by user. Checking again in 1 minute...
⏸️  Scans are paused by user. Checking again in 1 minute...
⏸️  Scans are paused by user. Checking again in 1 minute...
⏸️  Scans are paused by user. Checking again in 1 minute...
⏸️  Scans are paused by user. Checking again in 1 minute...
⏸️  Scans are paused by user. Checking again in 1 minute...
⏸️  Scans are paused by user. Checking again in 1 minute...
⏸️  Scans are paused by user. Checking again in 1 minute...
⏸️  Scans are paused by user. Checking again in 1 minute...
⏸️  Scans are paused by user. Checking again in 1 minute...
⏸️  Scans are paused by user. Checking again in 1 minute...
⏸️  Scans are paused by user. Checking again in 1 minute...
⏸️  Scans are paused by user. Checking again in 1 minute...
⏸️  Scans are paused by user. Checking again in 1 minute...
⏸️  Scans are paused by user. Checking again in 1 minute...
⏸️  Scans are paused by user. Checking again in 1 minute...
⏸️  Scans are paused by user. Checking again in 1 minute...
⏸️  Scans are paused by user. Checking again in 1 minute...
⏸️  Scans are paused by user. Checking again in 1 minute...
⏸️  Scans are paused by user. Checking again in 1 minute...
⏸️  Scans are paused by user. Checking again in 1 minute...
⏸️  Scans are paused by user. Checking again in 1 minute...
⏸️  Scans are paused by user. Checking again in 1 minute...
⏸️  Scans are paused by user. Checking again in 1 minute...
⏸️  Scans are paused by user. Checking again in 1 minute...
⏸️  Scans are paused by user. Checking again in 1 minute...
⏸️  Scans are paused by user. Checking again in 1 minute...
⏸️  Scans are paused by user. Checking again in 1 minute...
⏸️  Scans are paused by user. Checking again in 1 minute...
⏸️  Scans are paused by user. Checking again in 1 minute...
⏸️  Scans are paused by user. Checking again in 1 minute...
⏸️  Scans are paused by user. Checking again in 1 minute...
⏸️  Scans are paused by user. Checking again in 1 minute...
⏸️  Scans are paused by user. Checking again in 1 minute...
⏸️  Scans are paused by user. Checking again in 1 minute...
⏸️  Scans are paused by user. Checking again in 1 minute...
⏸️  Scans are paused by user. Checking again in 1 minute...
⏸️  Scans are paused by user. Checking again in 1 minute...
⏸️  Scans are paused by user. Checking again in 1 minute...
⏸️  Scans are paused by user. Checking again in 1 minute...
⏸️  Scans are paused by user. Checking again in 1 minute...
⏸️  Scans are paused by user. Checking again in 1 minute...
⏸️  Scans are paused by user. Checking again in 1 minute...
⏸️  Scans are paused by user. Checking again in 1 minute...
⏸️  Scans are paused by user. Checking again in 1 minute...
⏸️  Scans are paused by user. Checking again in 1 minute...
⏸️  Scans are paused by user. Checking again in 1 minute...
⏸️  Scans are paused by user. Checking again in 1 minute...
⏸️  Scans are paused by user. Checking again in 1 minute...
⏸️  Scans are paused by user. Checking again in 1 minute...
⏸️  Scans are paused by user. Checking again in 1 minute...
⏸️  Scans are paused by user. Checking again in 1 minute...
⏸️  Scans are paused by user. Checking again in 1 minute...
⏸️  Scans are paused by user. Checking again in 1 minute...
⏸️  Scans are paused by user. Checking again in 1 minute...
⏸️  Scans are paused by user. Checking again in 1 minute...
⏸️  Scans are paused by user. Checking again in 1 minute...
⏸️  Scans are paused by user. Checking again in 1 minute...
⏸️  Scans are paused by user. Checking again in 1 minute...
⏸️  Scans are paused by user. Checking again in 1 minute...
⏸️  Scans are paused by user. Checking again in 1 minute...
⏸️  Scans are paused by user. Checking again in 1 minute...
⏸️  Scans are paused by user. Checking again in 1 minute...
⏸️  Scans are paused by user. Checking again in 1 minute...
⏸️  Scans are paused by user. Checking again in 1 minute...
⏸️  Scans are paused by user. Checking again in 1 minute...
⏸️  Scans are paused by user. Checking again in 1 minute...
⏸️  Scans are paused by user. Checking again in 1 minute...
⏸️  Scans are paused by user. Checking again in 1 minute...
⏸️  Scans are paused by user. Checking again in 1 minute...
⏸️  Scans are paused by user. Checking again in 1 minute...
⏸️  Scans are paused by user. Checking again in 1 minute...
⏸️  Scans are paused by user. Checking again in 1 minute...
⏸️  Scans are paused by user. Checking again in 1 minute...
⏸️  Scans are paused by user. Checking again in 1 minute...
⏸️  Scans are paused by user. Checking again in 1 minute...
⏸️  Scans are paused by user. Checking again in 1 minute...
⏸️  Scans are paused by user. Checking again in 1 minute...
⏸️  Scans are paused by user. Checking again in 1 minute...
⏸️  Scans are paused by user. Checking again in 1 minute...
⏸️  Scans are paused by user. Checking again in 1 minute...
⏸️  Scans are paused by user. Checking again in 1 minute...
⏸️  Scans are paused by user. Checking again in 1 minute...
⏸️  Scans are paused by user. Checking again in 1 minute...
⏸️  Scans are paused by user. Checking again in 1 minute...
⏸️  Scans are paused by user. Checking again in 1 minute...
⏸️  Scans are paused by user. Checking again in 1 minute...
⏸️  Scans are paused by user. Checking again in 1 minute...
⏸️  Scans are paused by user. Checking again in 1 minute...
⏸️  Scans are paused by user. Checking again in 1 minute...
⏸️  Scans are paused by user. Checking again in 1 minute...
⏸️  Scans are paused by user. Checking again in 1 minute...
⏸️  Scans are paused by user. Checking again in 1 minute...
⏸️  Scans are paused by user. Checking again in 1 minute...
⏸️  Scans are paused by user. Checking again in 1 minute...
⏸️  Scans are paused by user. Checking again in 1 minute...
⏸️  Scans are paused by user. Checking again in 1 minute...
⏸️  Scans are paused by user. Checking again in 1 minute...
⏸️  Scans are paused by user. Checking again in 1 minute...
⏸️  Scans are paused by user. Checking again in 1 minute...
⏸️  Scans are paused by user. Checking again in 1 minute...
⏸️  Scans are paused by user. Checking again in 1 minute...
⏸️  Scans are paused by user. Checking again in 1 minute...
⏸️  Scans are paused by user. Checking again in 1 minute...
⏸️  Scans are paused by user. Checking again in 1 minute...
⏸️  Scans are paused by user. Checking again in 1 minute...
⏸️  Scans are paused by user. Checking again in 1 minute...
⏸️  Scans are paused by user. Checking again in 1 minute...
⏸️  Scans are paused by user. Checking again in 1 minute...
⏸️  Scans are paused by user. Checking again in 1 minute...
⏸️  Scans are paused by user. Checking again in 1 minute...
⏸️  Scans are paused by user. Checking again in 1 minute...
⏸️  Scans are paused by user. Checking again in 1 minute...
⏸️  Scans are paused by user. Checking again in 1 minute...
⏸️  Scans are paused by user. Checking again in 1 minute...
⏸️  Scans are paused by user. Checking again in 1 minute...
⏸️  Scans are paused by user. Checking again in 1 minute...
⏸️  Scans are paused by user. Checking again in 1 minute...
⏸️  Scans are paused by user. Checking again in 1 minute...
⏸️  Scans are paused by user. Checking again in 1 minute...
⏸️  Scans are paused by user. Checking again in 1 minute...
⏸️  Scans are paused by user. Checking again in 1 minute...
⏸️  Scans are paused by user. Checking again in 1 minute...
⏸️  Scans are paused by user. Checking again in 1 minute...
⏸️  Scans are paused by user. Checking again in 1 minute...
⏸️  Scans are paused by user. Checking again in 1 minute...
⏸️  Scans are paused by user. Checking again in 1 minute...
⏸️  Scans are paused by user. Checking again in 1 minute...
⏸️  Scans are paused by user. Checking again in 1 minute...
⏸️  Scans are paused by user. Checking again in 1 minute...
⏸️  Scans are paused by user. Checking again in 1 minute...
⏸️  Scans are paused by user. Checking again in 1 minute...
⏸️  Scans are paused by user. Checking again in 1 minute...
⏸️  Scans are paused by user. Checking again in 1 minute...
⏸️  Scans are paused by user. Checking again in 1 minute...
⏸️  Scans are paused by user. Checking again in 1 minute...
⏸️  Scans are paused by user. Checking again in 1 minute...
⏸️  Scans are paused by user. Checking again in 1 minute...
⏸️  Scans are paused by user. Checking again in 1 minute...
⏸️  Scans are paused by user. Checking again in 1 minute...
⏸️  Scans are paused by user. Checking again in 1 minute...
⏸️  Scans are paused by user. Checking again in 1 minute...
⏸️  Scans are paused by user. Checking again in 1 minute...
⏸️  Scans are paused by user. Checking again in 1 minute...
⏸️  Scans are paused by user. Checking again in 1 minute...
⏸️  Scans are paused by user. Checking again in 1 minute...
⏸️  Scans are paused by user. Checking again in 1 minute...
⏸️  Scans are paused by user. Checking again in 1 minute...
⏸️  Scans are paused by user. Checking again in 1 minute...
⏸️  Scans are paused by user. Checking again in 1 minute...
⏸️  Scans are paused by user. Checking again in 1 minute...
⏸️  Scans are paused by user. Checking again in 1 minute...
⏸️  Scans are paused by user. Checking again in 1 minute...
⏸️  Scans are paused by user. Checking again in 1 minute...
⏸️  Scans are paused by user. Checking again in 1 minute...
⏸️  Scans are paused by user. Checking again in 1 minute...
⏸️  Scans are paused by user. Checking again in 1 minute...
⏸️  Scans are paused by user. Checking again in 1 minute...
⏸️  Scans are paused by user. Checking again in 1 minute...
⏸️  Scans are paused by user. Checking again in 1 minute...
⏸️  Scans are paused by user. Checking again in 1 minute...
⏸️  Scans are paused by user. Checking again in 1 minute...
⏸️  Scans are paused by user. Checking again in 1 minute...
⏸️  Scans are paused by user. Checking again in 1 minute...
⏸️  Scans are paused by user. Checking again in 1 minute...
⏸️  Scans are paused by user. Checking again in 1 minute...
⏸️  Scans are paused by user. Checking again in 1 minute...
⏸️  Scans are paused by user. Checking again in 1 minute...
⏸️  Scans are paused by user. Checking again in 1 minute...
⏸️  Scans are paused by user. Checking again in 1 minute...
⏸️  Scans are paused by user. Checking again in 1 minute...
⏸️  Scans are paused by user. Checking again in 1 minute...
⏸️  Scans are paused by user. Checking again in 1 minute...
⏸️  Scans are paused by user. Checking again in 1 minute...
⏸️  Scans are paused by user. Checking again in 1 minute...
⏸️  Scans are paused by user. Checking again in 1 minute...
⏸️  Scans are paused by user. Checking again in 1 minute...
⏸️  Scans are paused by user. Checking again in 1 minute...
⏸️  Scans are paused by user. Checking again in 1 minute...
⏸️  Scans are paused by user. Checking again in 1 minute...
⏸️  Scans are paused by user. Checking again in 1 minute...
⏸️  Scans are paused by user. Checking again in 1 minute...
⏸️  Scans are paused by user. Checking again in 1 minute...
⏸️  Scans are paused by user. Checking again in 1 minute...
⏸️  Scans are paused by user. Checking again in 1 minute...
⏸️  Scans are paused by user. Checking again in 1 minute...
⏸️  Scans are paused by user. Checking again in 1 minute...
⏸️  Scans are paused by user. Checking again in 1 minute...
⏸️  Scans are paused by user. Checking again in 1 minute...
⏸️  Scans are paused by user. Checking again in 1 minute...
⏸️  Scans are paused by user. Checking again in 1 minute...
⏸️  Scans are paused by user. Checking again in 1 minute...
⏸️  Scans are paused by user. Checking again in 1 minute...
⏸️  Scans are paused by user. Checking again in 1 minute...
⏸️  Scans are paused by user. Checking again in 1 minute...
⏸️  Scans are paused by user. Checking again in 1 minute...
⏸️  Scans are paused by user. Checking again in 1 minute...
⏸️  Scans are paused by user. Checking again in 1 minute...
⏸️  Scans are paused by user. Checking again in 1 minute...
⏸️  Scans are paused by user. Checking again in 1 minute...
⏸️  Scans are paused by user. Checking again in 1 minute...
⏸️  Scans are paused by user. Checking again in 1 minute...
⏸️  Scans are paused by user. Checking again in 1 minute...
⏸️  Scans are paused by user. Checking again in 1 minute...
⏸️  Scans are paused by user. Checking again in 1 minute...
⏸️  Scans are paused by user. Checking again in 1 minute...
⏸️  Scans are paused by user. Checking again in 1 minute...
⏸️  Scans are paused by user. Checking again in 1 minute...
⏸️  Scans are paused by user. Checking again in 1 minute...
⏸️  Scans are paused by user. Checking again in 1 minute...
⏸️  Scans are paused by user. Checking again in 1 minute...
⏸️  Scans are paused by user. Checking again in 1 minute...
⏸️  Scans are paused by user. Checking again in 1 minute...
⏸️  Scans are paused by user. Checking again in 1 minute...
⏸️  Scans are paused by user. Checking again in 1 minute...
⏸️  Scans are paused by user. Checking again in 1 minute...
⏸️  Scans are paused by user. Checking again in 1 minute...
⏸️  Scans are paused by user. Checking again in 1 minute...
⏸️  Scans are paused by user. Checking again in 1 minute...
⏸️  Scans are paused by user. Checking again in 1 minute...
⏸️  Scans are paused by user. Checking again in 1 minute...
⏸️  Scans are paused by user. Checking again in 1 minute...
⏸️  Scans are paused by user. Checking again in 1 minute...
⏸️  Scans are paused by user. Checking again in 1 minute...
⏸️  Scans are paused by user. Checking again in 1 minute...
⏸️  Scans are paused by user. Checking again in 1 minute...
⏸️  Scans are paused by user. Checking again in 1 minute...
⏸️  Scans are paused by user. Checking again in 1 minute...
⏸️  Scans are paused by user. Checking again in 1 minute...
⏸️  Scans are paused by user. Checking again in 1 minute...
⏸️  Scans are paused by user. Checking again in 1 minute...
⏸️  Scans are paused by user. Checking again in 1 minute...
⏸️  Scans are paused by user. Checking again in 1 minute...
⏸️  Scans are paused by user. Checking again in 1 minute...
⏸️  Scans are paused by user. Checking again in 1 minute...
⏸️  Scans are paused by user. Checking again in 1 minute...
⏸️  Scans are paused by user. Checking again in 1 minute...
⏸️  Scans are paused by user. Checking again in 1 minute...
⏸️  Scans are paused by user. Checking again in 1 minute...
⏸️  Scans are paused by user. Checking again in 1 minute...
⏸️  Scans are paused by user. Checking again in 1 minute...
⏸️  Scans are paused by user. Checking again in 1 minute...
⏸️  Scans are paused by user. Checking again in 1 minute...
⏸️  Scans are paused by user. Checking again in 1 minute...
⏸️  Scans are paused by user. Checking again in 1 minute...
⏸️  Scans are paused by user. Checking again in 1 minute...
⏸️  Scans are paused by user. Checking again in 1 minute...
⏸️  Scans are paused by user. Checking again in 1 minute...
⏸️  Scans are paused by user. Checking again in 1 minute...
⏸️  Scans are paused by user. Checking again in 1 minute...
⏸️  Scans are paused by user. Checking again in 1 minute...
⏸️  Scans are paused by user. Checking again in 1 minute...
⏸️  Scans are paused by user. Checking again in 1 minute...
⏸️  Scans are paused by user. Checking again in 1 minute...
⏸️  Scans are paused by user. Checking again in 1 minute...
⏸️  Scans are paused by user. Checking again in 1 minute...
⏸️  Scans are paused by user. Checking again in 1 minute...
⏸️  Scans are paused by user. Checking again in 1 minute...
⏸️  Scans are paused by user. Checking again in 1 minute...
⏸️  Scans are paused by user. Checking again in 1 minute...
⏸️  Scans are paused by user. Checking again in 1 minute...
⏸️  Scans are paused by user. Checking again in 1 minute...
⏸️  Scans are paused by user. Checking again in 1 minute...
⏸️  Scans are paused by user. Checking again in 1 minute...
⏸️  Scans are paused by user. Checking again in 1 minute...
⏸️  Scans are paused by user. Checking again in 1 minute...
⏸️  Scans are paused by user. Checking again in 1 minute...
⏸️  Scans are paused by user. Checking again in 1 minute...
⏸️  Scans are paused by user. Checking again in 1 minute...
⏸️  Scans are paused by user. Checking again in 1 minute...
⏸️  Scans are paused by user. Checking again in 1 minute...
⏸️  Scans are paused by user. Checking again in 1 minute...
⏸️  Scans are paused by user. Checking again in 1 minute...
⏸️  Scans are paused by user. Checking again in 1 minute...
⏸️  Scans are paused by user. Checking again in 1 minute...
⏸️  Scans are paused by user. Checking again in 1 minute...
⏸️  Scans are paused by user. Checking again in 1 minute...
⏸️  Scans are paused by user. Checking again in 1 minute...
⏸️  Scans are paused by user. Checking again in 1 minute...
⏸️  Scans are paused by user. Checking again in 1 minute...
⏸️  Scans are paused by user. Checking again in 1 minute...
⏸️  Scans are paused by user. Checking again in 1 minute...
⏸️  Scans are paused by user. Checking again in 1 minute...
⏸️  Scans are paused by user. Checking again in 1 minute...
⏸️  Scans are paused by user. Checking again in 1 minute...
⏸️  Scans are paused by user. Checking again in 1 minute...
⏸️  Scans are paused by user. Checking again in 1 minute...
⏸️  Scans are paused by user. Checking again in 1 minute...
⏸️  Scans are paused by user. Checking again in 1 minute...
⏸️  Scans are paused by user. Checking again in 1 minute...
⏸️  Scans are paused by user. Checking again in 1 minute...
⏸️  Scans are paused by user. Checking again in 1 minute...
⏸️  Scans are paused by user. Checking again in 1 minute...
⏸️  Scans are paused by user. Checking again in 1 minute...
⏸️  Scans are paused by user. Checking again in 1 minute...
⏸️  Scans are paused by user. Checking again in 1 minute...
⏸️  Scans are paused by user. Checking again in 1 minute...
⏸️  Scans are paused by user. Checking again in 1 minute...
⏸️  Scans are paused by user. Checking again in 1 minute...
⏸️  Scans are paused by user. Checking again in 1 minute...
⏸️  Scans are paused by user. Checking again in 1 minute...
⏸️  Scans are paused by user. Checking again in 1 minute...
⏸️  Scans are paused by user. Checking again in 1 minute...
⏸️  Scans are paused by user. Checking again in 1 minute...
⏸️  Scans are paused by user. Checking again in 1 minute...
⏸️  Scans are paused by user. Checking again in 1 minute...
⏸️  Scans are paused by user. Checking again in 1 minute...
⏸️  Scans are paused by user. Checking again in 1 minute...
⏸️  Scans are paused by user. Checking again in 1 minute...
⏸️  Scans are paused by user. Checking again in 1 minute...
⏸️  Scans are paused by user. Checking again in 1 minute...
⏸️  Scans are paused by user. Checking again in 1 minute...
⏸️  Scans are paused by user. Checking again in 1 minute...
⏸️  Scans are paused by user. Checking again in 1 minute...
⏸️  Scans are paused by user. Checking again in 1 minute...
⏸️  Scans are paused by user. Checking again in 1 minute...
⏸️  Scans are paused by user. Checking again in 1 minute...
⏸️  Scans are paused by user. Checking again in 1 minute...
⏸️  Scans are paused by user. Checking again in 1 minute...
⏸️  Scans are paused by user. Checking again in 1 minute...
⏸️  Scans are paused by user. Checking again in 1 minute...
⏸️  Scans are paused by user. Checking again in 1 minute...
⏸️  Scans are paused by user. Checking again in 1 minute...
⏸️  Scans are paused by user. Checking again in 1 minute...
⏸️  Scans are paused by user. Checking again in 1 minute...
⏸️  Scans are paused by user. Checking again in 1 minute...
⏸️  Scans are paused by user. Checking again in 1 minute...
⏸️  Scans are paused by user. Checking again in 1 minute...
⏸️  Scans are paused by user. Checking again in 1 minute...
⏸️  Scans are paused by user. Checking again in 1 minute...
⏸️  Scans are paused by user. Checking again in 1 minute...
⏸️  Scans are paused by user. Checking again in 1 minute...
⏸️  Scans are paused by user. Checking again in 1 minute...
⏸️  Scans are paused by user. Checking again in 1 minute...
⏸️  Scans are paused by user. Checking again in 1 minute...
⏸️  Scans are paused by user. Checking again in 1 minute...
⏸️  Scans are paused by user. Checking again in 1 minute...
⏸️  Scans are paused by user. Checking again in 1 minute...
⏸️  Scans are paused by user. Checking again in 1 minute...
⏸️  Scans are paused by user. Checking again in 1 minute...
⏸️  Scans are paused by user. Checking again in 1 minute...
⏸️  Scans are paused by user. Checking again in 1 minute...
⏸️  Scans are paused by user. Checking again in 1 minute...
⏸️  Scans are paused by user. Checking again in 1 minute...
⏸️  Scans are paused by user. Checking again in 1 minute...
⏸️  Scans are paused by user. Checking again in 1 minute...
⏸️  Scans are paused by user. Checking again in 1 minute...
⏸️  Scans are paused by user. Checking again in 1 minute...
⏸️  Scans are paused by user. Checking again in 1 minute...
⏸️  Scans are paused by user. Checking again in 1 minute...
⏸️  Scans are paused by user. Checking again in 1 minute...
⏸️  Scans are paused by user. Checking again in 1 minute...
⏸️  Scans are paused by user. Checking again in 1 minute...
⏸️  Scans are paused by user. Checking again in 1 minute...
⏸️  Scans are paused by user. Checking again in 1 minute...
⏸️  Scans are paused by user. Checking again in 1 minute...
⏸️  Scans are paused by user. Checking again in 1 minute...
⏸️  Scans are paused by user. Checking again in 1 minute...
⏸️  Scans are paused by user. Checking again in 1 minute...
⏸️  Scans are paused by user. Checking again in 1 minute...
⏸️  Scans are paused by user. Checking again in 1 minute...
⏸️  Scans are paused by user. Checking again in 1 minute...
⏸️  Scans are paused by user. Checking again in 1 minute...
⏸️  Scans are paused by user. Checking again in 1 minute...
⏸️  Scans are paused by user. Checking again in 1 minute...
⏸️  Scans are paused by user. Checking again in 1 minute...
⏸️  Scans are paused by user. Checking again in 1 minute...
⏸️  Scans are paused by user. Checking again in 1 minute...
⏸️  Scans are paused by user. Checking again in 1 minute...
⏸️  Scans are paused by user. Checking again in 1 minute...
⏸️  Scans are paused by user. Checking again in 1 minute...
⏸️  Scans are paused by user. Checking again in 1 minute...
⏸️  Scans are paused by user. Checking again in 1 minute...
⏸️  Scans are paused by user. Checking again in 1 minute...
⏸️  Scans are paused by user. Checking again in 1 minute...
⏸️  Scans are paused by user. Checking again in 1 minute...
⏸️  Scans are paused by user. Checking again in 1 minute...
⏸️  Scans are paused by user. Checking again in 1 minute...
⏸️  Scans are paused by user. Checking again in 1 minute...
⏸️  Scans are paused by user. Checking again in 1 minute...
⏸️  Scans are paused by user. Checking again in 1 minute...
⏸️  Scans are paused by user. Checking again in 1 minute...
⏸️  Scans are paused by user. Checking again in 1 minute...
⏸️  Scans are paused by user. Checking again in 1 minute...
⏸️  Scans are paused by user. Checking again in 1 minute...
⏸️  Scans are paused by user. Checking again in 1 minute...
⏸️  Scans are paused by user. Checking again in 1 minute...
⏸️  Scans are paused by user. Checking again in 1 minute...
⏸️  Scans are paused by user. Checking again in 1 minute...
⏸️  Scans are paused by user. Checking again in 1 minute...
⏸️  Scans are paused by user. Checking again in 1 minute...
⏸️  Scans are paused by user. Checking again in 1 minute...
⏸️  Scans are paused by user. Checking again in 1 minute...
⏸️  Scans are paused by user. Checking again in 1 minute...
⏸️  Scans are paused by user. Checking again in 1 minute...
⏸️  Scans are paused by user. Checking again in 1 minute...
⏸️  Scans are paused by user. Checking again in 1 minute...
⏸️  Scans are paused by user. Checking again in 1 minute...
⏸️  Scans are paused by user. Checking again in 1 minute...
⏸️  Scans are paused by user. Checking again in 1 minute...
⏸️  Scans are paused by user. Checking again in 1 minute...
⏸️  Scans are paused by user. Checking again in 1 minute...
⏸️  Scans are paused by user. Checking again in 1 minute...
⏸️  Scans are paused by user. Checking again in 1 minute...
⏸️  Scans are paused by user. Checking again in 1 minute...
⏸️  Scans are paused by user. Checking again in 1 minute...
⏸️  Scans are paused by user. Checking again in 1 minute...
⏸️  Scans are paused by user. Checking again in 1 minute...
⏸️  Scans are paused by user. Checking again in 1 minute...
⏸️  Scans are paused by user. Checking again in 1 minute...
⏸️  Scans are paused by user. Checking again in 1 minute...
⏸️  Scans are paused by user. Checking again in 1 minute...
⏸️  Scans are paused by user. Checking again in 1 minute...
⏸️  Scans are paused by user. Checking again in 1 minute...
⏸️  Scans are paused by user. Checking again in 1 minute...
⏸️  Scans are paused by user. Checking again in 1 minute...
⏸️  Scans are paused by user. Checking again in 1 minute...
⏸️  Scans are paused by user. Checking again in 1 minute...
⏸️  Scans are paused by user. Checking again in 1 minute...
⏸️  Scans are paused by user. Checking again in 1 minute...
⏸️  Scans are paused by user. Checking again in 1 minute...
⏸️  Scans are paused by user. Checking again in 1 minute...
⏸️  Scans are paused by user. Checking again in 1 minute...
⏸️  Scans are paused by user. Checking again in 1 minute...
⏸️  Scans are paused by user. Checking again in 1 minute...
⏸️  Scans are paused by user. Checking again in 1 minute...
⏸️  Scans are paused by user. Checking again in 1 minute...
⏸️  Scans are paused by user. Checking again in 1 minute...
⏸️  Scans are paused by user. Checking again in 1 minute...
⏸️  Scans are paused by user. Checking again in 1 minute...
⏸️  Scans are paused by user. Checking again in 1 minute...
⏸️  Scans are paused by user. Checking again in 1 minute...
⏸️  Scans are paused by user. Checking again in 1 minute...
⏸️  Scans are paused by user. Checking again in 1 minute...
⏸️  Scans are paused by user. Checking again in 1 minute...
⏸️  Scans are paused by user. Checking again in 1 minute...
⏸️  Scans are paused by user. Checking again in 1 minute...
⏸️  Scans are paused by user. Checking again in 1 minute...
⏸️  Scans are paused by user. Checking again in 1 minute...
⏸️  Scans are paused by user. Checking again in 1 minute...
⏸️  Scans are paused by user. Checking again in 1 minute...
⏸️  Scans are paused by user. Checking again in 1 minute...
⏸️  Scans are paused by user. Checking again in 1 minute...
⏸️  Scans are paused by user. Checking again in 1 minute...
⏸️  Scans are paused by user. Checking again in 1 minute...
⏸️  Scans are paused by user. Checking again in 1 minute...
⏸️  Scans are paused by user. Checking again in 1 minute...
⏸️  Scans are paused by user. Checking again in 1 minute...
⏸️  Scans are paused by user. Checking again in 1 minute...
⏸️  Scans are paused by user. Checking again in 1 minute...
⏸️  Scans are paused by user. Checking again in 1 minute...
⏸️  Scans are paused by user. Checking again in 1 minute...
⏸️  Scans are paused by user. Checking again in 1 minute...
⏸️  Scans are paused by user. Checking again in 1 minute...
⏸️  Scans are paused by user. Checking again in 1 minute...
⏸️  Scans are paused by user. Checking again in 1 minute...
⏸️  Scans are paused by user. Checking again in 1 minute...
⏸️  Scans are paused by user. Checking again in 1 minute...
⏸️  Scans are paused by user. Checking again in 1 minute...
⏸️  Scans are paused by user. Checking again in 1 minute...
⏸️  Scans are paused by user. Checking again in 1 minute...
⏸️  Scans are paused by user. Checking again in 1 minute...
⏸️  Scans are paused by user. Checking again in 1 minute...
⏸️  Scans are paused by user. Checking again in 1 minute...
⏸️  Scans are paused by user. Checking again in 1 minute...
⏸️  Scans are paused by user. Checking again in 1 minute...
⏸️  Scans are paused by user. Checking again in 1 minute...
⏸️  Scans are paused by user. Checking again in 1 minute...
⏸️  Scans are paused by user. Checking again in 1 minute...
⏸️  Scans are paused by user. Checking again in 1 minute...
⏸️  Scans are paused by user. Checking again in 1 minute...
⏸️  Scans are paused by user. Checking again in 1 minute...
⏸️  Scans are paused by user. Checking again in 1 minute...
⏸️  Scans are paused by user. Checking again in 1 minute...
⏸️  Scans are paused by user. Checking again in 1 minute...
⏸️  Scans are paused by user. Checking again in 1 minute...
⏸️  Scans are paused by user. Checking again in 1 minute...
⏸️  Scans are paused by user. Checking again in 1 minute...
⏸️  Scans are paused by user. Checking again in 1 minute...
⏸️  Scans are paused by user. Checking again in 1 minute...
⏸️  Scans are paused by user. Checking again in 1 minute...
⏸️  Scans are paused by user. Checking again in 1 minute...
⏸️  Scans are paused by user. Checking again in 1 minute...
⏸️  Scans are paused by user. Checking again in 1 minute...
⏸️  Scans are paused by user. Checking again in 1 minute...
⏸️  Scans are paused by user. Checking again in 1 minute...
⏸️  Scans are paused by user. Checking again in 1 minute...
⏸️  Scans are paused by user. Checking again in 1 minute...
⏸️  Scans are paused by user. Checking again in 1 minute...
⏸️  Scans are paused by user. Checking again in 1 minute...
⏸️  Scans are paused by user. Checking again in 1 minute...
⏸️  Scans are paused by user. Checking again in 1 minute...
⏸️  Scans are paused by user. Checking again in 1 minute...
⏸️  Scans are paused by user. Checking again in 1 minute...
⏸️  Scans are paused by user. Checking again in 1 minute...
⏸️  Scans are paused by user. Checking again in 1 minute...
⏸️  Scans are paused by user. Checking again in 1 minute...
⏸️  Scans are paused by user. Checking again in 1 minute...
⏸️  Scans are paused by user. Checking again in 1 minute...
⏸️  Scans are paused by user. Checking again in 1 minute...
⏸️  Scans are paused by user. Checking again in 1 minute...
⏸️  Scans are paused by user. Checking again in 1 minute...
⏸️  Scans are paused by user. Checking again in 1 minute...
⏸️  Scans are paused by user. Checking again in 1 minute...
⏸️  Scans are paused by user. Checking again in 1 minute...
⏸️  Scans are paused by user. Checking again in 1 minute...
⏸️  Scans are paused by user. Checking again in 1 minute...
⏸️  Scans are paused by user. Checking again in 1 minute...
⏸️  Scans are paused by user. Checking again in 1 minute...
⏸️  Scans are paused by user. Checking again in 1 minute...
⏸️  Scans are paused by user. Checking again in 1 minute...
⏸️  Scans are paused by user. Checking again in 1 minute...
⏸️  Scans are paused by user. Checking again in 1 minute...
⏸️  Scans are paused by user. Checking again in 1 minute...
⏸️  Scans are paused by user. Checking again in 1 minute...
⏸️  Scans are paused by user. Checking again in 1 minute...
⏸️  Scans are paused by user. Checking again in 1 minute...
⏸️  Scans are paused by user. Checking again in 1 minute...
⏸️  Scans are paused by user. Checking again in 1 minute...
⏸️  Scans are paused by user. Checking again in 1 minute...
⏸️  Scans are paused by user. Checking again in 1 minute...
⏸️  Scans are paused by user. Checking again in 1 minute...
⏸️  Scans are paused by user. Checking again in 1 minute...
⏸️  Scans are paused by user. Checking again in 1 minute...
⏸️  Scans are paused by user. Checking again in 1 minute...
⏸️  Scans are paused by user. Checking again in 1 minute...
⏸️  Scans are paused by user. Checking again in 1 minute...
⏸️  Scans are paused by user. Checking again in 1 minute...
⏸️  Scans are paused by user. Checking again in 1 minute...
⏸️  Scans are paused by user. Checking again in 1 minute...
⏸️  Scans are paused by user. Checking again in 1 minute...
⏸️  Scans are paused by user. Checking again in 1 minute...
⏸️  Scans are paused by user. Checking again in 1 minute...
⏸️  Scans are paused by user. Checking again in 1 minute...
⏸️  Scans are paused by user. Checking again in 1 minute...
⏸️  Scans are paused by user. Checking again in 1 minute...
⏸️  Scans are paused by user. Checking again in 1 minute...
⏸️  Scans are paused by user. Checking again in 1 minute...
⏸️  Scans are paused by user. Checking again in 1 minute...
⏸️  Scans are paused by user. Checking again in 1 minute...
⏸️  Scans are paused by user. Checking again in 1 minute...
⏸️  Scans are paused by user. Checking again in 1 minute...
⏸️  Scans are paused by user. Checking again in 1 minute...
⏸️  Scans are paused by user. Checking again in 1 minute...
⏸️  Scans are paused by user. Checking again in 1 minute...
⏸️  Scans are paused by user. Checking again in 1 minute...
⏸️  Scans are paused by user. Checking again in 1 minute...
⏸️  Scans are paused by user. Checking again in 1 minute...
⏸️  Scans are paused by user. Checking again in 1 minute...
⏸️  Scans are paused by user. Checking again in 1 minute...
⏸️  Scans are paused by user. Checking again in 1 minute...
⏸️  Scans are paused by user. Checking again in 1 minute...
⏸️  Scans are paused by user. Checking again in 1 minute...
⏸️  Scans are paused by user. Checking again in 1 minute...
⏸️  Scans are paused by user. Checking again in 1 minute...
⏸️  Scans are paused by user. Checking again in 1 minute...
⏸️  Scans are paused by user. Checking again in 1 minute...
⏸️  Scans are paused by user. Checking again in 1 minute...
⏸️  Scans are paused by user. Checking again in 1 minute...
⏸️  Scans are paused by user. Checking again in 1 minute...
⏸️  Scans are paused by user. Checking again in 1 minute...
⏸️  Scans are paused by user. Checking again in 1 minute...
⏸️  Scans are paused by user. Checking again in 1 minute...
⏸️  Scans are paused by user. Checking again in 1 minute...
⏸️  Scans are paused by user. Checking again in 1 minute...
⏸️  Scans are paused by user. Checking again in 1 minute...
⏸️  Scans are paused by user. Checking again in 1 minute...
⏸️  Scans are paused by user. Checking again in 1 minute...
⏸️  Scans are paused by user. Checking again in 1 minute...
⏸️  Scans are paused by user. Checking again in 1 minute...
⏸️  Scans are paused by user. Checking again in 1 minute...
⏸️  Scans are paused by user. Checking again in 1 minute...
⏸️  Scans are paused by user. Checking again in 1 minute...
⏸️  Scans are paused by user. Checking again in 1 minute...
⏸️  Scans are paused by user. Checking again in 1 minute...
⏸️  Scans are paused by user. Checking again in 1 minute...
⏸️  Scans are paused by user. Checking again in 1 minute...
⏸️  Scans are paused by user. Checking again in 1 minute...
⏸️  Scans are paused by user. Checking again in 1 minute...
⏸️  Scans are paused by user. Checking again in 1 minute...
⏸️  Scans are paused by user. Checking again in 1 minute...
⏸️  Scans are paused by user. Checking again in 1 minute...
⏸️  Scans are paused by user. Checking again in 1 minute...
⏸️  Scans are paused by user. Checking again in 1 minute...
⏸️  Scans are paused by user. Checking again in 1 minute...
⏸️  Scans are paused by user. Checking again in 1 minute...
⏸️  Scans are paused by user. Checking again in 1 minute...
⏸️  Scans are paused by user. Checking again in 1 minute...
⏸️  Scans are paused by user. Checking again in 1 minute...
⏸️  Scans are paused by user. Checking again in 1 minute...
⏸️  Scans are paused by user. Checking again in 1 minute...
⏸️  Scans are paused by user. Checking again in 1 minute...
⏸️  Scans are paused by user. Checking again in 1 minute...
⏸️  Scans are paused by user. Checking again in 1 minute...
⏸️  Scans are paused by user. Checking again in 1 minute...
⏸️  Scans are paused by user. Checking again in 1 minute...
⏸️  Scans are paused by user. Checking again in 1 minute...
⏸️  Scans are paused by user. Checking again in 1 minute...
⏸️  Scans are paused by user. Checking again in 1 minute...
⏸️  Scans are paused by user. Checking again in 1 minute...
⏸️  Scans are paused by user. Checking again in 1 minute...
⏸️  Scans are paused by user. Checking again in 1 minute...
⏸️  Scans are paused by user. Checking again in 1 minute...
⏸️  Scans are paused by user. Checking again in 1 minute...
⏸️  Scans are paused by user. Checking again in 1 minute...
⏸️  Scans are paused by user. Checking again in 1 minute...
⏸️  Scans are paused by user. Checking again in 1 minute...
⏸️  Scans are paused by user. Checking again in 1 minute...
⏸️  Scans are paused by user. Checking again in 1 minute...
⏸️  Scans are paused by user. Checking again in 1 minute...
⏸️  Scans are paused by user. Checking again in 1 minute...
⏸️  Scans are paused by user. Checking again in 1 minute...
⏸️  Scans are paused by user. Checking again in 1 minute...
⏸️  Scans are paused by user. Checking again in 1 minute...
⏸️  Scans are paused by user. Checking again in 1 minute...
⏸️  Scans are paused by user. Checking again in 1 minute...
⏸️  Scans are paused by user. Checking again in 1 minute...
⏸️  Scans are paused by user. Checking again in 1 minute...
⏸️  Scans are paused by user. Checking again in 1 minute...
⏸️  Scans are paused by user. Checking again in 1 minute...
⏸️  Scans are paused by user. Checking again in 1 minute...
⏸️  Scans are paused by user. Checking again in 1 minute...
⏸️  Scans are paused by user. Checking again in 1 minute...
⏸️  Scans are paused by user. Checking again in 1 minute...
⏸️  Scans are paused by user. Checking again in 1 minute...
⏸️  Scans are paused by user. Checking again in 1 minute...
⏸️  Scans are paused by user. Checking again in 1 minute...
⏸️  Scans are paused by user. Checking again in 1 minute...
⏸️  Scans are paused by user. Checking again in 1 minute...
⏸️  Scans are paused by user. Checking again in 1 minute...
⏸️  Scans are paused by user. Checking again in 1 minute...
⏸️  Scans are paused by user. Checking again in 1 minute...
⏸️  Scans are paused by user. Checking again in 1 minute...
⏸️  Scans are paused by user. Checking again in 1 minute...
⏸️  Scans are paused by user. Checking again in 1 minute...
⏸️  Scans are paused by user. Checking again in 1 minute...
⏸️  Scans are paused by user. Checking again in 1 minute...
⏸️  Scans are paused by user. Checking again in 1 minute...
⏸️  Scans are paused by user. Checking again in 1 minute...
⏸️  Scans are paused by user. Checking again in 1 minute...
⏸️  Scans are paused by user. Checking again in 1 minute...
⏸️  Scans are paused by user. Checking again in 1 minute...
⏸️  Scans are paused by user. Checking again in 1 minute...
⏸️  Scans are paused by user. Checking again in 1 minute...
⏸️  Scans are paused by user. Checking again in 1 minute...
⏸️  Scans are paused by user. Checking again in 1 minute...
⏸️  Scans are paused by user. Checking again in 1 minute...
⏸️  Scans are paused by user. Checking again in 1 minute...
⏸️  Scans are paused by user. Checking again in 1 minute...
⏸️  Scans are paused by user. Checking again in 1 minute...
⏸️  Scans are paused by user. Checking again in 1 minute...
⏸️  Scans are paused by user. Checking again in 1 minute...
⏸️  Scans are paused by user. Checking again in 1 minute...
⏸️  Scans are paused by user. Checking again in 1 minute...
⏸️  Scans are paused by user. Checking again in 1 minute...
⏸️  Scans are paused by user. Checking again in 1 minute...
⏸️  Scans are paused by user. Checking again in 1 minute...
⏸️  Scans are paused by user. Checking again in 1 minute...
⏸️  Scans are paused by user. Checking again in 1 minute...
⏸️  Scans are paused by user. Checking again in 1 minute...
⏸️  Scans are paused by user. Checking again in 1 minute...
⏸️  Scans are paused by user. Checking again in 1 minute...
⏸️  Scans are paused by user. Checking again in 1 minute...
⏸️  Scans are paused by user. Checking again in 1 minute...
⏸️  Scans are paused by user. Checking again in 1 minute...
⏸️  Scans are paused by user. Checking again in 1 minute...
⏸️  Scans are paused by user. Checking again in 1 minute...
⏸️  Scans are paused by user. Checking again in 1 minute...
⏸️  Scans are paused by user. Checking again in 1 minute...
⏸️  Scans are paused by user. Checking again in 1 minute...
⏸️  Scans are paused by user. Checking again in 1 minute...
⏸️  Scans are paused by user. Checking again in 1 minute...
⏸️  Scans are paused by user. Checking again in 1 minute...
⏸️  Scans are paused by user. Checking again in 1 minute...
⏸️  Scans are paused by user. Checking again in 1 minute...
⏸️  Scans are paused by user. Checking again in 1 minute...
⏸️  Scans are paused by user. Checking again in 1 minute...
⏸️  Scans are paused by user. Checking again in 1 minute...
⏸️  Scans are paused by user. Checking again in 1 minute...
⏸️  Scans are paused by user. Checking again in 1 minute...
⏸️  Scans are paused by user. Checking again in 1 minute...
⏸️  Scans are paused by user. Checking again in 1 minute...
⏸️  Scans are paused by user. Checking again in 1 minute...
⏸️  Scans are paused by user. Checking again in 1 minute...
⏸️  Scans are paused by user. Checking again in 1 minute...
⏸️  Scans are paused by user. Checking again in 1 minute...
⏸️  Scans are paused by user. Checking again in 1 minute...
⏸️  Scans are paused by user. Checking again in 1 minute...
⏸️  Scans are paused by user. Checking again in 1 minute...
⏸️  Scans are paused by user. Checking again in 1 minute...
⏸️  Scans are paused by user. Checking again in 1 minute...
⏸️  Scans are paused by user. Checking again in 1 minute...
⏸️  Scans are paused by user. Checking again in 1 minute...
⏸️  Scans are paused by user. Checking again in 1 minute...
⏸️  Scans are paused by user. Checking again in 1 minute...
⏸️  Scans are paused by user. Checking again in 1 minute...
⏸️  Scans are paused by user. Checking again in 1 minute...
⏸️  Scans are paused by user. Checking again in 1 minute...
⏸️  Scans are paused by user. Checking again in 1 minute...
⏸️  Scans are paused by user. Checking again in 1 minute...
⏸️  Scans are paused by user. Checking again in 1 minute...
⏸️  Scans are paused by user. Checking again in 1 minute...
⏸️  Scans are paused by user. Checking again in 1 minute...
⏸️  Scans are paused by user. Checking again in 1 minute...
⏸️  Scans are paused by user. Checking again in 1 minute...
⏸️  Scans are paused by user. Checking again in 1 minute...
⏸️  Scans are paused by user. Checking again in 1 minute...
⏸️  Scans are paused by user. Checking again in 1 minute...
⏸️  Scans are paused by user. Checking again in 1 minute...
⏸️  Scans are paused by user. Checking again in 1 minute...
⏸️  Scans are paused by user. Checking again in 1 minute...
⏸️  Scans are paused by user. Checking again in 1 minute...
⏸️  Scans are paused by user. Checking again in 1 minute...
⏸️  Scans are paused by user. Checking again in 1 minute...
⏸️  Scans are paused by user. Checking again in 1 minute...
⏸️  Scans are paused by user. Checking again in 1 minute...
⏸️  Scans are paused by user. Checking again in 1 minute...
⏸️  Scans are paused by user. Checking again in 1 minute...
⏸️  Scans are paused by user. Checking again in 1 minute...
⏸️  Scans are paused by user. Checking again in 1 minute...
⏸️  Scans are paused by user. Checking again in 1 minute...
⏸️  Scans are paused by user. Checking again in 1 minute...
⏸️  Scans are paused by user. Checking again in 1 minute...
⏸️  Scans are paused by user. Checking again in 1 minute...
⏸️  Scans are paused by user. Checking again in 1 minute...
⏸️  Scans are paused by user. Checking again in 1 minute...
⏸️  Scans are paused by user. Checking again in 1 minute...
⏸️  Scans are paused by user. Checking again in 1 minute...
⏸️  Scans are paused by user. Checking again in 1 minute...
⏸️  Scans are paused by user. Checking again in 1 minute...
⏸️  Scans are paused by user. Checking again in 1 minute...
⏸️  Scans are paused by user. Checking again in 1 minute...
⏸️  Scans are paused by user. Checking again in 1 minute...
⏸️  Scans are paused by user. Checking again in 1 minute...
⏸️  Scans are paused by user. Checking again in 1 minute...
⏸️  Scans are paused by user. Checking again in 1 minute...
⏸️  Scans are paused by user. Checking again in 1 minute...
⏸️  Scans are paused by user. Checking again in 1 minute...
⏸️  Scans are paused by user. Checking again in 1 minute...
⏸️  Scans are paused by user. Checking again in 1 minute...
⏸️  Scans are paused by user. Checking again in 1 minute...
⏸️  Scans are paused by user. Checking again in 1 minute...
⏸️  Scans are paused by user. Checking again in 1 minute...
⏸️  Scans are paused by user. Checking again in 1 minute...
⏸️  Scans are paused by user. Checking again in 1 minute...
⏸️  Scans are paused by user. Checking again in 1 minute...
⏸️  Scans are paused by user. Checking again in 1 minute...
⏸️  Scans are paused by user. Checking again in 1 minute...
⏸️  Scans are paused by user. Checking again in 1 minute...
⏸️  Scans are paused by user. Checking again in 1 minute...
⏸️  Scans are paused by user. Checking again in 1 minute...
⏸️  Scans are paused by user. Checking again in 1 minute...
⏸️  Scans are paused by user. Checking again in 1 minute...
⏸️  Scans are paused by user. Checking again in 1 minute...
⏸️  Scans are paused by user. Checking again in 1 minute...
⏸️  Scans are paused by user. Checking again in 1 minute...
⏸️  Scans are paused by user. Checking again in 1 minute...
⏸️  Scans are paused by user. Checking again in 1 minute...
⏸️  Scans are paused by user. Checking again in 1 minute...
⏸️  Scans are paused by user. Checking again in 1 minute...
⏸️  Scans are paused by user. Checking again in 1 minute...
⏸️  Scans are paused by user. Checking again in 1 minute...
⏸️  Scans are paused by user. Checking again in 1 minute...
⏸️  Scans are paused by user. Checking again in 1 minute...
⏸️  Scans are paused by user. Checking again in 1 minute...
⏸️  Scans are paused by user. Checking again in 1 minute...
⏸️  Scans are paused by user. Checking again in 1 minute...
⏸️  Scans are paused by user. Checking again in 1 minute...
⏸️  Scans are paused by user. Checking again in 1 minute...
⏸️  Scans are paused by user. Checking again in 1 minute...
⏸️  Scans are paused by user. Checking again in 1 minute...
⏸️  Scans are paused by user. Checking again in 1 minute...
⏸️  Scans are paused by user. Checking again in 1 minute...
⏸️  Scans are paused by user. Checking again in 1 minute...
⏸️  Scans are paused by user. Checking again in 1 minute...
⏸️  Scans are paused by user. Checking again in 1 minute...
⏸️  Scans are paused by user. Checking again in 1 minute...
⏸️  Scans are paused by user. Checking again in 1 minute...
⏸️  Scans are paused by user. Checking again in 1 minute...
⏸️  Scans are paused by user. Checking again in 1 minute...
⏸️  Scans are paused by user. Checking again in 1 minute...
⏸️  Scans are paused by user. Checking again in 1 minute...
⏸️  Scans are paused by user. Checking again in 1 minute...
⏸️  Scans are paused by user. Checking again in 1 minute...
⏸️  Scans are paused by user. Checking again in 1 minute...
⏸️  Scans are paused by user. Checking again in 1 minute...
⏸️  Scans are paused by user. Checking again in 1 minute...
⏸️  Scans are paused by user. Checking again in 1 minute...
⏸️  Scans are paused by user. Checking again in 1 minute...
⏸️  Scans are paused by user. Checking again in 1 minute...
⏸️  Scans are paused by user. Checking again in 1 minute...
⏸️  Scans are paused by user. Checking again in 1 minute...
⏸️  Scans are paused by user. Checking again in 1 minute...
⏸️  Scans are paused by user. Checking again in 1 minute...
⏸️  Scans are paused by user. Checking again in 1 minute...
⏸️  Scans are paused by user. Checking again in 1 minute...
⏸️  Scans are paused by user. Checking again in 1 minute...
⏸️  Scans are paused by user. Checking again in 1 minute...
⏸️  Scans are paused by user. Checking again in 1 minute...
⏸️  Scans are paused by user. Checking again in 1 minute...
⏸️  Scans are paused by user. Checking again in 1 minute...
⏸️  Scans are paused by user. Checking again in 1 minute...
⏸️  Scans are paused by user. Checking again in 1 minute...
⏸️  Scans are paused by user. Checking again in 1 minute...
⏸️  Scans are paused by user. Checking again in 1 minute...
⏸️  Scans are paused by user. Checking again in 1 minute...
⏸️  Scans are paused by user. Checking again in 1 minute...
⏸️  Scans are paused by user. Checking again in 1 minute...
⏸️  Scans are paused by user. Checking again in 1 minute...
⏸️  Scans are paused by user. Checking again in 1 minute...
⏸️  Scans are paused by user. Checking again in 1 minute...
⏸️  Scans are paused by user. Checking again in 1 minute...
⏸️  Scans are paused by user. Checking again in 1 minute...
⏸️  Scans are paused by user. Checking again in 1 minute...
⏸️  Scans are paused by user. Checking again in 1 minute...
⏸️  Scans are paused by user. Checking again in 1 minute...
⏸️  Scans are paused by user. Checking again in 1 minute...
⏸️  Scans are paused by user. Checking again in 1 minute...
⏸️  Scans are paused by user. Checking again in 1 minute...
⏸️  Scans are paused by user. Checking again in 1 minute...
⏸️  Scans are paused by user. Checking again in 1 minute...
⏸️  Scans are paused by user. Checking again in 1 minute...
⏸️  Scans are paused by user. Checking again in 1 minute...
⏸️  Scans are paused by user. Checking again in 1 minute...
⏸️  Scans are paused by user. Checking again in 1 minute...
⏸️  Scans are paused by user. Checking again in 1 minute...
⏸️  Scans are paused by user. Checking again in 1 minute...
⏸️  Scans are paused by user. Checking again in 1 minute...
⏸️  Scans are paused by user. Checking again in 1 minute...
⏸️  Scans are paused by user. Checking again in 1 minute...
⏸️  Scans are paused by user. Checking again in 1 minute...
⏸️  Scans are paused by user. Checking again in 1 minute...
⏸️  Scans are paused by user. Checking again in 1 minute...
⏸️  Scans are paused by user. Checking again in 1 minute...
⏸️  Scans are paused by user. Checking again in 1 minute...
⏸️  Scans are paused by user. Checking again in 1 minute...
⏸️  Scans are paused by user. Checking again in 1 minute...
⏸️  Scans are paused by user. Checking again in 1 minute...
⏸️  Scans are paused by user. Checking again in 1 minute...
⏸️  Scans are paused by user. Checking again in 1 minute...
⏸️  Scans are paused by user. Checking again in 1 minute...
⏸️  Scans are paused by user. Checking again in 1 minute...
⏸️  Scans are paused by user. Checking again in 1 minute...
⏸️  Scans are paused by user. Checking again in 1 minute...
⏸️  Scans are paused by user. Checking again in 1 minute...
⏸️  Scans are paused by user. Checking again in 1 minute...
⏸️  Scans are paused by user. Checking again in 1 minute...
⏸️  Scans are paused by user. Checking again in 1 minute...
⏸️  Scans are paused by user. Checking again in 1 minute...
⏸️  Scans are paused by user. Checking again in 1 minute...
⏸️  Scans are paused by user. Checking again in 1 minute...
⏸️  Scans are paused by user. Checking again in 1 minute...
⏸️  Scans are paused by user. Checking again in 1 minute...
⏸️  Scans are paused by user. Checking again in 1 minute...
⏸️  Scans are paused by user. Checking again in 1 minute...
⏸️  Scans are paused by user. Checking again in 1 minute...
⏸️  Scans are paused by user. Checking again in 1 minute...
⏸️  Scans are paused by user. Checking again in 1 minute...
⏸️  Scans are paused by user. Checking again in 1 minute...
⏸️  Scans are paused by user. Checking again in 1 minute...
⏸️  Scans are paused by user. Checking again in 1 minute...
⏸️  Scans are paused by user. Checking again in 1 minute...
⏸️  Scans are paused by user. Checking again in 1 minute...
⏸️  Scans are paused by user. Checking again in 1 minute...
⏸️  Scans are paused by user. Checking again in 1 minute...
⏸️  Scans are paused by user. Checking again in 1 minute...
⏸️  Scans are paused by user. Checking again in 1 minute...
⏸️  Scans are paused by user. Checking again in 1 minute...
⏸️  Scans are paused by user. Checking again in 1 minute...
⏸️  Scans are paused by user. Checking again in 1 minute...
⏸️  Scans are paused by user. Checking again in 1 minute...
⏸️  Scans are paused by user. Checking again in 1 minute...
⏸️  Scans are paused by user. Checking again in 1 minute...
⏸️  Scans are paused by user. Checking again in 1 minute...
⏸️  Scans are paused by user. Checking again in 1 minute...
⏸️  Scans are paused by user. Checking again in 1 minute...
⏸️  Scans are paused by user. Checking again in 1 minute...
⏸️  Scans are paused by user. Checking again in 1 minute...
⏸️  Scans are paused by user. Checking again in 1 minute...
⏸️  Scans are paused by user. Checking again in 1 minute...
⏸️  Scans are paused by user. Checking again in 1 minute...
⏸️  Scans are paused by user. Checking again in 1 minute...
⏸️  Scans are paused by user. Checking again in 1 minute...
⏸️  Scans are paused by user. Checking again in 1 minute...
⏸️  Scans are paused by user. Checking again in 1 minute...
⏸️  Scans are paused by user. Checking again in 1 minute...
⏸️  Scans are paused by user. Checking again in 1 minute...
⏸️  Scans are paused by user. Checking again in 1 minute...
⏸️  Scans are paused by user. Checking again in 1 minute...
⏸️  Scans are paused by user. Checking again in 1 minute...
⏸️  Scans are paused by user. Checking again in 1 minute...
⏸️  Scans are paused by user. Checking again in 1 minute...
⏸️  Scans are paused by user. Checking again in 1 minute...
⏸️  Scans are paused by user. Checking again in 1 minute...
⏸️  Scans are paused by user. Checking again in 1 minute...
⏸️  Scans are paused by user. Checking again in 1 minute...
⏸️  Scans are paused by user. Checking again in 1 minute...
⏸️  Scans are paused by user. Checking again in 1 minute...
⏸️  Scans are paused by user. Checking again in 1 minute...
⏸️  Scans are paused by user. Checking again in 1 minute...
⏸️  Scans are paused by user. Checking again in 1 minute...
⏸️  Scans are paused by user. Checking again in 1 minute...
⏸️  Scans are paused by user. Checking again in 1 minute...
⏸️  Scans are paused by user. Checking again in 1 minute...
⏸️  Scans are paused by user. Checking again in 1 minute...
⏸️  Scans are paused by user. Checking again in 1 minute...
⏸️  Scans are paused by user. Checking again in 1 minute...
⏸️  Scans are paused by user. Checking again in 1 minute...
⏸️  Scans are paused by user. Checking again in 1 minute...
⏸️  Scans are paused by user. Checking again in 1 minute...
⏸️  Scans are paused by user. Checking again in 1 minute...
⏸️  Scans are paused by user. Checking again in 1 minute...
⏸️  Scans are paused by user. Checking again in 1 minute...
⏸️  Scans are paused by user. Checking again in 1 minute...
⏸️  Scans are paused by user. Checking again in 1 minute...
⏸️  Scans are paused by user. Checking again in 1 minute...
⏸️  Scans are paused by user. Checking again in 1 minute...
⏸️  Scans are paused by user. Checking again in 1 minute...
⏸️  Scans are paused by user. Checking again in 1 minute...
⏸️  Scans are paused by user. Checking again in 1 minute...
⏸️  Scans are paused by user. Checking again in 1 minute...
⏸️  Scans are paused by user. Checking again in 1 minute...
⏸️  Scans are paused by user. Checking again in 1 minute...
⏸️  Scans are paused by user. Checking again in 1 minute...
⏸️  Scans are paused by user. Checking again in 1 minute...
⏸️  Scans are paused by user. Checking again in 1 minute...
⏸️  Scans are paused by user. Checking again in 1 minute...
⏸️  Scans are paused by user. Checking again in 1 minute...
⏸️  Scans are paused by user. Checking again in 1 minute...
⏸️  Scans are paused by user. Checking again in 1 minute...
⏸️  Scans are paused by user. Checking again in 1 minute...
⏸️  Scans are paused by user. Checking again in 1 minute...
⏸️  Scans are paused by user. Checking again in 1 minute...
⏸️  Scans are paused by user. Checking again in 1 minute...
⏸️  Scans are paused by user. Checking again in 1 minute...
⏸️  Scans are paused by user. Checking again in 1 minute...
⏸️  Scans are paused by user. Checking again in 1 minute...
⏸️  Scans are paused by user. Checking again in 1 minute...
⏸️  Scans are paused by user. Checking again in 1 minute...
⏸️  Scans are paused by user. Checking again in 1 minute...
⏸️  Scans are paused by user. Checking again in 1 minute...
⏸️  Scans are paused by user. Checking again in 1 minute...
⏸️  Scans are paused by user. Checking again in 1 minute...
⏸️  Scans are paused by user. Checking again in 1 minute...
⏸️  Scans are paused by user. Checking again in 1 minute...
⏸️  Scans are paused by user. Checking again in 1 minute...
⏸️  Scans are paused by user. Checking again in 1 minute...
⏸️  Scans are paused by user. Checking again in 1 minute...
⏸️  Scans are paused by user. Checking again in 1 minute...
⏸️  Scans are paused by user. Checking again in 1 minute...
⏸️  Scans are paused by user. Checking again in 1 minute...
⏸️  Scans are paused by user. Checking again in 1 minute...
⏸️  Scans are paused by user. Checking again in 1 minute...
⏸️  Scans are paused by user. Checking again in 1 minute...
⏸️  Scans are paused by user. Checking again in 1 minute...
⏸️  Scans are paused by user. Checking again in 1 minute...
⏸️  Scans are paused by user. Checking again in 1 minute...
⏸️  Scans are paused by user. Checking again in 1 minute...
⏸️  Scans are paused by user. Checking again in 1 minute...
⏸️  Scans are paused by user. Checking again in 1 minute...
⏸️  Scans are paused by user. Checking again in 1 minute...
⏸️  Scans are paused by user. Checking again in 1 minute...
⏸️  Scans are paused by user. Checking again in 1 minute...
⏸️  Scans are paused by user. Checking again in 1 minute...
⏸️  Scans are paused by user. Checking again in 1 minute...
⏸️  Scans are paused by user. Checking again in 1 minute...
⏸️  Scans are paused by user. Checking again in 1 minute...
⏸️  Scans are paused by user. Checking again in 1 minute...
⏸️  Scans are paused by user. Checking again in 1 minute...
⏸️  Scans are paused by user. Checking again in 1 minute...
⏸️  Scans are paused by user. Checking again in 1 minute...
⏸️  Scans are paused by user. Checking again in 1 minute...
⏸️  Scans are paused by user. Checking again in 1 minute...
⏸️  Scans are paused by user. Checking again in 1 minute...
⏸️  Scans are paused by user. Checking again in 1 minute...
⏸️  Scans are paused by user. Checking again in 1 minute...
⏸️  Scans are paused by user. Checking again in 1 minute...
⏸️  Scans are paused by user. Checking again in 1 minute...
⏸️  Scans are paused by user. Checking again in 1 minute...
⏸️  Scans are paused by user. Checking again in 1 minute...
⏸️  Scans are paused by user. Checking again in 1 minute...
⏸️  Scans are paused by user. Checking again in 1 minute...
⏸️  Scans are paused by user. Checking again in 1 minute...
⏸️  Scans are paused by user. Checking again in 1 minute...
⏸️  Scans are paused by user. Checking again in 1 minute...
⏸️  Scans are paused by user. Checking again in 1 minute...
⏸️  Scans are paused by user. Checking again in 1 minute...
⏸️  Scans are paused by user. Checking again in 1 minute...
⏸️  Scans are paused by user. Checking again in 1 minute...
⏸️  Scans are paused by user. Checking again in 1 minute...
⏸️  Scans are paused by user. Checking again in 1 minute...
⏸️  Scans are paused by user. Checking again in 1 minute...
⏸️  Scans are paused by user. Checking again in 1 minute...
⏸️  Scans are paused by user. Checking again in 1 minute...
⏸️  Scans are paused by user. Checking again in 1 minute...
⏸️  Scans are paused by user. Checking again in 1 minute...
⏸️  Scans are paused by user. Checking again in 1 minute...
⏸️  Scans are paused by user. Checking again in 1 minute...
⏸️  Scans are paused by user. Checking again in 1 minute...
⏸️  Scans are paused by user. Checking again in 1 minute...
⏸️  Scans are paused by user. Checking again in 1 minute...
⏸️  Scans are paused by user. Checking again in 1 minute...
⏸️  Scans are paused by user. Checking again in 1 minute...
⏸️  Scans are paused by user. Checking again in 1 minute...
⏸️  Scans are paused by user. Checking again in 1 minute...
⏸️  Scans are paused by user. Checking again in 1 minute...
⏸️  Scans are paused by user. Checking again in 1 minute...
⏸️  Scans are paused by user. Checking again in 1 minute...
⏸️  Scans are paused by user. Checking again in 1 minute...
⏸️  Scans are paused by user. Checking again in 1 minute...
⏸️  Scans are paused by user. Checking again in 1 minute...
⏸️  Scans are paused by user. Checking again in 1 minute...
⏸️  Scans are paused by user. Checking again in 1 minute...
⏸️  Scans are paused by user. Checking again in 1 minute...
⏸️  Scans are paused by user. Checking again in 1 minute...
⏸️  Scans are paused by user. Checking again in 1 minute...
⏸️  Scans are paused by user. Checking again in 1 minute...
⏸️  Scans are paused by user. Checking again in 1 minute...
⏸️  Scans are paused by user. Checking again in 1 minute...
⏸️  Scans are paused by user. Checking again in 1 minute...
⏸️  Scans are paused by user. Checking again in 1 minute...
⏸️  Scans are paused by user. Checking again in 1 minute...
⏸️  Scans are paused by user. Checking again in 1 minute...
⏸️  Scans are paused by user. Checking again in 1 minute...
⏸️  Scans are paused by user. Checking again in 1 minute...
⏸️  Scans are paused by user. Checking again in 1 minute...
⏸️  Scans are paused by user. Checking again in 1 minute...
⏸️  Scans are paused by user. Checking again in 1 minute...
⏸️  Scans are paused by user. Checking again in 1 minute...
⏸️  Scans are paused by user. Checking again in 1 minute...
⏸️  Scans are paused by user. Checking again in 1 minute...
⏸️  Scans are paused by user. Checking again in 1 minute...
⏸️  Scans are paused by user. Checking again in 1 minute...
⏸️  Scans are paused by user. Checking again in 1 minute...
⏸️  Scans are paused by user. Checking again in 1 minute...
⏸️  Scans are paused by user. Checking again in 1 minute...
⏸️  Scans are paused by user. Checking again in 1 minute...
⏸️  Scans are paused by user. Checking again in 1 minute...
⏸️  Scans are paused by user. Checking again in 1 minute...
⏸️  Scans are paused by user. Checking again in 1 minute...
⏸️  Scans are paused by user. Checking again in 1 minute...
⏸️  Scans are paused by user. Checking again in 1 minute...
⏸️  Scans are paused by user. Checking again in 1 minute...
⏸️  Scans are paused by user. Checking again in 1 minute...
⏸️  Scans are paused by user. Checking again in 1 minute...
⏸️  Scans are paused by user. Checking again in 1 minute...
⏸️  Scans are paused by user. Checking again in 1 minute...
⏸️  Scans are paused by user. Checking again in 1 minute...
⏸️  Scans are paused by user. Checking again in 1 minute...
⏸️  Scans are paused by user. Checking again in 1 minute...
⏸️  Scans are paused by user. Checking again in 1 minute...
⏸️  Scans are paused by user. Checking again in 1 minute...
⏸️  Scans are paused by user. Checking again in 1 minute...
⏸️  Scans are paused by user. Checking again in 1 minute...
⏸️  Scans are paused by user. Checking again in 1 minute...
⏸️  Scans are paused by user. Checking again in 1 minute...
⏸️  Scans are paused by user. Checking again in 1 minute...
⏸️  Scans are paused by user. Checking again in 1 minute...
⏸️  Scans are paused by user. Checking again in 1 minute...
⏸️  Scans are paused by user. Checking again in 1 minute...
⏸️  Scans are paused by user. Checking again in 1 minute...
⏸️  Scans are paused by user. Checking again in 1 minute...
⏸️  Scans are paused by user. Checking again in 1 minute...
⏸️  Scans are paused by user. Checking again in 1 minute...
⏸️  Scans are paused by user. Checking again in 1 minute...
⏸️  Scans are paused by user. Checking again in 1 minute...
⏸️  Scans are paused by user. Checking again in 1 minute...
⏸️  Scans are paused by user. Checking again in 1 minute...
⏸️  Scans are paused by user. Checking again in 1 minute...
⏸️  Scans are paused by user. Checking again in 1 minute...
⏸️  Scans are paused by user. Checking again in 1 minute...
⏸️  Scans are paused by user. Checking again in 1 minute...
⏸️  Scans are paused by user. Checking again in 1 minute...
⏸️  Scans are paused by user. Checking again in 1 minute...
⏸️  Scans are paused by user. Checking again in 1 minute...
⏸️  Scans are paused by user. Checking again in 1 minute...
⏸️  Scans are paused by user. Checking again in 1 minute...
⏸️  Scans are paused by user. Checking again in 1 minute...
⏸️  Scans are paused by user. Checking again in 1 minute...
⏸️  Scans are paused by user. Checking again in 1 minute...
⏸️  Scans are paused by user. Checking again in 1 minute...
⏸️  Scans are paused by user. Checking again in 1 minute...
⏸️  Scans are paused by user. Checking again in 1 minute...
⏸️  Scans are paused by user. Checking again in 1 minute...
⏸️  Scans are paused by user. Checking again in 1 minute...
⏸️  Scans are paused by user. Checking again in 1 minute...
⏸️  Scans are paused by user. Checking again in 1 minute...
⏸️  Scans are paused by user. Checking again in 1 minute...
⏸️  Scans are paused by user. Checking again in 1 minute...
⏸️  Scans are paused by user. Checking again in 1 minute...
⏸️  Scans are paused by user. Checking again in 1 minute...
⏸️  Scans are paused by user. Checking again in 1 minute...
⏸️  Scans are paused by user. Checking again in 1 minute...
⏸️  Scans are paused by user. Checking again in 1 minute...
⏸️  Scans are paused by user. Checking again in 1 minute...
⏸️  Scans are paused by user. Checking again in 1 minute...
⏸️  Scans are paused by user. Checking again in 1 minute...
⏸️  Scans are paused by user. Checking again in 1 minute...
⏸️  Scans are paused by user. Checking again in 1 minute...
⏸️  Scans are paused by user. Checking again in 1 minute...
⏸️  Scans are paused by user. Checking again in 1 minute...
⏸️  Scans are paused by user. Checking again in 1 minute...
⏸️  Scans are paused by user. Checking again in 1 minute...
⏸️  Scans are paused by user. Checking again in 1 minute...
⏸️  Scans are paused by user. Checking again in 1 minute...
⏸️  Scans are paused by user. Checking again in 1 minute...
⏸️  Scans are paused by user. Checking again in 1 minute...
⏸️  Scans are paused by user. Checking again in 1 minute...
⏸️  Scans are paused by user. Checking again in 1 minute...
⏸️  Scans are paused by user. Checking again in 1 minute...
⏸️  Scans are paused by user. Checking again in 1 minute...
⏸️  Scans are paused by user. Checking again in 1 minute...
⏸️  Scans are paused by user. Checking again in 1 minute...
⏸️  Scans are paused by user. Checking again in 1 minute...
⏸️  Scans are paused by user. Checking again in 1 minute...
⏸️  Scans are paused by user. Checking again in 1 minute...
⏸️  Scans are paused by user. Checking again in 1 minute...
⏸️  Scans are paused by user. Checking again in 1 minute...
⏸️  Scans are paused by user. Checking again in 1 minute...
⏸️  Scans are paused by user. Checking again in 1 minute...
⏸️  Scans are paused by user. Checking again in 1 minute...
⏸️  Scans are paused by user. Checking again in 1 minute...
⏸️  Scans are paused by user. Checking again in 1 minute...
⏸️  Scans are paused by user. Checking again in 1 minute...
⏸️  Scans are paused by user. Checking again in 1 minute...
⏸️  Scans are paused by user. Checking again in 1 minute...
⏸️  Scans are paused by user. Checking again in 1 minute...
⏸️  Scans are paused by user. Checking again in 1 minute...
⏸️  Scans are paused by user. Checking again in 1 minute...
⏸️  Scans are paused by user. Checking again in 1 minute...
⏸️  Scans are paused by user. Checking again in 1 minute...
⏸️  Scans are paused by user. Checking again in 1 minute...
⏸️  Scans are paused by user. Checking again in 1 minute...
⏸️  Scans are paused by user. Checking again in 1 minute...
⏸️  Scans are paused by user. Checking again in 1 minute...
⏸️  Scans are paused by user. Checking again in 1 minute...
⏸️  Scans are paused by user. Checking again in 1 minute...
⏸️  Scans are paused by user. Checking again in 1 minute...
⏸️  Scans are paused by user. Checking again in 1 minute...
⏸️  Scans are paused by user. Checking again in 1 minute...
⏸️  Scans are paused by user. Checking again in 1 minute...
⏸️  Scans are paused by user. Checking again in 1 minute...
⏸️  Scans are paused by user. Checking again in 1 minute...
⏸️  Scans are paused by user. Checking again in 1 minute...
⏸️  Scans are paused by user. Checking again in 1 minute...
⏸️  Scans are paused by user. Checking again in 1 minute...
⏸️  Scans are paused by user. Checking again in 1 minute...
⏸️  Scans are paused by user. Checking again in 1 minute...
⏸️  Scans are paused by user. Checking again in 1 minute...
⏸️  Scans are paused by user. Checking again in 1 minute...
⏸️  Scans are paused by user. Checking again in 1 minute...
⏸️  Scans are paused by user. Checking again in 1 minute...
⏸️  Scans are paused by user. Checking again in 1 minute...
⏸️  Scans are paused by user. Checking again in 1 minute...
⏸️  Scans are paused by user. Checking again in 1 minute...
⏸️  Scans are paused by user. Checking again in 1 minute...
⏸️  Scans are paused by user. Checking again in 1 minute...
⏸️  Scans are paused by user. Checking again in 1 minute...
⏸️  Scans are paused by user. Checking again in 1 minute...
⏸️  Scans are paused by user. Checking again in 1 minute...
⏸️  Scans are paused by user. Checking again in 1 minute...
⏸️  Scans are paused by user. Checking again in 1 minute...
⏸️  Scans are paused by user. Checking again in 1 minute...
⏸️  Scans are paused by user. Checking again in 1 minute...
⏸️  Scans are paused by user. Checking again in 1 minute...
⏸️  Scans are paused by user. Checking again in 1 minute...
⏸️  Scans are paused by user. Checking again in 1 minute...
⏸️  Scans are paused by user. Checking again in 1 minute...
⏸️  Scans are paused by user. Checking again in 1 minute...
⏸️  Scans are paused by user. Checking again in 1 minute...
⏸️  Scans are paused by user. Checking again in 1 minute...
⏸️  Scans are paused by user. Checking again in 1 minute...
⏸️  Scans are paused by user. Checking again in 1 minute...
⏸️  Scans are paused by user. Checking again in 1 minute...
⏸️  Scans are paused by user. Checking again in 1 minute...
⏸️  Scans are paused by user. Checking again in 1 minute...
⏸️  Scans are paused by user. Checking again in 1 minute...
⏸️  Scans are paused by user. Checking again in 1 minute...
⏸️  Scans are paused by user. Checking again in 1 minute...
⏸️  Scans are paused by user. Checking again in 1 minute...
⏸️  Scans are paused by user. Checking again in 1 minute...
⏸️  Scans are paused by user. Checking again in 1 minute...
⏸️  Scans are paused by user. Checking again in 1 minute...
⏸️  Scans are paused by user. Checking again in 1 minute...
⏸️  Scans are paused by user. Checking again in 1 minute...
⏸️  Scans are paused by user. Checking again in 1 minute...
⏸️  Scans are paused by user. Checking again in 1 minute...
⏸️  Scans are paused by user. Checking again in 1 minute...
⏸️  Scans are paused by user. Checking again in 1 minute...
⏸️  Scans are paused by user. Checking again in 1 minute...
⏸️  Scans are paused by user. Checking again in 1 minute...
⏸️  Scans are paused by user. Checking again in 1 minute...
⏸️  Scans are paused by user. Checking again in 1 minute...
⏸️  Scans are paused by user. Checking again in 1 minute...
⏸️  Scans are paused by user. Checking again in 1 minute...
⏸️  Scans are paused by user. Checking again in 1 minute...
⏸️  Scans are paused by user. Checking again in 1 minute...
⏸️  Scans are paused by user. Checking again in 1 minute...
⏸️  Scans are paused by user. Checking again in 1 minute...
⏸️  Scans are paused by user. Checking again in 1 minute...
⏸️  Scans are paused by user. Checking again in 1 minute...
⏸️  Scans are paused by user. Checking again in 1 minute...
⏸️  Scans are paused by user. Checking again in 1 minute...
⏸️  Scans are paused by user. Checking again in 1 minute...
⏸️  Scans are paused by user. Checking again in 1 minute...
⏸️  Scans are paused by user. Checking again in 1 minute...
⏸️  Scans are paused by user. Checking again in 1 minute...
⏸️  Scans are paused by user. Checking again in 1 minute...
⏸️  Scans are paused by user. Checking again in 1 minute...
⏸️  Scans are paused by user. Checking again in 1 minute...
⏸️  Scans are paused by user. Checking again in 1 minute...
⏸️  Scans are paused by user. Checking again in 1 minute...
⏸️  Scans are paused by user. Checking again in 1 minute...
⏸️  Scans are paused by user. Checking again in 1 minute...
⏸️  Scans are paused by user. Checking again in 1 minute...
⏸️  Scans are paused by user. Checking again in 1 minute...
⏸️  Scans are paused by user. Checking again in 1 minute...
⏸️  Scans are paused by user. Checking again in 1 minute...
⏸️  Scans are paused by user. Checking again in 1 minute...
⏸️  Scans are paused by user. Checking again in 1 minute...
⏸️  Scans are paused by user. Checking again in 1 minute...
⏸️  Scans are paused by user. Checking again in 1 minute...
⏸️  Scans are paused by user. Checking again in 1 minute...
⏸️  Scans are paused by user. Checking again in 1 minute...
⏸️  Scans are paused by user. Checking again in 1 minute...
⏸️  Scans are paused by user. Checking again in 1 minute...
⏸️  Scans are paused by user. Checking again in 1 minute...
⏸️  Scans are paused by user. Checking again in 1 minute...
⏸️  Scans are paused by user. Checking again in 1 minute...
⏸️  Scans are paused by user. Checking again in 1 minute...
⏸️  Scans are paused by user. Checking again in 1 minute...
⏸️  Scans are paused by user. Checking again in 1 minute...
⏸️  Scans are paused by user. Checking again in 1 minute...
⏸️  Scans are paused by user. Checking again in 1 minute...
⏸️  Scans are paused by user. Checking again in 1 minute...
⏸️  Scans are paused by user. Checking again in 1 minute...
⏸️  Scans are paused by user. Checking again in 1 minute...
⏸️  Scans are paused by user. Checking again in 1 minute...
⏸️  Scans are paused by user. Checking again in 1 minute...
⏸️  Scans are paused by user. Checking again in 1 minute...
⏸️  Scans are paused by user. Checking again in 1 minute...
⏸️  Scans are paused by user. Checking again in 1 minute...
⏸️  Scans are paused by user. Checking again in 1 minute...
⏸️  Scans are paused by user. Checking again in 1 minute...
⏸️  Scans are paused by user. Checking again in 1 minute...
⏸️  Scans are paused by user. Checking again in 1 minute...
◇ injected env (5) from web/.env.local // tip: ⌘ override existing { override: true }
🚀 Daemon started. Loop interval set to 10 minutes.
⏸️  Scans are paused by user. Checking again in 1 minute...
⏸️  Scans are paused by user. Checking again in 1 minute...
⏸️  Scans are paused by user. Checking again in 1 minute...
⏸️  Scans are paused by user. Checking again in 1 minute...
⏸️  Scans are paused by user. Checking again in 1 minute...
⏸️  Scans are paused by user. Checking again in 1 minute...
⏸️  Scans are paused by user. Checking again in 1 minute...
⏸️  Scans are paused by user. Checking again in 1 minute...
⏸️  Scans are paused by user. Checking again in 1 minute...
⏸️  Scans are paused by user. Checking again in 1 minute...
⏸️  Scans are paused by user. Checking again in 1 minute...
⏸️  Scans are paused by user. Checking again in 1 minute...
⏸️  Scans are paused by user. Checking again in 1 minute...
⏸️  Scans are paused by user. Checking again in 1 minute...
⏸️  Scans are paused by user. Checking again in 1 minute...
⏸️  Scans are paused by user. Checking again in 1 minute...
⏸️  Scans are paused by user. Checking again in 1 minute...
⏸️  Scans are paused by user. Checking again in 1 minute...
⏸️  Scans are paused by user. Checking again in 1 minute...
⏸️  Scans are paused by user. Checking again in 1 minute...
⏸️  Scans are paused by user. Checking again in 1 minute...
⏸️  Scans are paused by user. Checking again in 1 minute...
⏸️  Scans are paused by user. Checking again in 1 minute...
⏸️  Scans are paused by user. Checking again in 1 minute...
⏸️  Scans are paused by user. Checking again in 1 minute...
⏸️  Scans are paused by user. Checking again in 1 minute...
⏸️  Scans are paused by user. Checking again in 1 minute...
⏸️  Scans are paused by user. Checking again in 1 minute...
⏸️  Scans are paused by user. Checking again in 1 minute...
⏸️  Scans are paused by user. Checking again in 1 minute...
⏸️  Scans are paused by user. Checking again in 1 minute...
⏸️  Scans are paused by user. Checking again in 1 minute...
⏸️  Scans are paused by user. Checking again in 1 minute...
⏸️  Scans are paused by user. Checking again in 1 minute...
⏸️  Scans are paused by user. Checking again in 1 minute...
⏸️  Scans are paused by user. Checking again in 1 minute...
⏸️  Scans are paused by user. Checking again in 1 minute...
⏸️  Scans are paused by user. Checking again in 1 minute...
⏸️  Scans are paused by user. Checking again in 1 minute...
⏸️  Scans are paused by user. Checking again in 1 minute...
⏸️  Scans are paused by user. Checking again in 1 minute...
⏸️  Scans are paused by user. Checking again in 1 minute...
⏸️  Scans are paused by user. Checking again in 1 minute...
⏸️  Scans are paused by user. Checking again in 1 minute...
⏸️  Scans are paused by user. Checking again in 1 minute...
⏸️  Scans are paused by user. Checking again in 1 minute...
⏸️  Scans are paused by user. Checking again in 1 minute...
⏸️  Scans are paused by user. Checking again in 1 minute...
⏸️  Scans are paused by user. Checking again in 1 minute...
⏸️  Scans are paused by user. Checking again in 1 minute...
⏸️  Scans are paused by user. Checking again in 1 minute...
⏸️  Scans are paused by user. Checking again in 1 minute...
⏸️  Scans are paused by user. Checking again in 1 minute...
⏸️  Scans are paused by user. Checking again in 1 minute...
⏸️  Scans are paused by user. Checking again in 1 minute...
⏸️  Scans are paused by user. Checking again in 1 minute...
⏸️  Scans are paused by user. Checking again in 1 minute...
⏸️  Scans are paused by user. Checking again in 1 minute...
⏸️  Scans are paused by user. Checking again in 1 minute...
⏸️  Scans are paused by user. Checking again in 1 minute...
⏸️  Scans are paused by user. Checking again in 1 minute...
⏸️  Scans are paused by user. Checking again in 1 minute...
⏸️  Scans are paused by user. Checking again in 1 minute...
⏸️  Scans are paused by user. Checking again in 1 minute...
⏸️  Scans are paused by user. Checking again in 1 minute...
⏸️  Scans are paused by user. Checking again in 1 minute...
⏸️  Scans are paused by user. Checking again in 1 minute...
⏸️  Scans are paused by user. Checking again in 1 minute...
⏸️  Scans are paused by user. Checking again in 1 minute...
⏸️  Scans are paused by user. Checking again in 1 minute...
⏸️  Scans are paused by user. Checking again in 1 minute...
⏸️  Scans are paused by user. Checking again in 1 minute...
⏸️  Scans are paused by user. Checking again in 1 minute...
⏸️  Scans are paused by user. Checking again in 1 minute...
⏸️  Scans are paused by user. Checking again in 1 minute...
⏸️  Scans are paused by user. Checking again in 1 minute...
⏸️  Scans are paused by user. Checking again in 1 minute...
⏸️  Scans are paused by user. Checking again in 1 minute...
⏸️  Scans are paused by user. Checking again in 1 minute...
⏸️  Scans are paused by user. Checking again in 1 minute...
⏸️  Scans are paused by user. Checking again in 1 minute...
⏸️  Scans are paused by user. Checking again in 1 minute...
⏸️  Scans are paused by user. Checking again in 1 minute...
⏸️  Scans are paused by user. Checking again in 1 minute...
⏸️  Scans are paused by user. Checking again in 1 minute...
⏸️  Scans are paused by user. Checking again in 1 minute...
⏸️  Scans are paused by user. Checking again in 1 minute...
⏸️  Scans are paused by user. Checking again in 1 minute...
⏸️  Scans are paused by user. Checking again in 1 minute...
⏸️  Scans are paused by user. Checking again in 1 minute...
⏸️  Scans are paused by user. Checking again in 1 minute...
⏸️  Scans are paused by user. Checking again in 1 minute...
⏸️  Scans are paused by user. Checking again in 1 minute...
⏸️  Scans are paused by user. Checking again in 1 minute...
⏸️  Scans are paused by user. Checking again in 1 minute...
⏸️  Scans are paused by user. Checking again in 1 minute...
⏸️  Scans are paused by user. Checking again in 1 minute...
⏸️  Scans are paused by user. Checking again in 1 minute...
⏸️  Scans are paused by user. Checking again in 1 minute...
⏸️  Scans are paused by user. Checking again in 1 minute...
⏸️  Scans are paused by user. Checking again in 1 minute...
⏸️  Scans are paused by user. Checking again in 1 minute...
⏸️  Scans are paused by user. Checking again in 1 minute...
⏸️  Scans are paused by user. Checking again in 1 minute...
⏸️  Scans are paused by user. Checking again in 1 minute...
⏸️  Scans are paused by user. Checking again in 1 minute...
⏸️  Scans are paused by user. Checking again in 1 minute...
⏸️  Scans are paused by user. Checking again in 1 minute...
⏸️  Scans are paused by user. Checking again in 1 minute...
⏸️  Scans are paused by user. Checking again in 1 minute...
⏸️  Scans are paused by user. Checking again in 1 minute...
⏸️  Scans are paused by user. Checking again in 1 minute...
⏸️  Scans are paused by user. Checking again in 1 minute...
⏸️  Scans are paused by user. Checking again in 1 minute...
⏸️  Scans are paused by user. Checking again in 1 minute...
⏸️  Scans are paused by user. Checking again in 1 minute...
⏸️  Scans are paused by user. Checking again in 1 minute...
⏸️  Scans are paused by user. Checking again in 1 minute...
⏸️  Scans are paused by user. Checking again in 1 minute...
⏸️  Scans are paused by user. Checking again in 1 minute...
⏸️  Scans are paused by user. Checking again in 1 minute...
⏸️  Scans are paused by user. Checking again in 1 minute...
⏸️  Scans are paused by user. Checking again in 1 minute...
⏸️  Scans are paused by user. Checking again in 1 minute...
⏸️  Scans are paused by user. Checking again in 1 minute...
⏸️  Scans are paused by user. Checking again in 1 minute...
⏸️  Scans are paused by user. Checking again in 1 minute...
⏸️  Scans are paused by user. Checking again in 1 minute...
⏸️  Scans are paused by user. Checking again in 1 minute...
⏸️  Scans are paused by user. Checking again in 1 minute...
⏸️  Scans are paused by user. Checking again in 1 minute...
⏸️  Scans are paused by user. Checking again in 1 minute...
⏸️  Scans are paused by user. Checking again in 1 minute...
⏸️  Scans are paused by user. Checking again in 1 minute...
⏸️  Scans are paused by user. Checking again in 1 minute...
⏸️  Scans are paused by user. Checking again in 1 minute...
⏸️  Scans are paused by user. Checking again in 1 minute...
⏸️  Scans are paused by user. Checking again in 1 minute...
⏸️  Scans are paused by user. Checking again in 1 minute...
⏸️  Scans are paused by user. Checking again in 1 minute...
⏸️  Scans are paused by user. Checking again in 1 minute...
⏸️  Scans are paused by user. Checking again in 1 minute...
⏸️  Scans are paused by user. Checking again in 1 minute...
⏸️  Scans are paused by user. Checking again in 1 minute...
⏸️  Scans are paused by user. Checking again in 1 minute...
⏸️  Scans are paused by user. Checking again in 1 minute...
⏸️  Scans are paused by user. Checking again in 1 minute...
⏸️  Scans are paused by user. Checking again in 1 minute...
⏸️  Scans are paused by user. Checking again in 1 minute...
⏸️  Scans are paused by user. Checking again in 1 minute...
⏸️  Scans are paused by user. Checking again in 1 minute...
⏸️  Scans are paused by user. Checking again in 1 minute...
⏸️  Scans are paused by user. Checking again in 1 minute...
⏸️  Scans are paused by user. Checking again in 1 minute...
⏸️  Scans are paused by user. Checking again in 1 minute...
⏸️  Scans are paused by user. Checking again in 1 minute...
⏸️  Scans are paused by user. Checking again in 1 minute...
⏸️  Scans are paused by user. Checking again in 1 minute...
⏸️  Scans are paused by user. Checking again in 1 minute...
⏸️  Scans are paused by user. Checking again in 1 minute...
⏸️  Scans are paused by user. Checking again in 1 minute...
⏸️  Scans are paused by user. Checking again in 1 minute...
⏸️  Scans are paused by user. Checking again in 1 minute...
⏸️  Scans are paused by user. Checking again in 1 minute...
⏸️  Scans are paused by user. Checking again in 1 minute...
⏸️  Scans are paused by user. Checking again in 1 minute...
⏸️  Scans are paused by user. Checking again in 1 minute...
⏸️  Scans are paused by user. Checking again in 1 minute...
⏸️  Scans are paused by user. Checking again in 1 minute...
⏸️  Scans are paused by user. Checking again in 1 minute...
⏸️  Scans are paused by user. Checking again in 1 minute...
⏸️  Scans are paused by user. Checking again in 1 minute...
⏸️  Scans are paused by user. Checking again in 1 minute...
⏸️  Scans are paused by user. Checking again in 1 minute...
⏸️  Scans are paused by user. Checking again in 1 minute...
⏸️  Scans are paused by user. Checking again in 1 minute...
⏸️  Scans are paused by user. Checking again in 1 minute...
⏸️  Scans are paused by user. Checking again in 1 minute...
⏸️  Scans are paused by user. Checking again in 1 minute...
⏸️  Scans are paused by user. Checking again in 1 minute...
⏸️  Scans are paused by user. Checking again in 1 minute...
⏸️  Scans are paused by user. Checking again in 1 minute...
⏸️  Scans are paused by user. Checking again in 1 minute...
⏸️  Scans are paused by user. Checking again in 1 minute...
⏸️  Scans are paused by user. Checking again in 1 minute...
⏸️  Scans are paused by user. Checking again in 1 minute...
⏸️  Scans are paused by user. Checking again in 1 minute...
⏸️  Scans are paused by user. Checking again in 1 minute...
⏸️  Scans are paused by user. Checking again in 1 minute...
⏸️  Scans are paused by user. Checking again in 1 minute...
⏸️  Scans are paused by user. Checking again in 1 minute...
⏸️  Scans are paused by user. Checking again in 1 minute...
⏸️  Scans are paused by user. Checking again in 1 minute...
⏸️  Scans are paused by user. Checking again in 1 minute...
⏸️  Scans are paused by user. Checking again in 1 minute...
⏸️  Scans are paused by user. Checking again in 1 minute...
⏸️  Scans are paused by user. Checking again in 1 minute...
⏸️  Scans are paused by user. Checking again in 1 minute...
⏸️  Scans are paused by user. Checking again in 1 minute...
⏸️  Scans are paused by user. Checking again in 1 minute...
⏸️  Scans are paused by user. Checking again in 1 minute...
⏸️  Scans are paused by user. Checking again in 1 minute...
⏸️  Scans are paused by user. Checking again in 1 minute...
⏸️  Scans are paused by user. Checking again in 1 minute...
⏸️  Scans are paused by user. Checking again in 1 minute...
⏸️  Scans are paused by user. Checking again in 1 minute...
⏸️  Scans are paused by user. Checking again in 1 minute...
⏸️  Scans are paused by user. Checking again in 1 minute...
⏸️  Scans are paused by user. Checking again in 1 minute...
⏸️  Scans are paused by user. Checking again in 1 minute...
⏸️  Scans are paused by user. Checking again in 1 minute...
⏸️  Scans are paused by user. Checking again in 1 minute...
⏸️  Scans are paused by user. Checking again in 1 minute...
⏸️  Scans are paused by user. Checking again in 1 minute...
⏸️  Scans are paused by user. Checking again in 1 minute...
⏸️  Scans are paused by user. Checking again in 1 minute...
⏸️  Scans are paused by user. Checking again in 1 minute...
⏸️  Scans are paused by user. Checking again in 1 minute...
⏸️  Scans are paused by user. Checking again in 1 minute...
⏸️  Scans are paused by user. Checking again in 1 minute...
⏸️  Scans are paused by user. Checking again in 1 minute...
⏸️  Scans are paused by user. Checking again in 1 minute...
⏸️  Scans are paused by user. Checking again in 1 minute...
⏸️  Scans are paused by user. Checking again in 1 minute...
⏸️  Scans are paused by user. Checking again in 1 minute...
⏸️  Scans are paused by user. Checking again in 1 minute...
⏸️  Scans are paused by user. Checking again in 1 minute...
⏸️  Scans are paused by user. Checking again in 1 minute...
⏸️  Scans are paused by user. Checking again in 1 minute...
⏸️  Scans are paused by user. Checking again in 1 minute...
⏸️  Scans are paused by user. Checking again in 1 minute...
⏸️  Scans are paused by user. Checking again in 1 minute...
⏸️  Scans are paused by user. Checking again in 1 minute...
⏸️  Scans are paused by user. Checking again in 1 minute...
⏸️  Scans are paused by user. Checking again in 1 minute...
⏸️  Scans are paused by user. Checking again in 1 minute...
⏸️  Scans are paused by user. Checking again in 1 minute...
⏸️  Scans are paused by user. Checking again in 1 minute...
⏸️  Scans are paused by user. Checking again in 1 minute...
⏸️  Scans are paused by user. Checking again in 1 minute...
⏸️  Scans are paused by user. Checking again in 1 minute...
⏸️  Scans are paused by user. Checking again in 1 minute...
⏸️  Scans are paused by user. Checking again in 1 minute...
⏸️  Scans are paused by user. Checking again in 1 minute...
⏸️  Scans are paused by user. Checking again in 1 minute...
⏸️  Scans are paused by user. Checking again in 1 minute...
⏸️  Scans are paused by user. Checking again in 1 minute...
⏸️  Scans are paused by user. Checking again in 1 minute...
⏸️  Scans are paused by user. Checking again in 1 minute...
⏸️  Scans are paused by user. Checking again in 1 minute...
⏸️  Scans are paused by user. Checking again in 1 minute...
⏸️  Scans are paused by user. Checking again in 1 minute...
⏸️  Scans are paused by user. Checking again in 1 minute...
⏸️  Scans are paused by user. Checking again in 1 minute...
⏸️  Scans are paused by user. Checking again in 1 minute...
⏸️  Scans are paused by user. Checking again in 1 minute...
⏸️  Scans are paused by user. Checking again in 1 minute...
⏸️  Scans are paused by user. Checking again in 1 minute...
⏸️  Scans are paused by user. Checking again in 1 minute...
⏸️  Scans are paused by user. Checking again in 1 minute...
⏸️  Scans are paused by user. Checking again in 1 minute...
⏸️  Scans are paused by user. Checking again in 1 minute...
⏸️  Scans are paused by user. Checking again in 1 minute...
⏸️  Scans are paused by user. Checking again in 1 minute...
⏸️  Scans are paused by user. Checking again in 1 minute...
⏸️  Scans are paused by user. Checking again in 1 minute...
⏸️  Scans are paused by user. Checking again in 1 minute...
⏸️  Scans are paused by user. Checking again in 1 minute...
⏸️  Scans are paused by user. Checking again in 1 minute...
⏸️  Scans are paused by user. Checking again in 1 minute...
⏸️  Scans are paused by user. Checking again in 1 minute...
⏸️  Scans are paused by user. Checking again in 1 minute...
⏸️  Scans are paused by user. Checking again in 1 minute...
⏸️  Scans are paused by user. Checking again in 1 minute...
⏸️  Scans are paused by user. Checking again in 1 minute...
⏸️  Scans are paused by user. Checking again in 1 minute...
⏸️  Scans are paused by user. Checking again in 1 minute...
⏸️  Scans are paused by user. Checking again in 1 minute...
⏸️  Scans are paused by user. Checking again in 1 minute...
⏸️  Scans are paused by user. Checking again in 1 minute...
⏸️  Scans are paused by user. Checking again in 1 minute...
⏸️  Scans are paused by user. Checking again in 1 minute...
⏸️  Scans are paused by user. Checking again in 1 minute...
⏸️  Scans are paused by user. Checking again in 1 minute...
⏸️  Scans are paused by user. Checking again in 1 minute...
⏸️  Scans are paused by user. Checking again in 1 minute...
⏸️  Scans are paused by user. Checking again in 1 minute...
⏸️  Scans are paused by user. Checking again in 1 minute...
⏸️  Scans are paused by user. Checking again in 1 minute...
⏸️  Scans are paused by user. Checking again in 1 minute...
⏸️  Scans are paused by user. Checking again in 1 minute...
⏸️  Scans are paused by user. Checking again in 1 minute...
⏸️  Scans are paused by user. Checking again in 1 minute...
⏸️  Scans are paused by user. Checking again in 1 minute...
⏸️  Scans are paused by user. Checking again in 1 minute...
⏸️  Scans are paused by user. Checking again in 1 minute...
⏸️  Scans are paused by user. Checking again in 1 minute...
⏸️  Scans are paused by user. Checking again in 1 minute...
⏸️  Scans are paused by user. Checking again in 1 minute...
⏸️  Scans are paused by user. Checking again in 1 minute...
⏸️  Scans are paused by user. Checking again in 1 minute...
⏸️  Scans are paused by user. Checking again in 1 minute...
⏸️  Scans are paused by user. Checking again in 1 minute...
⏸️  Scans are paused by user. Checking again in 1 minute...
⏸️  Scans are paused by user. Checking again in 1 minute...
⏸️  Scans are paused by user. Checking again in 1 minute...
⏸️  Scans are paused by user. Checking again in 1 minute...
⏸️  Scans are paused by user. Checking again in 1 minute...
⏸️  Scans are paused by user. Checking again in 1 minute...
⏸️  Scans are paused by user. Checking again in 1 minute...
⏸️  Scans are paused by user. Checking again in 1 minute...
⏸️  Scans are paused by user. Checking again in 1 minute...
⏸️  Scans are paused by user. Checking again in 1 minute...
⏸️  Scans are paused by user. Checking again in 1 minute...
⏸️  Scans are paused by user. Checking again in 1 minute...
⏸️  Scans are paused by user. Checking again in 1 minute...
⏸️  Scans are paused by user. Checking again in 1 minute...
⏸️  Scans are paused by user. Checking again in 1 minute...
⏸️  Scans are paused by user. Checking again in 1 minute...
⏸️  Scans are paused by user. Checking again in 1 minute...
⏸️  Scans are paused by user. Checking again in 1 minute...
⏸️  Scans are paused by user. Checking again in 1 minute...
⏸️  Scans are paused by user. Checking again in 1 minute...
⏸️  Scans are paused by user. Checking again in 1 minute...
⏸️  Scans are paused by user. Checking again in 1 minute...
⏸️  Scans are paused by user. Checking again in 1 minute...
⏸️  Scans are paused by user. Checking again in 1 minute...
⏸️  Scans are paused by user. Checking again in 1 minute...
⏸️  Scans are paused by user. Checking again in 1 minute...
⏸️  Scans are paused by user. Checking again in 1 minute...
⏸️  Scans are paused by user. Checking again in 1 minute...
⏸️  Scans are paused by user. Checking again in 1 minute...
⏸️  Scans are paused by user. Checking again in 1 minute...
⏸️  Scans are paused by user. Checking again in 1 minute...
⏸️  Scans are paused by user. Checking again in 1 minute...
⏸️  Scans are paused by user. Checking again in 1 minute...
⏸️  Scans are paused by user. Checking again in 1 minute...
⏸️  Scans are paused by user. Checking again in 1 minute...
⏸️  Scans are paused by user. Checking again in 1 minute...
⏸️  Scans are paused by user. Checking again in 1 minute...
⏸️  Scans are paused by user. Checking again in 1 minute...
⏸️  Scans are paused by user. Checking again in 1 minute...
⏸️  Scans are paused by user. Checking again in 1 minute...
⏸️  Scans are paused by user. Checking again in 1 minute...
⏸️  Scans are paused by user. Checking again in 1 minute...
⏸️  Scans are paused by user. Checking again in 1 minute...
⏸️  Scans are paused by user. Checking again in 1 minute...
⏸️  Scans are paused by user. Checking again in 1 minute...
⏸️  Scans are paused by user. Checking again in 1 minute...
⏸️  Scans are paused by user. Checking again in 1 minute...
⏸️  Scans are paused by user. Checking again in 1 minute...
⏸️  Scans are paused by user. Checking again in 1 minute...
⏸️  Scans are paused by user. Checking again in 1 minute...
⏸️  Scans are paused by user. Checking again in 1 minute...
⏸️  Scans are paused by user. Checking again in 1 minute...
⏸️  Scans are paused by user. Checking again in 1 minute...
⏸️  Scans are paused by user. Checking again in 1 minute...
⏸️  Scans are paused by user. Checking again in 1 minute...
⏸️  Scans are paused by user. Checking again in 1 minute...
⏸️  Scans are paused by user. Checking again in 1 minute...
⏸️  Scans are paused by user. Checking again in 1 minute...
⏸️  Scans are paused by user. Checking again in 1 minute...
⏸️  Scans are paused by user. Checking again in 1 minute...
⏸️  Scans are paused by user. Checking again in 1 minute...
⏸️  Scans are paused by user. Checking again in 1 minute...
⏸️  Scans are paused by user. Checking again in 1 minute...
⏸️  Scans are paused by user. Checking again in 1 minute...
⏸️  Scans are paused by user. Checking again in 1 minute...
⏸️  Scans are paused by user. Checking again in 1 minute...
⏸️  Scans are paused by user. Checking again in 1 minute...
⏸️  Scans are paused by user. Checking again in 1 minute...
⏸️  Scans are paused by user. Checking again in 1 minute...
⏸️  Scans are paused by user. Checking again in 1 minute...
⏸️  Scans are paused by user. Checking again in 1 minute...
⏸️  Scans are paused by user. Checking again in 1 minute...
⏸️  Scans are paused by user. Checking again in 1 minute...
⏸️  Scans are paused by user. Checking again in 1 minute...
⏸️  Scans are paused by user. Checking again in 1 minute...
⏸️  Scans are paused by user. Checking again in 1 minute...
⏸️  Scans are paused by user. Checking again in 1 minute...
⏸️  Scans are paused by user. Checking again in 1 minute...
⏸️  Scans are paused by user. Checking again in 1 minute...
⏸️  Scans are paused by user. Checking again in 1 minute...
⏸️  Scans are paused by user. Checking again in 1 minute...
⏸️  Scans are paused by user. Checking again in 1 minute...
⏸️  Scans are paused by user. Checking again in 1 minute...
⏸️  Scans are paused by user. Checking again in 1 minute...
⏸️  Scans are paused by user. Checking again in 1 minute...
⏸️  Scans are paused by user. Checking again in 1 minute...
⏸️  Scans are paused by user. Checking again in 1 minute...
⏸️  Scans are paused by user. Checking again in 1 minute...
⏸️  Scans are paused by user. Checking again in 1 minute...
⏸️  Scans are paused by user. Checking again in 1 minute...
⏸️  Scans are paused by user. Checking again in 1 minute...
⏸️  Scans are paused by user. Checking again in 1 minute...
⏸️  Scans are paused by user. Checking again in 1 minute...
⏸️  Scans are paused by user. Checking again in 1 minute...
⏸️  Scans are paused by user. Checking again in 1 minute...
⏸️  Scans are paused by user. Checking again in 1 minute...
⏸️  Scans are paused by user. Checking again in 1 minute...
⏸️  Scans are paused by user. Checking again in 1 minute...
⏸️  Scans are paused by user. Checking again in 1 minute...
⏸️  Scans are paused by user. Checking again in 1 minute...
⏸️  Scans are paused by user. Checking again in 1 minute...
⏸️  Scans are paused by user. Checking again in 1 minute...
⏸️  Scans are paused by user. Checking again in 1 minute...
⏸️  Scans are paused by user. Checking again in 1 minute...
⏸️  Scans are paused by user. Checking again in 1 minute...
⏸️  Scans are paused by user. Checking again in 1 minute...
⏸️  Scans are paused by user. Checking again in 1 minute...
⏸️  Scans are paused by user. Checking again in 1 minute...
⏸️  Scans are paused by user. Checking again in 1 minute...
⏸️  Scans are paused by user. Checking again in 1 minute...
⏸️  Scans are paused by user. Checking again in 1 minute...
⏸️  Scans are paused by user. Checking again in 1 minute...
⏸️  Scans are paused by user. Checking again in 1 minute...
⏸️  Scans are paused by user. Checking again in 1 minute...
⏸️  Scans are paused by user. Checking again in 1 minute...
⏸️  Scans are paused by user. Checking again in 1 minute...
⏸️  Scans are paused by user. Checking again in 1 minute...
⏸️  Scans are paused by user. Checking again in 1 minute...
⏸️  Scans are paused by user. Checking again in 1 minute...
⏸️  Scans are paused by user. Checking again in 1 minute...
⏸️  Scans are paused by user. Checking again in 1 minute...
⏸️  Scans are paused by user. Checking again in 1 minute...
⏸️  Scans are paused by user. Checking again in 1 minute...
⏸️  Scans are paused by user. Checking again in 1 minute...
⏸️  Scans are paused by user. Checking again in 1 minute...
⏸️  Scans are paused by user. Checking again in 1 minute...
⏸️  Scans are paused by user. Checking again in 1 minute...
⏸️  Scans are paused by user. Checking again in 1 minute...
⏸️  Scans are paused by user. Checking again in 1 minute...
⏸️  Scans are paused by user. Checking again in 1 minute...
⏸️  Scans are paused by user. Checking again in 1 minute...
⏸️  Scans are paused by user. Checking again in 1 minute...
⏸️  Scans are paused by user. Checking again in 1 minute...
⏸️  Scans are paused by user. Checking again in 1 minute...
⏸️  Scans are paused by user. Checking again in 1 minute...
⏸️  Scans are paused by user. Checking again in 1 minute...
⏸️  Scans are paused by user. Checking again in 1 minute...
⏸️  Scans are paused by user. Checking again in 1 minute...
⏸️  Scans are paused by user. Checking again in 1 minute...
⏸️  Scans are paused by user. Checking again in 1 minute...
⏸️  Scans are paused by user. Checking again in 1 minute...
⏸️  Scans are paused by user. Checking again in 1 minute...
⏸️  Scans are paused by user. Checking again in 1 minute...
⏸️  Scans are paused by user. Checking again in 1 minute...
⏸️  Scans are paused by user. Checking again in 1 minute...
⏸️  Scans are paused by user. Checking again in 1 minute...
⏸️  Scans are paused by user. Checking again in 1 minute...
⏸️  Scans are paused by user. Checking again in 1 minute...
⏸️  Scans are paused by user. Checking again in 1 minute...
⏸️  Scans are paused by user. Checking again in 1 minute...
⏸️  Scans are paused by user. Checking again in 1 minute...
⏸️  Scans are paused by user. Checking again in 1 minute...
⏸️  Scans are paused by user. Checking again in 1 minute...
⏸️  Scans are paused by user. Checking again in 1 minute...
⏸️  Scans are paused by user. Checking again in 1 minute...
⏸️  Scans are paused by user. Checking again in 1 minute...
⏸️  Scans are paused by user. Checking again in 1 minute...
⏸️  Scans are paused by user. Checking again in 1 minute...
⏸️  Scans are paused by user. Checking again in 1 minute...
⏸️  Scans are paused by user. Checking again in 1 minute...
⏸️  Scans are paused by user. Checking again in 1 minute...
⏸️  Scans are paused by user. Checking again in 1 minute...
⏸️  Scans are paused by user. Checking again in 1 minute...
⏸️  Scans are paused by user. Checking again in 1 minute...
⏸️  Scans are paused by user. Checking again in 1 minute...
⏸️  Scans are paused by user. Checking again in 1 minute...
⏸️  Scans are paused by user. Checking again in 1 minute...
⏸️  Scans are paused by user. Checking again in 1 minute...
⏸️  Scans are paused by user. Checking again in 1 minute...
⏸️  Scans are paused by user. Checking again in 1 minute...
⏸️  Scans are paused by user. Checking again in 1 minute...
⏸️  Scans are paused by user. Checking again in 1 minute...
⏸️  Scans are paused by user. Checking again in 1 minute...
⏸️  Scans are paused by user. Checking again in 1 minute...
⏸️  Scans are paused by user. Checking again in 1 minute...
⏸️  Scans are paused by user. Checking again in 1 minute...
⏸️  Scans are paused by user. Checking again in 1 minute...
⏸️  Scans are paused by user. Checking again in 1 minute...
⏸️  Scans are paused by user. Checking again in 1 minute...
⏸️  Scans are paused by user. Checking again in 1 minute...
⏸️  Scans are paused by user. Checking again in 1 minute...
⏸️  Scans are paused by user. Checking again in 1 minute...
⏸️  Scans are paused by user. Checking again in 1 minute...
⏸️  Scans are paused by user. Checking again in 1 minute...
⏸️  Scans are paused by user. Checking again in 1 minute...
⏸️  Scans are paused by user. Checking again in 1 minute...
⏸️  Scans are paused by user. Checking again in 1 minute...
⏸️  Scans are paused by user. Checking again in 1 minute...
⏸️  Scans are paused by user. Checking again in 1 minute...
⏸️  Scans are paused by user. Checking again in 1 minute...
⏸️  Scans are paused by user. Checking again in 1 minute...
⏸️  Scans are paused by user. Checking again in 1 minute...
⏸️  Scans are paused by user. Checking again in 1 minute...
⏸️  Scans are paused by user. Checking again in 1 minute...
⏸️  Scans are paused by user. Checking again in 1 minute...
⏸️  Scans are paused by user. Checking again in 1 minute...
⏸️  Scans are paused by user. Checking again in 1 minute...
⏸️  Scans are paused by user. Checking again in 1 minute...
⏸️  Scans are paused by user. Checking again in 1 minute...
⏸️  Scans are paused by user. Checking again in 1 minute...
⏸️  Scans are paused by user. Checking again in 1 minute...
⏸️  Scans are paused by user. Checking again in 1 minute...
⏸️  Scans are paused by user. Checking again in 1 minute...
⏸️  Scans are paused by user. Checking again in 1 minute...
⏸️  Scans are paused by user. Checking again in 1 minute...
⏸️  Scans are paused by user. Checking again in 1 minute...
⏸️  Scans are paused by user. Checking again in 1 minute...
⏸️  Scans are paused by user. Checking again in 1 minute...
⏸️  Scans are paused by user. Checking again in 1 minute...
⏸️  Scans are paused by user. Checking again in 1 minute...
⏸️  Scans are paused by user. Checking again in 1 minute...
⏸️  Scans are paused by user. Checking again in 1 minute...
⏸️  Scans are paused by user. Checking again in 1 minute...
⏸️  Scans are paused by user. Checking again in 1 minute...
⏸️  Scans are paused by user. Checking again in 1 minute...
⏸️  Scans are paused by user. Checking again in 1 minute...
⏸️  Scans are paused by user. Checking again in 1 minute...
⏸️  Scans are paused by user. Checking again in 1 minute...
⏸️  Scans are paused by user. Checking again in 1 minute...
⏸️  Scans are paused by user. Checking again in 1 minute...
⏸️  Scans are paused by user. Checking again in 1 minute...
⏸️  Scans are paused by user. Checking again in 1 minute...
⏸️  Scans are paused by user. Checking again in 1 minute...
⏸️  Scans are paused by user. Checking again in 1 minute...
⏸️  Scans are paused by user. Checking again in 1 minute...
⏸️  Scans are paused by user. Checking again in 1 minute...
⏸️  Scans are paused by user. Checking again in 1 minute...
⏸️  Scans are paused by user. Checking again in 1 minute...
⏸️  Scans are paused by user. Checking again in 1 minute...
⏸️  Scans are paused by user. Checking again in 1 minute...
⏸️  Scans are paused by user. Checking again in 1 minute...
⏸️  Scans are paused by user. Checking again in 1 minute...
⏸️  Scans are paused by user. Checking again in 1 minute...
⏸️  Scans are paused by user. Checking again in 1 minute...
⏸️  Scans are paused by user. Checking again in 1 minute...
⏸️  Scans are paused by user. Checking again in 1 minute...
⏸️  Scans are paused by user. Checking again in 1 minute...
⏸️  Scans are paused by user. Checking again in 1 minute...
⏸️  Scans are paused by user. Checking again in 1 minute...
⏸️  Scans are paused by user. Checking again in 1 minute...
⏸️  Scans are paused by user. Checking again in 1 minute...
⏸️  Scans are paused by user. Checking again in 1 minute...
⏸️  Scans are paused by user. Checking again in 1 minute...
⏸️  Scans are paused by user. Checking again in 1 minute...
⏸️  Scans are paused by user. Checking again in 1 minute...
⏸️  Scans are paused by user. Checking again in 1 minute...
⏸️  Scans are paused by user. Checking again in 1 minute...
⏸️  Scans are paused by user. Checking again in 1 minute...
⏸️  Scans are paused by user. Checking again in 1 minute...
⏸️  Scans are paused by user. Checking again in 1 minute...
⏸️  Scans are paused by user. Checking again in 1 minute...
⏸️  Scans are paused by user. Checking again in 1 minute...
⏸️  Scans are paused by user. Checking again in 1 minute...
⏸️  Scans are paused by user. Checking again in 1 minute...
⏸️  Scans are paused by user. Checking again in 1 minute...
⏸️  Scans are paused by user. Checking again in 1 minute...
⏸️  Scans are paused by user. Checking again in 1 minute...
⏸️  Scans are paused by user. Checking again in 1 minute...
⏸️  Scans are paused by user. Checking again in 1 minute...
⏸️  Scans are paused by user. Checking again in 1 minute...
⏸️  Scans are paused by user. Checking again in 1 minute...
⏸️  Scans are paused by user. Checking again in 1 minute...
⏸️  Scans are paused by user. Checking again in 1 minute...
⏸️  Scans are paused by user. Checking again in 1 minute...
⏸️  Scans are paused by user. Checking again in 1 minute...
⏸️  Scans are paused by user. Checking again in 1 minute...
⏸️  Scans are paused by user. Checking again in 1 minute...
⏸️  Scans are paused by user. Checking again in 1 minute...
⏸️  Scans are paused by user. Checking again in 1 minute...
⏸️  Scans are paused by user. Checking again in 1 minute...
⏸️  Scans are paused by user. Checking again in 1 minute...
⏸️  Scans are paused by user. Checking again in 1 minute...
⏸️  Scans are paused by user. Checking again in 1 minute...
⏸️  Scans are paused by user. Checking again in 1 minute...
⏸️  Scans are paused by user. Checking again in 1 minute...
⏸️  Scans are paused by user. Checking again in 1 minute...
⏸️  Scans are paused by user. Checking again in 1 minute...
⏸️  Scans are paused by user. Checking again in 1 minute...
⏸️  Scans are paused by user. Checking again in 1 minute...
⏸️  Scans are paused by user. Checking again in 1 minute...
⏸️  Scans are paused by user. Checking again in 1 minute...
⏸️  Scans are paused by user. Checking again in 1 minute...
⏸️  Scans are paused by user. Checking again in 1 minute...
⏸️  Scans are paused by user. Checking again in 1 minute...
⏸️  Scans are paused by user. Checking again in 1 minute...
⏸️  Scans are paused by user. Checking again in 1 minute...
⏸️  Scans are paused by user. Checking again in 1 minute...
⏸️  Scans are paused by user. Checking again in 1 minute...
⏸️  Scans are paused by user. Checking again in 1 minute...
⏸️  Scans are paused by user. Checking again in 1 minute...
⏸️  Scans are paused by user. Checking again in 1 minute...
⏸️  Scans are paused by user. Checking again in 1 minute...
⏸️  Scans are paused by user. Checking again in 1 minute...
⏸️  Scans are paused by user. Checking again in 1 minute...
⏸️  Scans are paused by user. Checking again in 1 minute...
⏸️  Scans are paused by user. Checking again in 1 minute...
⏸️  Scans are paused by user. Checking again in 1 minute...
⏸️  Scans are paused by user. Checking again in 1 minute...
⏸️  Scans are paused by user. Checking again in 1 minute...
⏸️  Scans are paused by user. Checking again in 1 minute...
⏸️  Scans are paused by user. Checking again in 1 minute...
⏸️  Scans are paused by user. Checking again in 1 minute...
⏸️  Scans are paused by user. Checking again in 1 minute...
⏸️  Scans are paused by user. Checking again in 1 minute...
⏸️  Scans are paused by user. Checking again in 1 minute...
⏸️  Scans are paused by user. Checking again in 1 minute...
⏸️  Scans are paused by user. Checking again in 1 minute...
⏸️  Scans are paused by user. Checking again in 1 minute...
⏸️  Scans are paused by user. Checking again in 1 minute...
⏸️  Scans are paused by user. Checking again in 1 minute...
⏸️  Scans are paused by user. Checking again in 1 minute...
⏸️  Scans are paused by user. Checking again in 1 minute...
⏸️  Scans are paused by user. Checking again in 1 minute...
⏸️  Scans are paused by user. Checking again in 1 minute...
⏸️  Scans are paused by user. Checking again in 1 minute...
⏸️  Scans are paused by user. Checking again in 1 minute...
⏸️  Scans are paused by user. Checking again in 1 minute...
⏸️  Scans are paused by user. Checking again in 1 minute...
⏸️  Scans are paused by user. Checking again in 1 minute...
⏸️  Scans are paused by user. Checking again in 1 minute...
⏸️  Scans are paused by user. Checking again in 1 minute...
⏸️  Scans are paused by user. Checking again in 1 minute...
⏸️  Scans are paused by user. Checking again in 1 minute...
⏸️  Scans are paused by user. Checking again in 1 minute...
⏸️  Scans are paused by user. Checking again in 1 minute...
⏸️  Scans are paused by user. Checking again in 1 minute...
⏸️  Scans are paused by user. Checking again in 1 minute...
⏸️  Scans are paused by user. Checking again in 1 minute...
⏸️  Scans are paused by user. Checking again in 1 minute...
⏸️  Scans are paused by user. Checking again in 1 minute...
⏸️  Scans are paused by user. Checking again in 1 minute...
⏸️  Scans are paused by user. Checking again in 1 minute...
⏸️  Scans are paused by user. Checking again in 1 minute...
⏸️  Scans are paused by user. Checking again in 1 minute...
⏸️  Scans are paused by user. Checking again in 1 minute...
⏸️  Scans are paused by user. Checking again in 1 minute...
⏸️  Scans are paused by user. Checking again in 1 minute...
⏸️  Scans are paused by user. Checking again in 1 minute...
⏸️  Scans are paused by user. Checking again in 1 minute...
⏸️  Scans are paused by user. Checking again in 1 minute...
⏸️  Scans are paused by user. Checking again in 1 minute...
⏸️  Scans are paused by user. Checking again in 1 minute...
⏸️  Scans are paused by user. Checking again in 1 minute...
⏸️  Scans are paused by user. Checking again in 1 minute...
⏸️  Scans are paused by user. Checking again in 1 minute...
⏸️  Scans are paused by user. Checking again in 1 minute...
⏸️  Scans are paused by user. Checking again in 1 minute...
⏸️  Scans are paused by user. Checking again in 1 minute...
⏸️  Scans are paused by user. Checking again in 1 minute...
⏸️  Scans are paused by user. Checking again in 1 minute...
⏸️  Scans are paused by user. Checking again in 1 minute...
⏸️  Scans are paused by user. Checking again in 1 minute...
⏸️  Scans are paused by user. Checking again in 1 minute...
⏸️  Scans are paused by user. Checking again in 1 minute...
⏸️  Scans are paused by user. Checking again in 1 minute...
⏸️  Scans are paused by user. Checking again in 1 minute...
⏸️  Scans are paused by user. Checking again in 1 minute...
⏸️  Scans are paused by user. Checking again in 1 minute...
⏸️  Scans are paused by user. Checking again in 1 minute...
⏸️  Scans are paused by user. Checking again in 1 minute...
⏸️  Scans are paused by user. Checking again in 1 minute...
⏸️  Scans are paused by user. Checking again in 1 minute...
⏸️  Scans are paused by user. Checking again in 1 minute...
⏸️  Scans are paused by user. Checking again in 1 minute...
⏸️  Scans are paused by user. Checking again in 1 minute...
⏸️  Scans are paused by user. Checking again in 1 minute...
⏸️  Scans are paused by user. Checking again in 1 minute...
⏸️  Scans are paused by user. Checking again in 1 minute...
⏸️  Scans are paused by user. Checking again in 1 minute...
⏸️  Scans are paused by user. Checking again in 1 minute...
⏸️  Scans are paused by user. Checking again in 1 minute...
⏸️  Scans are paused by user. Checking again in 1 minute...
⏸️  Scans are paused by user. Checking again in 1 minute...
⏸️  Scans are paused by user. Checking again in 1 minute...
⏸️  Scans are paused by user. Checking again in 1 minute...
⏸️  Scans are paused by user. Checking again in 1 minute...
⏸️  Scans are paused by user. Checking again in 1 minute...
⏸️  Scans are paused by user. Checking again in 1 minute...
⏸️  Scans are paused by user. Checking again in 1 minute...
⏸️  Scans are paused by user. Checking again in 1 minute...
⏸️  Scans are paused by user. Checking again in 1 minute...
⏸️  Scans are paused by user. Checking again in 1 minute...
⏸️  Scans are paused by user. Checking again in 1 minute...
⏸️  Scans are paused by user. Checking again in 1 minute...
⏸️  Scans are paused by user. Checking again in 1 minute...
⏸️  Scans are paused by user. Checking again in 1 minute...
⏸️  Scans are paused by user. Checking again in 1 minute...
⏸️  Scans are paused by user. Checking again in 1 minute...
⏸️  Scans are paused by user. Checking again in 1 minute...
⏸️  Scans are paused by user. Checking again in 1 minute...
⏸️  Scans are paused by user. Checking again in 1 minute...
⏸️  Scans are paused by user. Checking again in 1 minute...
⏸️  Scans are paused by user. Checking again in 1 minute...
⏸️  Scans are paused by user. Checking again in 1 minute...
⏸️  Scans are paused by user. Checking again in 1 minute...
⏸️  Scans are paused by user. Checking again in 1 minute...
⏸️  Scans are paused by user. Checking again in 1 minute...
⏸️  Scans are paused by user. Checking again in 1 minute...
⏸️  Scans are paused by user. Checking again in 1 minute...
⏸️  Scans are paused by user. Checking again in 1 minute...
⏸️  Scans are paused by user. Checking again in 1 minute...
⏸️  Scans are paused by user. Checking again in 1 minute...
⏸️  Scans are paused by user. Checking again in 1 minute...
⏸️  Scans are paused by user. Checking again in 1 minute...
⏸️  Scans are paused by user. Checking again in 1 minute...
⏸️  Scans are paused by user. Checking again in 1 minute...
⏸️  Scans are paused by user. Checking again in 1 minute...
⏸️  Scans are paused by user. Checking again in 1 minute...
⏸️  Scans are paused by user. Checking again in 1 minute...
⏸️  Scans are paused by user. Checking again in 1 minute...
⏸️  Scans are paused by user. Checking again in 1 minute...
⏸️  Scans are paused by user. Checking again in 1 minute...
⏸️  Scans are paused by user. Checking again in 1 minute...
⏸️  Scans are paused by user. Checking again in 1 minute...
⏸️  Scans are paused by user. Checking again in 1 minute...
⏸️  Scans are paused by user. Checking again in 1 minute...
⏸️  Scans are paused by user. Checking again in 1 minute...
⏸️  Scans are paused by user. Checking again in 1 minute...
⏸️  Scans are paused by user. Checking again in 1 minute...
⏸️  Scans are paused by user. Checking again in 1 minute...
⏸️  Scans are paused by user. Checking again in 1 minute...
⏸️  Scans are paused by user. Checking again in 1 minute...
⏸️  Scans are paused by user. Checking again in 1 minute...
⏸️  Scans are paused by user. Checking again in 1 minute...
⏸️  Scans are paused by user. Checking again in 1 minute...
⏸️  Scans are paused by user. Checking again in 1 minute...
⏸️  Scans are paused by user. Checking again in 1 minute...
⏸️  Scans are paused by user. Checking again in 1 minute...
⏸️  Scans are paused by user. Checking again in 1 minute...
⏸️  Scans are paused by user. Checking again in 1 minute...
⏸️  Scans are paused by user. Checking again in 1 minute...
⏸️  Scans are paused by user. Checking again in 1 minute...
⏸️  Scans are paused by user. Checking again in 1 minute...
⏸️  Scans are paused by user. Checking again in 1 minute...
⏸️  Scans are paused by user. Checking again in 1 minute...
⏸️  Scans are paused by user. Checking again in 1 minute...
⏸️  Scans are paused by user. Checking again in 1 minute...
⏸️  Scans are paused by user. Checking again in 1 minute...
⏸️  Scans are paused by user. Checking again in 1 minute...
⏸️  Scans are paused by user. Checking again in 1 minute...
⏸️  Scans are paused by user. Checking again in 1 minute...
⏸️  Scans are paused by user. Checking again in 1 minute...
⏸️  Scans are paused by user. Checking again in 1 minute...
⏸️  Scans are paused by user. Checking again in 1 minute...
⏸️  Scans are paused by user. Checking again in 1 minute...
⏸️  Scans are paused by user. Checking again in 1 minute...
⏸️  Scans are paused by user. Checking again in 1 minute...
⏸️  Scans are paused by user. Checking again in 1 minute...
⏸️  Scans are paused by user. Checking again in 1 minute...
⏸️  Scans are paused by user. Checking again in 1 minute...
⏸️  Scans are paused by user. Checking again in 1 minute...
⏸️  Scans are paused by user. Checking again in 1 minute...
⏸️  Scans are paused by user. Checking again in 1 minute...
⏸️  Scans are paused by user. Checking again in 1 minute...
⏸️  Scans are paused by user. Checking again in 1 minute...
⏸️  Scans are paused by user. Checking again in 1 minute...
⏸️  Scans are paused by user. Checking again in 1 minute...
⏸️  Scans are paused by user. Checking again in 1 minute...
⏸️  Scans are paused by user. Checking again in 1 minute...
⏸️  Scans are paused by user. Checking again in 1 minute...
⏸️  Scans are paused by user. Checking again in 1 minute...
⏸️  Scans are paused by user. Checking again in 1 minute...
⏸️  Scans are paused by user. Checking again in 1 minute...
